key	en	official_zh	revised_zh
charter.oath.text	Your skills have reached the far edge of the quarter of {quarter}, and the Guild lays an oath upon the counter for your hand: {oath}. {grants} {costs} One skill point pays for it, and the Guild allows one oath at a time. The surveyor keeping your charter will swear this one upon your behalf, as it takes your skills upon your behalf, unless you refuse it here.	你的技能已抵达{quarter}分区外缘，公会在柜台摆上一项誓言，等你落笔：{oath}。{grants}{costs}花费1技能点数，且同时只许一项誓言。代你管理宪章的勘测员会像代你取得技能一样，代你立下此誓；若不愿，须在这里拒绝。	你的技能已抵达{quarter}分区外缘，公会在柜台摆上一项誓言，等你落笔：{oath}。{grants}{costs}此誓须付1点技能点，公会同一时间只许立一项誓言。代你管理宪章的勘测员会像代你取得技能一样，代你立下此誓；若不愿，须在这里拒绝。
combat.techniqueSlip.again	{name}: {stats} No further cost.	{name}：{stats}无后续消耗。	{name}：{stats}不再额外消耗。
credits.farewell	May fortune attend the descent.	愿好运伴你深入地下。	愿好运伴你下行。
crit.presentation.rounds.world	The opening holds for {rounds} rounds.	破绽持续{rounds}轮。	开局之势持续{rounds}轮。
data.additional.assigned.a.coral.brooch.from.the.outer.reef.a.silver.pin.binds.a.branch	A silver pin binds a branch of red coral to an old captain's clasp. The clasp bears the port mark of a vessel entered as missing.	一枚银针把红珊瑚枝固定在旧船长的扣饰上。扣饰带着一艘登记失踪船只的港口标记。	一枚银针把红珊瑚枝固定在旧船长的扣饰上。扣饰上的港籍标记属于一艘已登记为失踪的船。
data.additional.assigned.arrival.a.grave.rook.settles.upon.the.village	{tag1}A grave-rook settles upon the village gate.{tag2} The sexton places its silver jess in your hand, in payment for your service to the Vale. The Guild enters the bird upon your Roll of Pets.	{tag1}一只墓地秃鼻乌鸦落在村门上。{tag2}守墓人将它的银脚绊放到你手中，酬谢你为山谷所做的事。公会把这只鸟记入你的宠物名录。	{tag1}一只墓地秃鼻乌鸦落在村门上。{tag2}守墓人将它的银脚绊放到你手中，酬谢你为谷地所做的事。公会把这只鸟记入你的宠物名册。
data.additional.assigned.blurb.a.guild.expedition.fails.to.return	A Guild expedition fails to return from the western islands. You follow its signal fires through an archipelago held by Admiral Marek Vane. Pilots wait in occupied lighthouses, charts lie aboard wrecks, and the survivors shelter beyond a channel that their ships cannot cross. Every harbour you liberate and every passage you survey opens another undertaking. You may name one objective for the Guild to pursue, or leave the whole rescue in its hands.	一支公会远征队前往西方岛屿，未能归来。你循着他们的信号火，穿过马雷克·韦恩海军上将占据的群岛。领航员困在被占灯塔中，海图留在沉船上，幸存者躲在船只无法通过的航道之外。每解放一座港口、勘测一条航道，便会打开新的行动。你可以指定一个目标让公会追寻，也可以将整个救援交托给公会。	一支公会远征队前往西方岛屿，未能归来。你循着他们的信号火，穿过马雷克·韦恩提督占据的群岛。领航员困在被占灯塔中，海图留在沉船上，幸存者躲在船只无法通过的航道之外。每解放一座港口、勘测一条航道，便会打开新的行动。你可以指定一个目标让公会追寻，也可以将整个救援交托给公会。
data.additional.assigned.premise.follow.a.lost.guild.expedition.through	Follow a lost Guild expedition through an occupied archipelago and bring its convoy home.	追踪失踪公会远征队，穿过被占群岛，将其船队带回家。	追寻一支失踪的公会远征队，穿过被占领的群岛，护送其船队归航。
data.additional.catalog.rider.1d4.a.round.while.the.wound	1d4 a round while the wound stays open, and it will not knit.	伤口每回合造成1d4伤害，且无法愈合。	伤口未闭时，每回合造成1d4伤害，且伤口不会愈合。
data.additional.catalog.rider.3d6.more.where.the.point.finds	3d6 more where the point finds the gap, upon every blow that lands.	每次剑尖命中空隙，额外造成3d6伤害。	每次命中，剑尖寻隙而入，额外造成3d6伤害。
data.additional.glossary.wname.keeper	Keeper	暴击范围	暴击门槛
data.authored.mimic	MIMIC	拟态怪	拟形怪
data.authored.mimic.known	MIMIC, KNOWN	已识破拟态怪	拟形怪（已识破）
data.authored.the.chest.which.is.not.a.chest	the chest, which is not a chest	那只伪装成宝箱的怪物	那只不是宝箱的宝箱
data.bestiary.data.guild.notes.animated.armour.its.orders.are.its.whole.mind	Its orders are its whole mind, and the orders name a post. Draw it three paces off the post and its footwork stays behind; gather every rivet, for the rivets are the proof.	它全部心思都在命令里，而命令指定了一个岗位。引开三步，它的步法就会乱。每颗铆钉都要收起，那是击败它的凭据。	它全部心思都在命令里，而命令指定了一个岗位。把它引离岗位三步，它的步法便留在了原处。每颗铆钉都要收起，那是击败它的凭据。
data.bestiary.data.guild.notes.blank.scrivener.never.let.its.cold.hand.settle	Never let its cold hand settle, for a hand laid on is a record lifted: keep it at the pole's length and take it before it closes. Members carry a fair copy of their own papers sealed against the skin, that what it lifts may be entered again above. The blank margin is bought by the shred, dry.	别让冷手贴稳，一贴稳就会剥下记录。用长杆隔开，在近身前攻击。会员须贴身封存一份证件誊清本，以便回到上方重新登记被剥去的内容。空白页边按片收干货。	别让冷手贴稳，一贴稳就会剥下记录。用长杆隔开，在近身前攻击。会员须贴身封存一份证件誊清本，以便回到上方重新登记被剥去的内容。空白页边按片收购，须干燥。
data.bestiary.data.guild.notes.blankling.it.presses.close.to.take.the	It presses close to take the marks off you, so never let it set a hand: keep it at the pole's length and take it before it closes. Members report a working of the rites, spoken to name yourself aloud, keeps your own record while it strips at it. The smooth face is boxed and never handled bare.	它会贴近抹去你的印记，别让手碰上。用长杆隔开，在近身前攻击。会员报告，用仪式能力大声报出自己的姓名，能在它剥除时守住自己的记录。光滑的脸须装盒，禁止徒手触摸。	它会贴近抹去你的印记，别让手碰上。用长杆隔开，在近身前攻击。会员报告，用仪式术法大声报出自己的姓名，能在它剥除时守住自己的记录。光滑的脸须装盒，禁止徒手触摸。
data.bestiary.data.guild.notes.cast.off.apprentice.watch.the.left.hand.it.closes	Watch the left hand: it closes a heartbeat before every working lands, the master's own habit, poured true. Move upon the closing, and the working spends itself where you stood.	盯住左手，每次法术落下前一瞬它都会握拳，连主人的习惯也复制得分毫不差。握拳时移动，法术便落在你刚站的位置。	盯住左手，每次术法落下前一瞬它都会握拳，连主人的习惯也复制得分毫不差。握拳时移动，术法便落在你刚站的位置。
data.bestiary.data.guild.notes.chuul.it.takes.the.armoured.arm.first	It takes the armoured arm first, reckoning it the threat, so offer the shield-side and pay it in wood. The pincer opens at the joint to a pry-bar, and nothing else the Guild has shipped.	它认定披甲的手臂最危险，会先抓那里。将持盾一侧送过去，让它夹木头。只有撬棍能从关节处撑开螯钳，公会发过的其他工具都不行。	它认定披甲的手臂最危险，会先抓那里。将持盾一侧送上去，拿木头付账。只有撬棍能从关节处撑开螯钳，公会发过的其他工具都不行。
data.bestiary.data.guild.notes.debt.thrall.it.fights.to.bind.another.in	It fights to bind another in its place, so give it no purchase: keep the sprung shackle at pole's length and take the shoulder that drove the door. Break the term it drags and the thrall is a tired debtor again. Members are reminded the debtor was once somebody's line upon the Roll.	它要把别人绑到原位，别让它抓牢。用长杆将崩开的镣铐隔远，攻击当年撞门的肩膀。打断它拖着的刑期，奴仆就会重新变成疲惫的债徒。提醒会员，这债徒曾是荣誉名册上一个人的名字。	它要把别人绑到原位，别让它抓牢。用长杆将崩开的镣铐隔远，攻击当年撞门的肩膀。打断它拖着的债务条款，奴仆就会重新变成疲惫的债徒。谨提醒会员：这名债徒也曾是名册上某人的一行。
data.bestiary.data.guild.notes.kennel.thrall.shut.the.runs.behind.you.as	Shut the runs behind you as you come up, for the pack comes in when he is pressed. The bitten glove is bought as kennel work and carries the round of the runs stitched into its cuff.	上行时逐个关好身后的犬栏，养犬人受压迫时猎群就会涌来。被咬破的手套按犬舍制品收购，袖口上缝着犬栏的巡回路线。	上行时随手关好身后的犬栏，他一旦被逼急，犬群便会涌进来。被咬破的手套按犬舍活计收购，袖口里缝着各犬栏的巡查路线。
data.bestiary.data.guild.notes.last.debtor.it.fights.to.keep.the.last	It fights to keep the last count uncalled, so call it: press it toward the thing beneath, and it must stand between you and the count rather than come on. It is vast and slow, so keep the middle distance and spend the gaps. The final token is drawn from the fallen debt and entered under seal, the last such the Roll will take.	它要阻止最后的点数被喊出，那就喊出来。将它逼向地下之物，它就必须挡在你与计数之间，而不能继续进攻。它庞大迟缓，要保持中距离，利用空隙。最后的信物从倒下的债务身上取出，封好登记；这是荣誉名册接收的最后一件。	它要阻止最后一次计数被喊出，那就喊出来。将它逼向地下之物，它就必须挡在你与计数之间，而不能继续进攻。它庞大迟缓，要保持中距离，利用空隙。最后的信物从倒下的债务身上取出，封好登记；这是名册接收的最后一件。
data.bestiary.data.guild.notes.night.hag.she.comes.in.the.quiet.after	She comes in the quiet after a rest to press the count, so bind your wounds and break camp before she can seat herself. Keep the Old Things Off, held ready, keeps her reckoning from leaning on your sleep. The tooth is drawn cold and entered under bond, against the debt she claimed.	她会趁休息后的安静来催账，要在她坐下前包好伤口，收营离开。备好「驱逐古老亡者」，让她的账目压不到你的睡梦里。牙齿趁冷取下，按担保登记，抵她索要的债。	她会趁休息后的安静前来压数催计，要在她坐下前包好伤口，收营离开。备好「驱逐古老亡者」，让她的账目压不到你的睡梦里。牙齿趁冷取下，按担保登记，抵她索要的债。
data.bestiary.data.guild.notes.quasit.it.leaves.the.world.to.close	It leaves the world to close, so strike the air where it went rather than the ground where it stood. The wisp of sulphur is stoppered at once or it is gone before the counter.	它离开眼前世界来贴近。攻击它消失处的空气，别打它原来站过的地面。硫黄必须立即塞瓶封好，否则未到柜台便已散尽。	它会遁出世间以便欺近，因此攻击它消失处的空气，别打它原来站过的地面。硫黄必须立即塞瓶封好，否则未到柜台便已散尽。
data.bestiary.data.guild.notes.seal.keeper.it.fights.to.keep.the.seventh	It fights to keep the seventh seal from the striking, so make for the seventh: threaten the whole seal and it must stand before it rather than before you. The signet-die is heavy and slow, so take it on the turn. The die is drawn cold and entered under seal, the impression not to be taken.	它要守住第七道完整封印，就朝第七道去。威胁那道封印，它便必须挡在封印前，而非你面前。印模沉重迟缓，转身时可攻。趁冷取下，封好登记，禁止拓取印记。	它拼死不让第七道封印遭受击打，那就直奔第七道。威胁那道完好的封印，它便必须挡在封印前，而非你面前。印模沉重迟缓，转身时可攻。趁冷取下，封好登记，禁止拓取印记。
data.bestiary.data.guild.notes.spectre.iron.and.courtesy.both.pass.through	Iron and courtesy both pass through it, and the old rites alone give it pause. Members without a working of the rites keep a wall at their back and their business brief.	钢铁与礼让都穿过它，只有古老仪式能让它停顿。未掌握仪式能力的会员，应背靠墙壁，尽快办完差事。	钢铁与礼让都穿过它，只有古老仪式能让它停顿。未掌握仪式术法的会员，应背靠墙壁，尽快办完差事。
data.bestiary.data.guild.notes.stone.mourner.leave.an.offering.in.its.cupped	Leave an offering in its cupped hands, a numbered tag or a coin, and it kneels again to its post while you pass, for the fight is with the withholding and never the mourner. Where the offering is spent, the stone hands fall as a block falls, so take the first fall on a pillar. The hands are bought as dressed stone.	在合拢的手里放一份供品，一块编号身份牌或一枚钱币即可。它便跪回原位，让你通过；它为供品迟缺而战，并不攻击献祭者。供品用尽后，石手会如巨石坠下，第一次要借柱挡住。双手按切整石材收购。	在合拢的手里放一份供品，一块编号身份牌或一枚钱币即可。它便跪回原位，让你通过；要对付的是供奉的短缺，从来不是悼念者本身。供品用尽后，石手会如巨石坠下，第一次要借柱挡住。双手按切整石材收购。
data.bestiary.data.guild.notes.troll.fire.or.the.work.is.rented	Fire, or the work is rented. A troll entered in the ledger without a burning is entered as pending, and the Guild sends an auditor after the word.	必须焚烧，才算彻底完成差事。未烧过的巨魔只能在账册上登记为待结，公会接到报告后会派核查员去。	要么用火，要么这份差事只是租来的。未经焚烧便登入账册的巨魔一律记作待结，公会接报后会派核查员随后前往。
data.bestiary.data.guild.notes.unbound.working.it.keeps.its.circuit.to.the	It keeps its circuit to the minute, and the survey has the timetable. Stand aside for its passing and take it at the turn, where the old dismissal was cut to catch it.	它巡行的时间精确到分，勘测队存有时刻表。经过时让开，在转弯处攻击，旧时解除法术的位置就刻在那里。	它巡行准到分钟，勘测队存有时刻表。它经过时让开，在转弯处攻击，那里刻有旧时为截住它而设的驱散术法。
data.bestiary.data.guild.notes.vampire.spawn.in.the.open.dark.it.is	In the open dark it is swift past all parrying, so make it come to the lamp, and the lamp evens the account. Tell-Tale Glow marks the fang worth the taking.	在空旷黑暗中，它快得无法格挡。引到灯旁，便能拉平差距。「显宝微光」会标出值得取走的尖牙。	在空旷黑暗中，它快得无法格挡。引它到灯旁来，灯光自会把账扯平。「显宝微光」会标出值得取走的尖牙。
data.bestiary.data.guild.notes.wall.warden.he.challenges.by.the.old.form	He challenges by the old form, and the old form is written on the gatehouse board; give it back word for word and he shoulders his arm. The frozen halberd is bought as it stands and never thawed.	他按旧式口令盘问，原文写在门楼布告上。逐字答回，他就会扛起武器。冻戟须按原样送来收购，绝不可解冻。	他按旧式口令盘问，口令原文写在门楼告示板上。逐字答回，他便收戟上肩。冻戟按原样收购，绝不解冻。
data.bestiary.data.monster.lore.basilisk.a.great.eight.legged.reptile.whose.gaze	A great eight-legged reptile whose gaze turns living flesh to stone. The statues in its lair were not carved.	这种巨大的八足爬行动物能用目光将活物化为石头。巢穴中的石像都是曾经的猎物。	这种巨大的八足爬行动物能用目光将活物化为石头。它巢穴中的石像，并非雕刻而成。
data.bestiary.data.monster.lore.bog.lantern.a.cold.thing.of.the.peat	A cold thing of the peat that carries its own pale light at a lantern's height and moves at a walking pace. It leads toward the deep cuttings and holds its place at the lip of them until whoever follows is committed to the ground.	泥炭中冰冷的东西，在提灯的高度举着自己的淡光，以步行速度移动。它将人引向深沟，守在沟沿，直到跟随者踩上无法退回的地面。	泥炭中冰冷的东西，在提灯的高度举着自己的淡光，以步行速度移动。它将人引向深沟，守在沟沿不动，直到跟随者陷进泥里，就此入土。
data.bestiary.data.monster.lore.bone.devil.a.gaoler.fiend.of.the.deep.prison	A gaoler-fiend of the deep prison, hook-limbed and patient, set to keep the debtors to their cells. It works the gallery on a warder's round, and its sting carries a venom that turns the wound cold and the count against you. It herds before it kills.	地下监狱的魔鬼狱卒，肢体弯钩般尖利，耐心看守债徒。它按狱卒的路线巡视长廊，尾刺的毒液会令伤口冰冷，使你的处境更坏。它先将猎物赶拢，再下手杀死。	地下监狱的魔鬼狱卒，肢体弯钩般尖利，耐心看守债徒。它按狱卒的路线巡视长廊，尾刺的毒液会令伤口冰冷，计数也随之对你不利。它先将猎物赶拢，再下手杀死。
data.bestiary.data.monster.lore.cast.off.apprentice.a.copy.of.the.master.poured	A copy of the master, poured and quickened and judged wanting, turned out into the halls to shift for itself. It remembers the workings and the grievance both.	主人的一具复制体，浇铸、赋生后被判为不合格，赶到厅堂中自谋生路。它记得法术，也记得这份怨恨。	主人的一具复制体，浇铸、赋生后被判为不合格，赶到厅堂中自谋生路。它记得那些术法，也记得这份怨恨。
data.bestiary.data.monster.lore.cockatrice.a.fowl.of.ill.temper.with	A fowl of ill temper with a serpent's tail, whose bite turns flesh to stone by degrees. The menagerie bred them for the yard, and the yard has been theirs for an age.	脾气暴躁的禽兽，拖着蛇尾，啄咬会让血肉逐步石化。兽苑原本饲养它们看守庭院，如今庭院已由它们占据了漫长岁月。	脾气暴躁的禽兽，拖着蛇尾，啄咬会让血肉逐步石化。兽苑原本饲养它们看守庭院，如今庭院早已是它们的天下。
data.bestiary.data.monster.lore.coin.shade.a.gold.lit.shade.risen.from.the	A gold-lit shade risen from the warm coin of the Bottom, thin as the glow of the thing breathing beneath. It keeps to the hoard it was struck for, and it pulls the heat out of a caller into the cold gold it wears, and sinks back into the coin when it has fed.	巨口之底的温热钱币中升起一抹金色阴影，薄如地下呼吸之物的微光。它守着铸出自己的宝藏，从访客身上抽走热量，传入披着的冷金；吃饱后便沉回钱币。	自巨口之底的温热钱币中升起的金色阴影，薄如下方呼吸之物的微光。它守着当初为之铸造的那批宝藏，从访客身上抽走热量，传入所披的冷金；吃饱后便沉回钱币。
data.bestiary.data.monster.lore.coin.wyrm.a.long.gold.scaled.serpent.that.swims	A long gold-scaled serpent that swims the warm coin of the Bottom as a snake swims sand, seen only when the deep air lies dead and still and close. It surfaces in the calm to bask in the glow of the thing breathing, its scales struck from the same coin it swims, and it sinks back into the hoard the moment the air stirs. Where it has passed, the coin lies warmer, and the glow shows the track of it a while.	长长的金鳞蛇，在底部温热的钱币中游动，如蛇穿沙。只有地下空气死寂、滞重而不流动时才会现身。它浮出，沐浴呼吸之物的光芒，鳞片也由身下同样的钱币压成；空气一动便钻回宝藏。它走过的钱币更暖，光中还会暂留一道踪迹。	长长的金鳞蛇，在巨口之底温热的钱币中游动，如蛇穿沙。只有地下空气死寂、滞重而不流动时才会现身。它浮出，沐浴呼吸之物的光芒，鳞片也由身下同样的钱币压成；空气一动便钻回宝藏。它走过的钱币更暖，光中还会暂留一道踪迹。
data.bestiary.data.monster.lore.drider.a.horror.wearing.a.drow.s.shoulders	A horror wearing a drow's shoulders upon a great spider's body, exiled below by its own kind. It weaves its grudges into the silk.	巨蛛躯体上长着卓尔的上半身，被同族放逐到这里。它怀着怨恨，在通道中结下蛛网。	巨蛛躯体上长着卓尔的上半身，被同族放逐到地下。它把怨恨织进蛛丝。
data.bestiary.data.monster.lore.duergar.overseer.a.grey.dwarf.of.the.deep	A grey dwarf of the deep roads, joyless and exact, that works gangs of the pressed and the purchased. It carries the pick as its badge of office, and its whistle orders the dark about it by rote.	地下道路中的灰矮人，严苛冷漠，驱使被强征或买来的劳工。它以镐为职权标志，吹响哨子，命令周围黑暗中的人按章劳作。	地下道路中的灰矮人，阴沉刻板，驱使被强征或买来的劳工。它以镐为职权标志，哨声一板一眼地号令着四周的黑暗。
data.bestiary.data.monster.lore.gallows.crow.a.crow.grown.large.and.bold	A crow grown large and bold upon the gibbets of the moor road, black to the beak and heavy in the air. It attends the living rather than the dead, and it calls its fellows down the moment a traveller stumbles.	荒原道绞架上的乌鸦长得硕大而大胆，连喙都乌黑，飞行沉重。它盯着活人，等旅人一绊倒就召唤同类飞来。	在荒原道绞架上养得硕大而胆壮的乌鸦，从羽到喙一身乌黑，飞起来沉甸甸的。它守候的是活人而非死人，旅人一绊倒，它便立刻唤同类飞下。
data.bestiary.data.monster.lore.gargoyle.a.predator.of.living.stone.patient	A predator of living stone, patient as the rock it mimics. It may perch motionless for years awaiting prey.	活石构成的捕食者，像它伪装的岩石一样耐心。它能一动不动地栖在高处，等上多年才遇到猎物。	活石构成的捕食者，像它伪装的岩石一样耐心。它可以一动不动地栖在高处，一等数年，静候猎物。
data.bestiary.data.monster.lore.ghost.the.remainder.of.one.who.died	The remainder of one who died attending the court and was never entered as departed. It keeps to the antechambers by the road it walked in life, passing through the shut doors of the offices, and its touch ages the living toward their own entry upon the Roll.	一位死在宫廷中、却从未登记离去的出席者留下的亡魂。它循着生前的路线徘徊于前厅，穿过各办事房关闭的门；它的触碰会使活人衰老，更早迎来名列荣誉名册的时刻。	一位死在宫廷中、却从未被登记为亡故的出席者留下的亡魂。它循着生前的路线徘徊于前厅，穿过各办事房关闭的门；它的触碰会使活人衰老，更早被录入名册。
data.bestiary.data.monster.lore.giant.rat.these.loathsome.rodents.grow.to.the	These loathsome rodents grow to the size of small dogs and infest the upper workings. They attack boldly when hungry, and they are always hungry.	这些可憎的啮齿兽能长到小狗那么大，遍布上层坑道。饥饿时它们会悍然进攻，而这里的巨鼠从未吃饱过。	这些可憎的啮齿兽能长到小狗那么大，遍布上层坑道。饥饿时它们会悍然进攻，而它们无时不饿。
data.bestiary.data.monster.lore.giant.spider.a.hunting.spider.grown.monstrous.in	A hunting spider grown monstrous in the dark. It spins its snares across the passages and waits with inhuman patience.	在黑暗中长成巨物的猎蛛。它横跨通道织下罗网，能耐心等待猎物许久。	在黑暗中长成巨物的猎蛛。它横跨通道织下罗网，以非人的耐心静候。
data.bestiary.data.monster.lore.goblin.shard.bearer.a.goblin.of.the.emptied.warren	A goblin of the emptied warren, gone below and changed by its cargo. It carries a sliver of the black stone strapped to its back with rope and reverence, and it defends the burden before its own life.	它来自已经空了的地精巢穴，下到这里后被运载的东西改变。它用绳索将一片黑石绑在背上，虔敬相待，保护黑石胜过保护自己的性命。	它来自已经空了的地精巢穴，下到深处后，被自己背负之物改变。它用绳索将一片黑石绑在背上，虔敬相待，保护黑石胜过保护自己的性命。
data.bestiary.data.monster.lore.grey.ooze.a.creeping.slime.that.passes.for	A creeping slime that passes for wet stone and eats through steel at its leisure. The pitted floors of the vaults are its ledger.	缓慢爬行的黏液，看起来像潮湿石头，能一点点蚀穿钢铁。穹窟地面布满的蚀坑标出了它走过的路。	缓慢爬行的黏液，看起来像潮湿石头，能不紧不慢地蚀穿钢铁。穹窟地面上的累累蚀坑，便是它的账簿。
data.bestiary.data.monster.lore.incubus.a.fiend.of.the.castle.s.upper	A fiend of the castle's upper rooms that visits the sleeping and takes what it needs a little at a time. It wears whatever face the sleeper trusts, and it has had three hundred years to learn which faces those are.	城堡楼上房间的魔怪，探访熟睡的人，一点点取走所需之物。它戴着睡者信任的面孔，已有三百年学会该用哪些脸。	城堡楼上房间的魔怪，探访熟睡的人，一点点取走所需之物。它戴着睡者信任的面孔；该戴哪些脸，它已用三百年学会了。
data.bestiary.data.monster.lore.kennel.brute.a.brute.of.the.castle.kennels	A brute of the castle kennels, kept in the runs on a short chain and fed what the hunt left. It came down into the village lanes when the house was buried, and it keeps the lanes yet, collared still.	城堡犬舍的凶兽，曾被短链拴在犬栏里，吃猎群剩下的肉。宅邸被埋时，它下到村巷，如今仍戴着项圈守在那里。	城堡犬舍的凶兽，曾被短链拴在犬栏里，吃猎群剩下的肉。宅中家眷与仆役入土时，它下到村巷，如今仍戴着项圈守在那里。
data.bestiary.data.monster.lore.last.clerk.the.lich.s.own.clerk.the.last	The Lich's own clerk, the last but one upon the Roll, kept at the enrolling of a new season that never comes. It sits the vault's second desk, copies the count in a fair hand, and defends the record before its own unlife. Its inkhorn is dried to a crust in a grip that will not open.	巫妖自己的书记员，名册上的倒数第二人，仍在登记一个永不会到来的新季度。它坐在宝库第二张书桌前，用工整笔迹抄录数目，保护记录胜过保护自己的亡灵之躯。攥紧不放的墨角里，墨汁早已干结。	巫妖自己的书记员，名册上的倒数第二人，仍在为永不会到来的新一季登记。它坐在密室第二张书桌前，用工整笔迹抄录计数，保护记录胜过保护自己的亡灵之躯。攥紧不放的墨角里，墨汁早已干结。
data.bestiary.data.monster.lore.last.debtor.the.greatest.of.the.debts.the	The greatest of the debts the deep was dug to bury, risen from the coin at the Bottom to stand between you and the thing beneath it. It is a body grown vast upon the warm hoard, counting, and it fights to keep the last count uncalled, for the calling of it is the collecting.	挖出这片深处，本为埋葬债务，而它是其中最大的一笔。它从底部的钱币中站起，挡在你和地下之物之间。躯体在温热宝藏上长得巨大，仍不停计数；它力保最后一次点数无人喊出，因为喊出的那一刻便是收债。	挖出这片深处，本为埋葬债务，而它是其中最大的一笔。它从巨口之底的钱币中站起，挡在你和地下之物之间。躯体在温热宝藏上长得巨大，仍不停计数；它力保最后一次点数无人喊出，因为喊出的那一刻便是收债。
data.bestiary.data.monster.lore.manticore.a.monster.with.the.body.of	A monster with the body of a lion, the face of a man, and a tail of iron spikes, which it hurls with deadly accuracy.	它有狮子的躯体、人的面孔，尾上生满铁刺。那些尾刺能被它准确地射向猎物，足以致命。	它有狮子的躯体、人的面孔，尾上生满铁刺，射出时又准又狠，足以致命。
data.bestiary.data.monster.lore.mummy.lord.a.warden.of.the.eldest.strata	A warden of the eldest strata, laid in the gallery under mask and seal, that keeps the count of its tomb though its seal was drawn an age ago. It rises whole, commands the lesser dead of the gallery, and its grave-mask hides a face that death has not been let to finish.	最古老地层的一名守封者，戴着面具、封在长廊中。虽早在久远年代被解封，它仍记着墓中的数目。它完整地站起，号令长廊中的低阶死者；葬面下的脸被强留在尚未腐朽的模样。	最古老地层的一名守封者，戴着面具、封在长廊中。虽然它的封印早在久远年代便已撤去，它仍守着其墓的计数。它完整地站起，号令长廊中的低阶死者；葬面下那张脸，死亡未获准完成它的工作。
data.bestiary.data.monster.lore.owlbear.a.horror.with.the.body.of	A horror with the body of a great bear and the visage of an owl, infamous for its ferocity. It attacks on sight and fights to the death.	长着巨熊躯体和猫头鹰面孔的怪兽，以凶暴著称。它一见猎物便进攻，直到死亡才会停下。	长着巨熊躯体和猫头鹰面孔的怪兽，以凶暴著称。它一见人便扑上，至死方休。
data.bestiary.data.monster.lore.purple.worm.a.vast.blind.worm.of.the	A vast blind worm of the deepest deep, the girth of a cart and longer than the eye can follow, that swims the coin of the Bottom as through loose earth. It takes a caller whole with a mouth that fills a gallery, and its sting is a spar of chitin heavy with a venom the sun has never weakened.	最深处的巨型盲虫，粗如货车，长得一眼望不到头，在底部的钱币中游动，如同穿行松土。它张开足以填满长廊的巨口，整吞访客；几丁质尾刺长如桅杆，蓄满从未被阳光削弱的毒液。	最深处的巨型盲虫，粗如货车，长得一眼望不到头，在巨口之底的钱币中游动，如同穿行松土。它张开足以填满长廊的巨口，整吞访客；几丁质尾刺长如桅杆，蓄满从未被阳光削弱的毒液。
data.bestiary.data.monster.lore.roper.a.pillar.of.living.stone.with	A pillar of living stone with one yellow eye and a fistful of gripping strands, planted where the road narrows. Whole caravans have gone into that patience.	一根活石柱，生着一只黄眼和一束能攫握的触丝，立在道路收窄处。曾有整支商队落入它的口中。	一根活石柱，生着一只黄眼和一束能攫握的触丝，立在道路收窄处。曾有整支商队葬送在这份耐心里。
data.bestiary.data.monster.lore.salamander.a.serpent.of.living.fire.kept	A serpent of living fire kept in the Last Vault against the hour the jar is fed to the flame. It coils about the laid hearth, warms the black stone of the vault, and takes any that near the mantel for the tender come at last to light the fire. Its coil sears through mail.	活火组成的蛇，被养在最后密室中，等候将陶罐投入火焰的时刻。它盘绕砌好的炉膛，烘热宝库黑石，将靠近壁炉台的人都当成终于来点火的看守。它的盘身能烫穿锁子甲。	活火组成的蛇，被养在最后密室中，等候将陶罐投入火焰的时刻。它盘绕砌好的炉膛，烘热密室的黑石，将靠近壁炉台的人都当成终于来点火的司火人。它的盘身能烫穿锁子甲。
data.bestiary.data.monster.lore.seal.keeper.the.warden.of.the.seven.seals	The warden of the seven seals hung upon the vault wall, that strikes each through in lead as its warden falls and keeps the seventh whole. It fights to keep the seventh seal from the striking, for the striking of the seventh is the count left off. Its signet-die cuts the impression of a door that opens once.	挂在宝库墙上七道封印的守护者。每当一名守封者倒下，它就在相应的铅印上划过一道，却始终保留第七道完整。它拼死阻止第七道被划去，因为那一划会终止计数。印模留下的，是一扇只开一次的门。	挂在密室墙上七道封印的守护者。每当一名守封者倒下，它就以铅在相应的封印上划过一道，却始终保留第七道完整。它拼死阻止第七道被划去，因为那一划意味着计数中止。印模留下的，是一扇只开一次的门。
data.bestiary.data.monster.lore.spectre.the.unquiet.remainder.of.one.who	The unquiet remainder of one who died in the halls and was catalogued rather than buried. Its touch draws the warmth from the living, and doors are nothing to it.	死在这些厅堂里的人留下的不安亡魂。他被编入收藏，却未获安葬。它的触碰会抽走活人的体温，房门也拦不住它。	死在这些厅堂中、未获安葬却被编目入册之人留下的不安残魂。它的触碰会抽走活人的体温，房门也拦不住它。
data.bestiary.data.monster.lore.stirge.a.bat.winged.horror.with.a.needle.sharp	A bat-winged horror with a needle-sharp proboscis, by which it fastens upon its prey and drains the blood. It strikes swiftly, and from above.	这种长着蝙蝠翅膀的怪物有针一样锋利的口器，能钉住猎物，吸干血液。它从上方迅速扑下。	这种长着蝙蝠翅膀的怪物有针一样锋利的口器，借此叮附猎物，吸干其血。它出击迅疾，且自上而下。
data.bestiary.data.monster.lore.stone.mourner.a.funeral.effigy.of.the.gallery	A funeral effigy of the gallery, carved crouching with its hands cupped for an offering, that walks when the offering is withheld. It keeps to the tombs it mourns and returns to its post between, and the weight of its stone hands falls as a mason's block falls.	长廊中的丧葬石像，雕成蹲身合掌接供品的姿势。供品迟迟不来，它就会走动。它守着所悼念的墓，间或回到原位；石手落下，沉如石匠坠落的巨石。	长廊中的丧葬石像，雕成蹲身合掌接供品的姿势。供品迟迟不来，它就会走动。它守着所悼念的墓，间或回到原位；石手落下，有如石匠吊起的方石坠地。
data.bestiary.data.monster.lore.tally.hound.a.hyena.headed.runner.of.the.counting.house	A hyena-headed runner of the counting-house, set down the debtors' gallery to keep the tally of who comes and goes. It counts the living against the manifest by scent, gives tongue at a name it cannot find, and courses in silence at a name it can. Its collar is notched for every quarry it has entered.	账房派到债徒长廊的鬣狗头信使，负责记录来去的人数。它凭气味将活人与名册核对，查不到名字就吠叫，查到则无声追捕。项圈上刻着每一个登记过的猎物。	账房派到债徒长廊的鬣狗头信使，负责记下来去之人的计数。它凭气味将活人与名单核对，查不到名字就吠叫，查到则无声追捕。每登记一个猎物，它的项圈上便多一道刻痕。
data.bestiary.data.monster.lore.troll.a.gangling.horror.whose.torn.flesh	A gangling horror whose torn flesh knits itself whole again even as you watch. Only fire will end it for good.	瘦长的怪物，被撕裂的血肉在你眼前重新愈合。唯有火焰能使它彻底死亡。	瘦长的怪物，被撕裂的血肉就在你眼前重新长合。唯有火焰能将它彻底了结。
data.bestiary.data.monster.lore.worg.a.great.and.evil.wolf.of	A great and evil wolf of the deep places, cunning of mind and cruel of temper, that stands to the shoulder of a man. Worgs treat with goblins as allies and bear them into battle.	栖息深处的巨型恶狼，高及人的肩膀，狡猾而残忍。座狼与地精结盟，背着盟友投入战斗。	栖息深处的巨型恶狼，高及人的肩膀，狡猾而残忍。座狼与地精结为盟友，驮着它们上阵。
data.bestiary.data.monster.lore.works.tender.the.last.hand.upon.the.sealing.works	The last hand upon the sealing-works, greasing the chains and reading the gauges to the drum's own count. It suffers nothing near the beam and the pumps, and it carries what it fells off to the melt to be poured again, and its rag is black to the elbow.	封印机房最后的工人，给链条上油，按卷筒的节拍读取仪表。它不许任何东西靠近横梁和泵，把击倒者拖到熔炉旁重新浇铸；油污从抹布一直染黑到肘部。	封印机房最后的工人，给链条上油，按卷筒自身的计数读取仪表。它不许任何东西靠近横梁和泵，把击倒者拖到熔炉旁重新浇铸；它的抹布一直黑到肘部。
data.bestiary.data.monster.lore.young.white.dragon.the.least.of.the.true.dragons	The least of the true dragons, yet a dragon nonetheless. Its breath is a killing frost, and the cold of it precedes it down the halls.	真龙中较弱的一种，仍有巨龙的力量。它吐出的寒霜足以致命，尚未现身，寒气便已沿厅堂传来。	真龙中最弱的一种，但终究是龙。它吐出的寒霜足以致命，尚未现身，寒气便已沿厅堂传来。
data.bestiary.data.monsters.a.mason.s.chalked.line	a mason's chalked line	沾粉笔的墨斗线	石匠的弹粉线
data.bestiary.data.monsters.a.pen.worn.to.the.nib	a pen worn to the nib	磨至笔尖的笔	磨得只剩笔尖的笔
data.bestiary.data.monsters.a.vial.of.quieted.spittle	a vial of quieted spittle	一瓶止声的涎液	一小瓶噤了声的涎液
data.bestiary.data.monsters.a.warden.s.grave.mask	a warden's grave-mask	守墓者的葬面	守封者的葬面
data.bestiary.data.monsters.a.wererat.s.ringed.tail	a wererat's ringed tail	鼠人的环纹尾巴	鼠化人的环纹尾巴
data.bestiary.data.monsters.anchorite	anchorite	锚系苦修者	隐修者
data.bestiary.data.monsters.boulder.callused.thumb	boulder-callused thumb	磨出厚茧的拇指	搬石磨茧的拇指
data.bestiary.data.monsters.mismatched.jawbone	mismatched jawbone	不相称的颌骨	不成对的颌骨
data.bestiary.data.monsters.shed.naga.fang	shed naga fang	脱落的娜迦尖牙	脱落的纳迦尖牙
data.bestiary.data.monsters.spirit.naga	spirit naga	幽魂娜迦	幽魂纳迦
data.bestiary.data.monsters.unbound.working	unbound working	失控法术	失控术法
data.bestiary.data.monsters.vein.of.grown.stone	vein of grown stone	长出的石脉	一道增生的石脉
data.bestiary.data.monsters.werebear	werebear	熊人	熊化人
data.bestiary.data.monsters.wererat	wererat	鼠人	鼠化人
data.boot.config.and.version.notes.arc.name.arc.i.the.way.down	Arc I: The Way Down	篇章I：下行之路	第I篇章：下行之路
data.boot.config.and.version.notes.arc2.name.arc.ii.the.riven.obelisk	Arc II: The Riven Obelisk	篇章II：破裂方尖碑	第II篇章：破裂方尖碑
data.boot.config.and.version.notes.arc3.name.arc.iii.the.manifold.halls	Arc III: The Manifold Halls	篇章III：重影厅室	第III篇章：重影厅室
data.boot.config.and.version.notes.arc4.name.arc.iv.the.roll.below	Arc IV: The Roll Below	篇章IV：地下名册库	第IV篇章：地下名册库
data.boot.config.and.version.notes.arc5.name.arc.v.below.the.last.door	Arc V: Below the Last Door	篇章V：最后一道门之下	第V篇章：最后一道门之下
data.boot.config.and.version.notes.folk.dragonborn.lapsed	Dragonborn (Lapsed)	龙裔（订阅失效）	龙裔（资格失效）
data.boot.config.and.version.notes.patch.notes.headline.a.kinder.infirmary.earlier.camps.and	A kinder Infirmary, earlier camps, and a tidier Options.	缩短医务室停留，更早扎营，并整理选项界面。	医务所更通人情，营地扎得更早，选项也更整齐。
data.boot.config.and.version.notes.patch.notes.headline.every.word.explained.tooltips.and.a	Every word explained: tooltips and a glossary	新增提示与术语表，解释游戏用语	字字有解：新增提示与术语表
data.boot.config.and.version.notes.patch.notes.headline.everything.runs.2x.faster.than.v1.6.0	Everything runs 2x faster than v1.6.0, and rests are short.	所有进程比v1.6.0快2倍，休息时间缩短。	一切运行速度均为v1.6.0的2倍，休息时间也缩短。
data.boot.config.and.version.notes.patch.notes.headline.new.rank.based.powerups.new.races.and	New rank-based powerups, new races and backgrounds, way more gold, and even more piled up in the Vale. $$$$$$$$$$	新增随等级解锁的强化、新种族与出身，金币收入大幅增加，哀恸谷增加更多。$$$$$$$$$$	新增随等级解锁的强化、新种族与出身，金币大幅增加，哀恸谷里堆得更多。$$$$$$$$$$
data.boot.config.and.version.notes.patch.notes.headline.on.steam.with.a.second.module	On Steam, with a second module and a minstrel.	登陆Steam，新增第二模组与吟游诗人。	登陆Steam，新增第二模组与乐师。
data.boot.config.and.version.notes.patch.notes.headline.the.four.new.pets.could.not	The four new pets could not eat. Now they eat.	修复四只新宠物无法获得成长进度的问题。	四只新宠物此前吃不下东西，现在能吃了。
data.boot.config.and.version.notes.patch.notes.headline.weather.finally.does.something.and.the	Weather finally does something, and the game hides less.	天气开始产生实际作用，界面也显示更多信息。	天气终于有了实际作用，游戏也少藏了些信息。
data.boot.config.and.version.notes.patch.notes.items.a.boon.that.carries.an.ill	A boon that carries an ill, like the counterfeit town's mark upon your gold, now reads in red upon its chip, to tell it apart at a glance from the boons that only help.	带有负面效果的状态，例如仿造镇降低金币的印记，现在用红色标签显示，便于与纯增益区分。	附带害处的增益（如仿造镇在你金币上留下的印记）现在以红色标签显示，一眼便可与纯粹有益的增益区分。
data.boot.config.and.version.notes.patch.notes.items.a.capstone.has.two.legendaries.to	A capstone has two legendaries to give in each slot, instead of always the same one.	关底首领每个部位现在可掉落两种传奇物品，不再固定同一件。	关底首领每个部位现在可掉落两种传说物品，不再固定同一件。
data.boot.config.and.version.notes.patch.notes.items.a.fast.chronicle.spent.seconds.on	A fast chronicle spent seconds on road legs and earned almost no descent for them.	高速纪事的每段旅途只有数秒，此前几乎无法获得下探进度。	高速纪事中每段旅途只耗时数秒，此前几乎得不到下行进度。
data.boot.config.and.version.notes.patch.notes.items.a.retiring.adventurer.s.pension.now.weighs	A retiring adventurer's pension now weighs the depths reached, so a long descent out-earns a quick retire at Rank 5.	退休奖励现在考虑到达深度，长时间下探比等级5立即退休获得更多。	退休奖励现在考虑到达深度，长程下行比等级5立即退休获得更多。
data.boot.config.and.version.notes.patch.notes.items.a.skill.that.quickens.a.working	A skill that quickens a working says what you gain.	提高能力触发率的技能现在说明实际增益。	加快术法的技能现在写明实际增益。
data.boot.config.and.version.notes.patch.notes.items.a.standing.order.on.the.board	A standing order on the Board of Feats. Tick it and the house hires your unlocked feats onto free slots as gold allows. It stays off unless you ask for it.	专长面板新增自动安排。勾选后，金币足够时会把已解锁专长装入空槽。默认关闭，由你主动启用。	专长告示板新增常设指令。勾选后，公会会在金币允许时把已解锁专长聘上空槽。默认关闭，除非你提出要求。
data.boot.config.and.version.notes.patch.notes.items.a.working.s.tooltip.now.shows.its	A working's tooltip now shows its true firing odds: the preview was capped at 55% while the working itself climbed on past that mark, so a deep spell or knack read as less likely to go off than it was, and the tooltip and the live roll now read from the same figure.	能力提示现在显示真实触发概率。此前预览封顶55%，实际概率却能继续提高，导致深度培养的法术或技巧显示偏低；提示与实际掷骰现在读取同一数值。	术法提示现在显示真实触发概率。此前预览封顶55%，实际概率却会继续提高，导致深度培养的法术或技艺看似比实际更难触发；现在提示与实际掷骰读取同一数值。
data.boot.config.and.version.notes.patch.notes.items.adventurer.s.papers.now.itemise.every.figure	Adventurer's Papers now itemise every figure your hero runs on, by source.	冒险者文书现在按来源列出角色使用的全部数值。	冒险者档案现在按来源逐项列出角色所依赖的全部数值。
data.boot.config.and.version.notes.patch.notes.items.an.optional.lost.cutter.expedition.unlocks.the	An optional lost-cutter expedition unlocks the rare storm petrel, the navigator Neris and the legendary tide compass. All three stay unlocked after retirement.	可选的失踪快帆船远征可解锁稀有海燕、航海员奈里斯与传奇潮汐罗盘。三者退休后均保持解锁。	可选的失踪快帆船远征可解锁稀有的暴风海燕、航海员奈里斯与传奇潮汐罗盘。三者退休后均保持解锁。
data.boot.config.and.version.notes.patch.notes.items.arc.iv.the.roll.below.six	Arc IV: The Roll Below. Six new floors, the offices of the keeping, open behind the servants' door once the Lich's court adjourns: twenty-four new beasts with lore and field notes, six new capstones, and the account of the seven wardens and the jar. The arc is charted at about a day and a night.	篇章IV：地下名册库。巫妖宫廷休庭后，仆役门后开放看管署室的六个新楼层。包含二十四种附背景与实地笔记的新野兽、六个关底首领，以及七位守封者与罐子的故事。测得篇章时长约一昼夜。	篇章IV：地下名册库。巫妖宫廷休庭后，仆役门后开放六个新层，即看管署室：新增二十四种附背景与实地笔记的野兽、六个关底首领，以及七位守封者与罐子的来龙去脉。本篇章预计约需一昼夜。
data.boot.config.and.version.notes.patch.notes.items.arc.v.below.the.last.door	Arc V: Below the Last Door. Six new floors open upon the sill the jar unlocks, the deep the Maw was dug to bury: twenty-four new beasts with lore and field notes, six new capstones, and the descent's omens brought home. It is the longest arc, charted at about two days, and it closes the module.	篇章V：最后一道门之下。罐子打开的门槛后新增六层，前往巨口为埋藏某物而开凿的深处。包含二十四种附背景与实地笔记的新野兽、六个关底首领，并揭示沿途征兆的来由。这是最长篇章，测得约两天，至此模组结束。	篇章V：最后一道门之下。罐子所开的门槛之后新增六层，即巨口当初为埋葬它而开凿的深处：新增二十四种附背景与实地笔记的野兽、六个关底首领，下行途中的征兆亦一一应验。这是最长的篇章，预计约需两天，模组至此完结。
data.boot.config.and.version.notes.patch.notes.items.clearing.the.wall.before.v1.6.2.never	Clearing the wall before v1.6.2 never gave “The Hand That Walked Out”. It does now.	v1.6.2之前完成技能墙未授予自行走出的手，现在会补发。	v1.6.2之前完成技能墙不会授予“自行走出的手”，现在会补发。
data.boot.config.and.version.notes.patch.notes.items.eleven.more.terms.in.the.glossary	Eleven more terms in the Glossary: the Papers, the body, the well, a leg of the road.	术语表新增十一个词条，包括文书、身体、法力之泉和一段旅途。	术语表新增十一个词条，如档案、体魄、法力泉、一段旅途。
data.boot.config.and.version.notes.patch.notes.items.endow.a.recovery.party.says.its	Endow a recovery party says its point is paid in full every time.	捐助搜救队说明每次都全额支付其点数。	资助搜救队现在注明其点数每次都全额发放。
data.boot.config.and.version.notes.patch.notes.items.every.floor.below.the.goblin.warren	Every floor below the goblin warren now carries nine or ten ambient lines upon the road rather than four, so the deeper you go the less the log repeats itself over a long descent.	地精巢穴以下每层的旅途环境文本由四条增至九到十条，长时间下探时减少重复。	地精巢穴以下每层的旅途环境文本由四条增至九到十条，越往深处，长途下行时日志越少重复。
data.boot.config.and.version.notes.patch.notes.items.every.window.says.the.same.kills	Every window says the same kills to a mastery: 10, or 5 with the Annotated Bestiary.	所有窗口使用相同的精通击杀要求：10次，拥有注释图鉴后为5次。	所有窗口使用相同的精通击杀要求：10次，拥有批注图鉴后为5次。
data.boot.config.and.version.notes.patch.notes.items.gold.from.the.first.20.of	Gold from the first 20% of a descent is doubled, easing to +30%. The deep floors now pay +30% where they were flat.	下探前20%的金币翻倍，随后逐渐降至+30%。深层原本没有加成，现在也提供+30%。	一次下行中前20%的金币翻倍，随后逐渐降至+30%。深层原本没有加成，现在也提供+30%。
data.boot.config.and.version.notes.patch.notes.items.hirelings.keep.their.rank.into.the	Hirelings keep their rank into the next chronicle, and the quartermaster's yard raises the cap.	帮手等级保留至下一次纪事，军需官院可提升等级上限。	帮手等级保留至下一部纪事，军需院可提升等级上限。
data.boot.config.and.version.notes.patch.notes.items.master.pell.sells.gear.now.for	Master Pell sells gear now. For gold he digs out one common or uncommon item that no longer drops at your depth, and it goes into your armoury book.	佩尔先生开始出售装备。花金币可购得一件在当前深度已不再掉落的普通或非普通物品，收入军械库图鉴。	佩尔先生开始出售装备。付他金币，他便翻出一件在当前深度已不再掉落的普通或精良物品，记入军械库图鉴。
data.boot.config.and.version.notes.patch.notes.items.mereward.keeps.ten.days.of.its	Mereward keeps ten days of its own between July and September, each upon its own date, from the Ropewalk to the Quarter's Ruling.	梅尔沃德在七月至九月有十个固定日期的纪念日，从展绳日到季度裁定日。	梅尔沃德在七月至九月有十个固定日期的纪念日，从展绳日到季度结账日。
data.boot.config.and.version.notes.patch.notes.items.no.more.double.articles.at.the	No more double articles at the wall: taken off the Maw-boar, not off a the Maw-boar.	修复装备墙英文来源描述重复冠词的问题。	修复军械陈列墙英文来源描述重复冠词的问题。
data.boot.config.and.version.notes.patch.notes.items.notices.keep.their.original.text.and	Notices keep their original text and date when another notice arrives while the list is open. Dismiss removes the notice you selected.	通知列表打开时，新通知到达不会改变原有通知的文字与日期。关闭操作会移除你选中的那条通知。	通知列表打开时，新通知到达不会改变原有通知的文字与日期。清除只会移除你选中的那条通知。
data.boot.config.and.version.notes.patch.notes.items.prestige.from.sitting.at.the.bottom	Prestige from sitting at the bottom tapers off. Retiring restores it.	长期留在最底层获得的声望会递减，退休可恢复。	留在巨口之底所得的声望会逐渐递减，退休可恢复。
data.boot.config.and.version.notes.patch.notes.items.ranks.5.11.20.and.30	Ranks 5, 11, 20 and 30 each let you pick new upgrades: Damage, Toughness or MP for the run. Auto takes whichever you have picked most, or your trade's own until then. Manual leaves them waiting. Open Rank Choices from the + beside Rank, or from Build.	等级5、11、20和30分别提供新的本次冒险强化选择：伤害、韧性或MP。自动选择你此前选得最多的项目，尚无偏向时按职业选择。手动则留待处理。可从等级旁的+或培养面板打开等级选择。	等级5、11、20和30各可选择一项本次冒险的新强化：伤害、坚韧或MP。自动会选你此前选得最多的一项，在此之前按职业默认选择。手动则留待你处理。可从等级旁的+或培养面板打开升级选择。
data.boot.config.and.version.notes.patch.notes.items.retiring.pays.for.how.deep.you	Retiring pays for how deep you got. Rank, bosses and gold scale with depth.	退休奖励取决于下探多深，等级、首领和金币奖励均随深度变化。	退休奖励取决于下行多深，等级、首领和金币奖励均随深度变化。
data.boot.config.and.version.notes.patch.notes.items.spend.them.for.me.now.assigns	Spend them for me now assigns all available skill points with visible progress, without stopping at 600 points or freezing the game after large resets.	替我分配现在会花完所有可用技能点，并显示进度，不再停在600点，也不会在大规模重置后卡死游戏。	代为分配现在会花完所有可用技能点并显示进度，不再停在600点，也不会在大规模重置后卡死游戏。
data.boot.config.and.version.notes.patch.notes.items.the.armoury.wall.names.its.pieces	The armoury wall names its pieces as the sheet does, not by their catalog marks.	军械库展示使用与角色面板相同的装备名，不再只用目录标号。	军械陈列墙按角色面板的叫法称呼装备，不再只用目录编号。
data.boot.config.and.version.notes.patch.notes.items.the.bone.dog.pays.2.max.hp	The bone-dog pays +2 max HP a growth, was +1.	骨犬每次成长的最大HP由+1提高至+2。	白骨犬每次成长的最大HP由+1提高至+2。
data.boot.config.and.version.notes.patch.notes.items.the.cave.shrike.road.mole.magpie.and.mist.hare	The cave-shrike, road-mole, magpie and mist-hare ate nothing and never grew.	洞伯劳、路鼹鼠、喜鹊和雾兔原本无法获得进度，也不会成长。	洞穴伯劳、探路鼹鼠、账房喜鹊和雾兔此前什么也不吃，从不成长。
data.boot.config.and.version.notes.patch.notes.items.the.ending.you.choose.is.entered	The ending you choose is entered upon the Roll of Honour beside your name, and the seasons past the Bottom keep their turn still: the Warden's Count under the seal, the Emptied Deep under the settlement.	所选结局与名字一同记入荣誉名册，世界之底之后仍有季次循环：封印结局为守封者的计数，清偿结局为搬空的深处。	所选结局与名字一同记入荣誉名册，巨口之底之后仍有季次循环：封印结局为守封者的计数，清偿结局为搬空的深处。
data.boot.config.and.version.notes.patch.notes.items.the.guild.now.assigns.you.a	The Guild now assigns you a hireling on your first climb to market: a beast of burden that carries more of the pack, a torchbearer that shortens the road, or an apprentice of the Guild school that quickens your magic and remarks upon your workings. It arrives within the first hour and keeps to your side the rest of the chronicle.	首次返回市场时，公会现在派来一个帮手：增加背包容量的驮兽、缩短旅途的提火帮手，或提高施法触发并评论能力的公会学堂学徒。帮手在第一小时内出现，跟随至本次纪事结束。	首次返回市场时，公会现在会为你指派一名帮手：多驮行李的驮兽、缩短路程的提火帮手，或加快施法、对你的术法评头论足的公会学堂学徒。帮手在第一小时内到岗，此后随行至本部纪事结束。
data.boot.config.and.version.notes.patch.notes.items.the.infirmary.s.stay.is.capped.at	The Infirmary's stay is capped at two and a half minutes, was ten, and a camp is made below half your hit points, was a quarter.	医务室停留上限从十分钟降至两分半；HP低于一半便扎营，原先为四分之一。	医务所停留上限由十分钟降至两分半；HP低于一半即扎营，原为四分之一。
data.boot.config.and.version.notes.patch.notes.items.the.kit.is.much.widened.five	The kit is much widened: five new pieces in every kind of gear, from the arming sword to the pit boots.	每类装备新增五件，从武装剑到矿靴，扩充了装备选择。	每类装备新增五件，从单手剑到矿靴，扩充了装备选择。
data.boot.config.and.version.notes.patch.notes.items.the.last.door.carries.a.letter	The last door carries a letter in the Lich's hand, held in the satchel with no clock: take up the count and seal the deep another age, or go down and settle the debt beneath. Both roads fight the same last fight and part only in the aftermath.	最后一道门带来巫妖亲笔信，保存在信袋，无倒计时。可接手计数，将深处再封一个年代，或下去清偿深处之债。两条路的最终战斗相同，只在战后分开。	最后一道门上附有巫妖亲笔信，收在信囊中，不设时限：可接手计数，将深处再封一个纪元；或下行清偿深处之债。两条路打的是同一场最终之战，只在战后分途。
data.boot.config.and.version.notes.patch.notes.items.the.minstrel.plays.44.named.airs	The minstrel plays 44 named airs, one to a floor and chapter.	吟游诗人演奏44首有名字的曲调，按楼层与章节分配。	乐师演奏44首有名目的曲子，每层、每章各一首。
data.boot.config.and.version.notes.patch.notes.items.the.mourning.vale.paid.40.of	The Mourning Vale paid 40% of the Maw, now it pays 50% more than the Maw.	哀恸谷原本支付巨口的40%，现在比巨口多50%。	哀恸谷的金币收益原为巨口的40%，现在比巨口高50%。
data.boot.config.and.version.notes.patch.notes.items.the.open.passage.ending.awards.the	The Open Passage ending awards the lantern of open waters, an artefact accessory that shortens ordinary travel by 15%, and unlocks the Chartmaker origin, which shortens ordinary travel by 5%.	开放航道结局奖励神器饰品通航之灯，使普通旅行耗时减少15%；同时解锁海图师出身，使普通旅行耗时减少5%。	开放航道结局奖励神器饰品开阔水域之灯，使普通旅行耗时减少15%；同时解锁海图师出身，使普通旅行耗时减少5%。
data.boot.config.and.version.notes.patch.notes.items.the.physician.s.leech.pays.2.max	The physician's leech pays +2 max MP a growth, was +1.	医师水蛭每次成长的最大MP由+1提高至+2。	医师的水蛭每次成长的最大MP由+1提高至+2。
data.boot.config.and.version.notes.patch.notes.items.the.red.ribbon.is.retired.every	The Red Ribbon is retired. Every save that bought it gets its 75 prestige back.	红绶带已退役。已购买的存档退还75声望。	红缎带已退列。凡购买过的存档均退还75声望。
data.boot.config.and.version.notes.patch.notes.items.the.roll.holds.100.honours.counted	The Roll holds 100 honours, counted across every chronicle.	荣誉名册收录100项荣誉，跨所有纪事累计。	名册收录100项荣誉，跨所有纪事累计。
data.boot.config.and.version.notes.patch.notes.items.the.second.music.arrangement.has.moved	The second music arrangement has moved to Music and stays selected while music is off. Playback respects whether the Minstrel's Fee is owned.	第二套音乐编配移至音乐窗口，关闭音乐时仍保留选择。播放遵守是否已购吟游艺人的报酬的条件。	第二套音乐编配移至音乐窗口，关闭音乐时仍保留选择。能否播放取决于是否已拥有乐师的报酬。
data.boot.config.and.version.notes.patch.notes.items.three.honours.for.how.deep.your	Three honours for how deep your workings go.	新增三项与能力成长深度有关的荣誉。	新增三项荣誉，按术法修习之深授予。
data.boot.config.and.version.notes.patch.notes.items.three.new.hands.wait.to.be	Three new hands wait to be given: a cart-dog, a tallow-chandler and an apothecary's apprentice, one for each kind of hireling.	新增三个帮手：拉车犬、牛脂烛商和药剂师学徒，每种帮手类型各一个。	新增三个帮手：拉车犬、牛脂蜡烛商和药剂师学徒，每种帮手类型各一个。
data.boot.config.and.version.notes.patch.notes.items.three.pets.now.the.chest.the	Three pets now: the chest, the bone-dog and the leech. One walks at your heel, and only that one pays.	现有三只宠物：宝箱、骨犬和水蛭。一次只能带一只，仅随行者提供效果。	现有三只宠物：驯顺的宝箱、白骨犬和医师的水蛭。一次只能带一只，仅随行者提供效果。
data.boot.config.and.version.notes.patch.notes.items.your.first.skill.reset.each.chronicle	Your first skill reset each chronicle is now free, whoever holds the pen.	每次纪事首次技能重置现在免费，无论由谁代为分配。	每部纪事首次技能重置现在免费，无论由谁代为分配。
data.boot.config.and.version.notes.patch.notes.items.your.hireling.betters.at.its.one	Your hireling betters at its one job as the descent teaches it, rank by rank, kept on a small panel under the Adventurer's Papers with its name, its rank and its study; the panel's tooltip states its exact figures, and its label folds it away.	帮手随下探逐级提高本职效果。冒险者文书下方的小面板显示姓名、等级与研习进度，提示列出准确数值，点击标题可折叠。	帮手在下行中逐级精进本职。冒险者档案下方的小面板显示其姓名、等级与研习进度，提示中列出准确数值，点击标题可折叠。
data.boss.staging.and.endings.boss.fell.the.copyist.general.sinks.against.his.lectern	The Copyist-General sinks against his lectern with the account of your descent open before him, and every lifted pen in the scriptorium comes down in the same instant and is still.	总抄写官倚着读经台沉下，你下探的实录仍摊在面前；抄写室所有抬起的笔同时落下，不再动弹。	总抄写官倚着读经台沉下，你下行的实录仍摊在面前；抄写室所有抬起的笔同时落下，不再动弹。
data.boss.staging.and.endings.boss.fell.the.empty.livery.of.the.usher	The empty livery of the Usher settles across the servants' door it kept, the black rod slipping from a sleeve that never held a hand, and the office of the door is ended where no court remains to keep the door for.	司仪的空制服落在原来守着的仆役门前，黑杖从从未容过手的袖口滑落；宫廷已不存，守门的官职也在这里结束。	司仪的空制服落在原来守着的仆役门前，黑杖自那从未伸出过手的袖中滑落；宫廷已不存，守门的官职也在这里结束。
data.boss.staging.and.endings.boss.fell.vhorren.comes.down.out.of.the	Vhorren comes down out of the deep air in a long fall of coin and glow, the debt the deep was dug to bury met at the bottom of the world, and the whole first hoard rings beneath it like a struck bell as the count is called at last.	沃伦带着钱币与光从深窟空中坠下，深处为埋藏它而开凿的债，在世界之底被追上。整片最初宝藏在它身下响如敲钟，账终于到了清点之时。	沃伦带着钱币与光从深窟空中坠下，深处为埋藏它而开凿的债，在巨口之底被追上。整片最初宝藏在它身下响如敲钟，账终于到了清点之时。
data.boss.staging.and.endings.boss.stages.approach.the.head.of.the.gallery.to	The head of the gallery, to the first tomb of the seven	前往廊首，七墓中的第一座	经廊首，前往七墓中的第一座
data.boss.staging.and.endings.boss.stages.between.the.celebrant.closes.his.book.beneath	The Celebrant closes his book beneath the water without haste and takes up the crook instead. The service is ended, and what follows is older than any service.	祭司在水下缓缓合书，改拿牧杖。仪式已经结束，接下来用的力量比任何仪式都古老。	祭司在水下不慌不忙地合上经书，改拿牧杖。仪式已经结束，接下来的，比任何仪式都古老。
data.boss.staging.and.endings.boss.stages.between.the.coin.of.the.first.hoard	The coin of the first hoard heaves and rings and pours away beneath you as Vhorren rises through it, the debt the deep was dug to bury, and the glow you took for gold this far down is the light of it breathing. It has counted every warden down and lain warm under its hoard an age, and it has been waiting, it tells you in a voice felt through the coin and not heard, to be collected.	最初宝藏的钱币在你脚下翻涌碰响，纷纷滑开，沃伦从中升起；深处正是为埋藏这笔债而开凿。你一路误认作金色的光，原来出自它的呼吸。它数尽每位守封者的任期，在宝藏下躺了漫长岁月，身上始终温热。它以穿过钱币传入身体、而非耳中的声音告诉你，它一直等着被清偿。	最初宝藏的钱币在你脚下翻涌碰响，纷纷滑开，沃伦从中升起；深处正是为埋藏这笔债而开凿。你一路误认作金色的光，原来出自它的呼吸。它数着每位守封者倒下，在宝藏下温热地躺了漫长岁月。它以穿过钱币传入身体、而非耳中的声音告诉你，它一直在等人来收这笔账。
data.boss.staging.and.endings.boss.stages.between.the.fairest.copy.steps.from.the	The Fairest Copy steps from the glass with your own stance and the master's eyes, and every mirror down the gallery empties itself to watch. It has worn a thousand callers, and it means to keep yours.	至肖摹本以你的站姿走出镜子，却长着主人的眼睛，整条长廊的镜面都空下来，转而观看。它曾穿过上千来客的模样，如今打算永远留下你的。	至肖摹本以你的站姿走出镜子，却长着主人的眼睛，整条长廊的镜面都空下来，转而观看。它曾披过上千位来客的模样，如今打算把你的留下。
data.boss.staging.and.endings.boss.stages.between.the.false.guildmaster.sets.down.its	The False Guildmaster sets down its pen, and the fair face goes the way of the wax it always was. What keeps the counter below is jointed for reach rather than for company, and it has your name in the book already.	假公会长放下笔，端正的面孔像本来的蜡一样化去。底下掌柜的关节生得伸展便利，全非为与人同席而长；它的簿上早有你的名字。	假公会长放下笔，端正的面孔像它本来的蜡一样化去。面具下守着柜台的东西，关节生来是为了够得远，而非为了待客；它的簿上早已写着你的名字。
data.boss.staging.and.endings.boss.stages.between.the.first.claimant.rises.where.it	The First Claimant rises where it has stood since the first warden set the watch, the first of the debt to reach the sill and be turned back, and it bars the last door against you as it was barred against the deep. It has waited an age at the sill to be let up, and it will suffer nothing living to pass it going down.	最初索债者在初代守封者设岗以来所站的位置起身，它是债中最早抵达门槛、又被逼回的一部分。如今它像守封者曾阻挡深处一样，将最后一道门挡在你面前。它在门边守候了漫长岁月，只盼能获准上去，也绝不容活物越过自己往下走。	最初索债者在初代守封者设岗以来所站的位置起身，它是债中最早抵达门槛、又被逼回的一部分。如今它把最后一道门挡在你面前，一如这道门曾对深处紧闭。它在门边守候了漫长岁月，只盼能获准上去，也绝不容活物越过自己往下走。
data.boss.staging.and.endings.boss.stages.between.the.lich.rises.from.the.worn	The Lich rises from the worn chair and does not reach for a working. He tells you plainly what the jar is: the lock upon the last door, and the last door at your back. He tells you that he is the last honest warden upon the Roll, who ended the warden before him as you have come to end him, and has kept the count alone since, feeding no name to the fire because he could not bring himself to feed the first. He asks you to keep it. Then he stands between you and the mantel, for you have not answered, and the servants' stair is behind you.	巫妖从旧椅起身，没有施法，先向你说明那罐子是什么：它是最后一道门的锁，而最后一道门就在你身后。他说自己是名册上最后一位恪守职分的守封者，曾像你今日要杀他一样，杀死前任，此后独自计数。炉火从未吞过一个名字，因为他始终狠不下心投进第一个。他请你接手。你尚未回答，他便站到你与壁炉台之间，仆役阶梯留在你身后。	巫妖从旧椅起身，未动术法，先向你说明那罐子是什么：它是最后一道门的锁，而最后一道门就在你身后。他说自己是名册上最后一位恪守职分的守封者，曾像你今日要杀他一样，杀死前任，此后独自计数。炉火从未吞过一个名字，因为他始终狠不下心投进第一个。他请你接手。你尚未回答，他便站到你与壁炉台之间，仆役阶梯留在你身后。
data.boss.staging.and.endings.boss.stages.between.the.teller.of.sevens.rises.from	The Teller of Sevens rises from the bedrock it has scored in sevens since before Mereward, the keeper of the count the whole descent has heard in drums and tally-marks and stone. It cuts a fresh mark into the old stone as you come, bright at the end of the newest seven, and it means to enter you in the count it has kept of every warden down.	七数计者从基岩起身，早在梅尔沃德出现前，它就在这里以七为组刻记号。整条下探路线的鼓声、划痕与石头所传的数，都归它掌管。你走来时，它在旧石上添下新的一划，亮在最新七数组末尾，要把你也录入历代倒下守封者的数中。	七数计者从基岩起身，早在梅尔沃德出现前，它就在这里以七为组刻记号。整段下行中鼓声、刻痕与石头所传的计数，都归它掌管。你走来时，它在旧石上添下新的一划，亮在最新七数组末尾，要把你也录入它为历代倒下守封者所记的计数中。
data.boss.staging.and.endings.boss.stages.between.the.under.registrar.rules.a.line.beneath	The Under-Registrar rules a line beneath the open volume and rises, and every chained book down the stacks falls open at the name it keeps. What comes about the desk enters the living upon the Roll as it enters the dead, and strikes them through in the same motion.	地下登记官在摊开的书下划线，站起身，整座书库的链书全翻到各自所记的名字。绕桌而来的东西将活人如死者一样录入名册，又在同一笔间划去。	地下登记官在摊开的册子末行下划一道线，起身；整座书库的链锁书册纷纷翻开，各停在所记的名字上。绕桌而来的东西把活人像死者一样录入名册，又在同一笔里将其划去。
data.boss.staging.and.endings.boss.stages.between.the.unwritten.gathers.itself.out.of	The Unwritten gathers itself out of the blank stone that keeps no mark, the one thing the descent was never charted to hold, entered outward bound in the Roll above with its return column left open. It comes on to take the record off you as the floor takes no record, and to leave your own column open like its.	无记者从不留刻痕的空白石头中聚起，是下探图从未打算容下的存在，却在上方名册中登记为外出，归返栏留空。它走来，要像这一层抹去足迹一样抹去你的记录，让你的归返栏与它的一样空着。	无记者从不留刻痕的空白石头中聚起，是这段下行从未标绘要容纳的东西，却在上方名册中登记为外出，归返栏留空。它走来，要像这一层不留记录一样抹去你的记录，让你的归返栏与它的一样空着。
data.boss.staging.and.endings.boss.stages.between.the.usher.stands.aside.from.the	The Usher stands aside from the servants' door with a bow of exact precedence, and then the livery stands up empty of it and bars the way with the black rod of its office. The office is ended, and what keeps the door now keeps it for no court at all.	司仪按准确的尊卑礼数躬身让开仆役门，接着那件空制服自行站起，用官职黑杖拦住去路。职守已经结束，如今守门的东西不再为任何宫廷守门。	司仪以分毫不差的尊卑礼数躬身，让开仆役门；随后那件制服空着站起，以其官职的黑杖拦住去路。这一官职已告终结，如今守门之物，已不为任何宫廷守门。
data.boss.staging.and.endings.boss.stages.between.the.water.stands.up.along.her	The water stands up along her back as the Tarn-Mother rises, and the boom of it rolls through the galleries like a bell heard from inside the metal. The shallows were courtesy; what follows is the tarn itself.	潭母起身，潭水沿背脊竖起，轰声滚过廊道，如同从钟体内部听见钟鸣。先前它只在浅水迎战，如今整片潭都涌向你。	潭母起身，潭水沿背脊竖起，轰声滚过廊道，如同从钟体内部听见钟鸣。浅水不过是客套，接下来的才是潭本身。
data.boss.staging.and.endings.boss.stages.between.vhorren.rises.to.the.roof.of	Vhorren rises to the roof of the deep and fills it, older than the foundation and older than the debt it is, and the whole hoard rings with the rising like a struck bell. Far above, faint down twenty-nine floors of dark, the Guild windlass turns for the next name upon the roll, and the sound of it reaches even here, and Vhorren pauses at the one thing in the deep that was not counting it. You take the opening the windlass has bought you, and go for the last count.	沃伦升满深窟屋顶，比地基更老，也比它所化成的债更老，整座宝藏随它起身，响如敲钟。远在上方，穿过二十九层黑暗，公会绞盘正为名册上的下一个人转动，声音连这里也能传到。沃伦听见深处唯一没有在数它的东西，停了一瞬。你抓住绞盘换来的空隙，发动最后一击。	沃伦升满深窟屋顶，比地基更老，也比它所化成的债更老，整座宝藏随它起身，响如敲钟。远在上方，穿过二十九层黑暗，公会绞盘正为名册上的下一个人转动，声音连这里也能传到。沃伦听见深处唯一没有在数它的东西，停了一瞬。你抓住绞盘换来的空隙，直取最后的计数。
data.boss.staging.and.endings.boss.stages.desc.the.foundation.still.the.far.side.work	The foundation, still; the far-side work stopped	地基静下，从另一侧进行的施工停止	地基沉寂，彼端的工事已停
data.boss.staging.and.endings.boss.stages.desc.the.works.stilled.the.drum.silent	The works, stilled; the drum silent at last	机器停下，鼓声终于沉寂	机房停歇，鼓声终于沉寂
data.boss.staging.and.endings.boss.stages.line.the.beam.comes.to.rest.and	The beam comes to rest and the pumps labour down and stop, and the drum that has kept its count in sevens since the first stair falls silent through all the floors above. The water of the seal, no longer driven back, stands and finds its level. Far below, a beat late, the deeper sound that answered the beam answers its silence, once, and is still.	机梁落稳，水泵渐缓停转，自第一道阶梯起便以七为组的鼓声，在上方所有楼层沉寂。封印之水不再被压回，聚起后稳定下来。极深处，比机梁慢一拍的沉声向这寂静回应了一次，也静了。	机梁落稳，水泵渐缓停转，自第一道阶梯起便以七为组计数的鼓声，在上方各层一并沉寂。封印之水不再被压回，聚起后稳定下来。极深处，那曾应和机梁的更深之声迟了一拍，也应和了这寂静，只一声，便归于无声。
data.boss.staging.and.endings.boss.stages.line.the.empty.livery.folds.down.across	The empty livery folds down across the threshold it kept, and the servants' stair falls open before you, cold air rising from the offices below. The Guild enters the passing of the court's door, and the way down runs on where no adventurer has waited upon a sitting to take it.	空制服折落在曾守着的门槛上，仆役阶梯敞在你前方，下方署室升来冷气。公会记下你越过宫廷之门；下行路继续通向从未有冒险者等待开庭后踏入的地方。	空制服折落在曾守着的门槛上，仆役阶梯敞在你前方，下方署室升来冷气。公会记下你越过宫廷之门；下行之路继续延伸，从此不必再有冒险者候着开庭才能踏上。
data.boss.staging.and.endings.boss.stages.line.the.enrolling.pen.comes.to.rest.across	The enrolling-pen comes to rest across the blank last page, and the stacks of the Roll stand silent, the manifest of the sealed complete to the season you close it in. You wrap the newest volume for the survey, and read in it, near the foot, the six wardens the descent has put down, each struck through in a fainter hand than it was entered.	登记笔横落在空白末页，名册书架一片寂静；被封者名簿完整记到你合书的这一季。你把最新一册包好交给勘测所，在页脚附近读到下探途中击败的六位守封者，每个名字都以比登记时更淡的笔迹划去了。	登记笔横落在空白末页，名册书架一片寂静；被封者名簿完整记到你合书的这一季。你把最新一册包好交给勘测所，在页脚附近读到下行途中击败的六位守封者，每个名字都以比登记时更淡的笔迹划去了。
data.boss.staging.and.endings.boss.stages.line.the.first.warden.lies.back.into	The First Warden lies back into the tomb it rose from, and the gallery keeps its six tenants in their order. The eighth tomb stands cut and nameless in the far wall, the mason's cord still hung beside it. You enter the seven wardens for the survey, and six of them read as capstones set down upon the road behind you.	初代守封者躺回起身的墓中，陵廊的六位住客仍按次序长眠。远墙第八座墓已凿好，却没有名字，石匠线绳还挂在旁边。你为勘测所登记七位守封者，其中六位正是身后路上已击败的关底首领。	初代守封者躺回起身的墓中，陵廊的六位住客仍按次序长眠。远墙第八座墓已凿好，却没有名字，石匠线绳还挂在旁边。你为勘测所登记七位守封者，其中六位，读来正如你身后一路落定的压顶石。
data.boss.staging.and.endings.boss.stages.line.the.rings.run.down.by.degrees	The rings run down by degrees and stop, and for the first time in an age the halls hold no watcher. You fold the master's chart of the descent, your own column entered fair at its edge, and carry it up for the Guild: the survey will want the halls, the library will want the charts, and the Roll will want your name against the whole account.	转环渐渐慢下，停住了；漫长岁月以来，厅室头一次没有监视者。你折好主人的下探图，边缘一栏清楚记着你的进度，把它带回公会：勘测所要查厅室，图书馆要收图纸，荣誉名册要在整段实录旁记下你的名字。	转环渐渐慢下，停住了；漫长岁月以来，厅室头一次无人监视。你折好主人的下行图，边缘一栏清楚誊着你自己的进度，把它带回公会：勘测所要查厅室，图书馆要收图纸，名册要在整段实录旁记下你的名字。
data.boss.staging.and.endings.boss.stages.line.the.under.mason.settles.back.into.the	The Under-Mason settles back into the course it was cutting and the black water closes over it, and the raising of the Maw from below stops at last. You read the two diggings where they meet, the wardens' stair coming down and the foundation rising, and you understand the whole descent: the Maw was dug from both ends, to bury a thing between them.	地下石匠沉回原来凿的砌层，黑水合在它上方，从下面修造巨口的工程终于停止。你看见两处掘进相接：守封者阶梯向下，地基向上。整条下探路线因此清楚了，巨口从两头开挖，为的是把某个东西埋在中间。	地下石匠沉回原来凿的砌层，黑水合在它上方，从下面修造巨口的工程终于停止。你看见两处掘进相接：守封者阶梯向下，地基向上。整段下行因此清楚了：巨口从两头开挖，为的是把某个东西埋在中间。
data.boss.staging.and.endings.boss.stages.line.the.vault.is.silent.and.the	The vault is silent, and the jar stands upon the mantel, dusted and centred, with the fire laid ready beneath it. It stood upon this mantel through every season of the court, and the court was kept so that it would go on standing there; the keeping of it is yours now, to take up or to end. The Guild will want the account, the survey will want the Roll, and the last door stands at the foot of the servants' stair, held shut by nothing now but the count left off above it.	密室沉寂，罐子居中放在擦净的壁炉台上，下方柴火备妥。宫廷每一季，它都立在这里；宫廷之所以维持，也是为了让它继续留着。如今轮到你决定接手看管，还是将之终结。公会要收实录，勘测所要查名册；最后一道门在仆役阶梯脚下，如今只靠上方那份被搁下的计数维持关闭。	密室沉寂，罐子擦得一尘不染，端放在壁炉台正中，下方柴火备妥。宫廷每一季，它都立在这里；宫廷之所以维持，也是为了让它继续留着。如今轮到你决定接手看管，还是将之终结。公会要收实录，勘测所要查名册；最后一道门在仆役阶梯脚下，如今只靠上方那份被搁下的计数维持关闭。
data.boss.staging.and.endings.boss.stages.line.the.water.lies.flat.and.the	The water lies flat, and the shards upon the field stand as plain black stone, the hum gone out of them. The Guild will cart the pieces up under seal, one wagon to a shard, and the survey office has already ruled the obelisk a quarry.	水面平了，原上的碎片变成普通黑石，再无嗡声。公会将把它们封好上运，每片一车，勘测所已经裁定方尖碑属于采石场。	水面平了，原上的碎片变成普通黑石，再无嗡声。公会将把它们封好上运，每片一车，勘测所已将方尖碑定为采石场。
data.boss.staging.and.endings.boss.stages.line.the.water.settles.by.a.hand.s	The water settles by a hand's breadth as the Celebrant's office ends, and somewhere below, a door long held against the flood swings free. The Guild survey will want new soundings; the way down wants only you.	祭司的职守结束，水位降下一掌，下面某处一扇抵抗洪水多年的门终于松开。公会得重新测深，而通往下方的路已向你开放。	祭司的职守结束，水位降下一掌，下面某处一扇抵抗洪水多年的门终于松开。公会勘测得重新测深；下行之路，只待你来。
data.boss.staging.and.endings.boss.stages.line.upon.the.lectern.lies.the.account	Upon the lectern lies the account of your descent, complete to the room you stand in, and the last line stands half-written. You finish it plainly and rule the line beneath: the first entry the scriptorium has ever taken from a living hand.	读经台上的实录记着你的下探，一直记到眼前这间屋子，末行只写一半。你据实补完，在下方划线；这是抄写室第一次收入活人亲笔的一条记录。	读经台上的实录记着你的下行，一直记到眼前这间屋子，末行只写一半。你据实补完，在下方划线；这是抄写室第一次收入活人亲笔的一条记录。
data.boss.staging.and.endings.boss.stages.line.you.strike.the.forewarden.s.seal.through	You strike the Forewarden's seal through and set the Guild's mark beside it, in the correct form. The lower door swings open upon old dark air, and the warden rests at a post relieved at last.	你划破前守者的封印，在旁按制式刻下公会标记。下层门扉荡开，陈腐的空气从黑暗中涌出，守封者终于卸下值守，在原岗安息。	你划去前守者的封印，在旁按制式刻下公会标记。下层门扉荡开，陈腐的空气从黑暗中涌出，守封者终于卸下值守，在原岗安息。
data.boss.staging.and.endings.boss.stages.phases.the.grey.procurer.accounts.called.in	The Grey Procurer, accounts called in	灰衣采办者，召来欠账	灰衣采办者，催讨欠账
data.boss.staging.and.endings.boss.stages.phases.the.teller.of.sevens.at.the	The Teller of Sevens, at the tally	七数计者，位于计数划痕旁	七数计者，位于刻痕旁
data.boss.staging.and.endings.boss.stages.phases.the.usher.out.of.its.livery	The Usher, out of its livery	司仪，离开制服	司仪，制服已空
data.boss.staging.and.endings.boss.stages.sub.the.fungal.vaults.are.out.of	The fungal vaults are out of tenancy.	菌圃洞窟的主人已倒下。	菌圃洞窟已无人承租。
data.boss.staging.and.endings.boss.stages.sub.the.undergate.stands.open	The Undergate stands open.	深层之门已打开。	深门已打开。
data.boss.staging.and.endings.boss.stages.sub.the.works.keep.the.count.no	The works keep the count no longer.	机器不再计数。	机房不再计数。
data.boss.staging.and.endings.bosses.last.warden.upon.the.roll.who.case-description	Last warden upon the Roll, who has kept the count alone for an age, and cannot adjourn from the vault where the jar stands.	名册上末代守封者，孤身计数已有一个年代，始终无法离开放着罐子的密室。	名册上末代守封者，孤身计数已历经漫长岁月，始终无法离开放着罐子的密室。
data.boss.staging.and.endings.bosses.master.of.the.scriptorium.whose.pens	master of the scriptorium, whose pens have written out the descent of every adventurer, yours among them	抄写室的主人，手下的笔记下每位冒险者的下探经过，也包括你	抄写室的主人，手下的笔记下每位冒险者的下行经过，也包括你
data.boss.staging.and.endings.bosses.master.of.the.scriptorium.whose.pens.case-description	Master of the scriptorium, whose pens have written out the descent of every adventurer, yours among them.	抄写室的主人，手下的笔记下每位冒险者的下探经过，也包括你。	抄写室的主人，手下的笔记下每位冒险者的下行经过，也包括你。
data.boss.staging.and.endings.bosses.the.mad.mage.of.the.halls	the mad mage of the halls, who split himself into copies to be everywhere at once, and has watched your descent from the first stair	厅室的疯狂法师，将自己分成摹本以便同时身在各处，从第一道阶梯起便监视你的下探	厅室的疯狂法师，将自己分成摹本以便同时身在各处，从第一道阶梯起便监视你的下行
data.boss.staging.and.endings.bosses.the.mad.mage.of.the.halls.case-description	The mad mage of the halls, who split himself into copies to be everywhere at once, and has watched your descent from the first stair.	厅室的疯狂法师，将自己分成摹本以便同时身在各处，从第一道阶梯起便监视你的下探。	厅室的疯狂法师，将自己分成摹本以便同时身在各处，从第一道阶梯起便监视你的下行。
data.boss.staging.and.endings.bosses.the.restraint.itself.given.a.will.case-description	The restraint itself given a will, that drew the great chain open link by link from the inside across an age.	拘束本身生出意志，耗费一个年代，从环内将巨链一节节拉开。	拘束本身生出意志，历经漫长岁月，从环内将巨链一节节拉开。
data.boss.staging.and.endings.court.seasons.ambient.a.herald.in.grey.rag.stands	A herald in grey rag stands upon the newel and cries your rank and your road down to the court below, in a tongue of clicks and drum-taps.	披灰破布的使者站在梯柱上，用咔嗒声与鼓点，向下方宫廷报出你的等级和来路。	披灰破布的传令官站在梯柱上，用咔嗒声与鼓点，向下方宫廷报出你的等级和来路。
data.boss.staging.and.endings.court.seasons.ambient.a.lamplighter.s.pole.stands.leaned.in	A lamplighter's pole stands leaned in a niche, its wick yet smoking, though the hand that set it there has gone on up ahead of you.	点灯长杆靠在壁龛里，引火芯还冒着烟，放下它的手已经走到你前面更高处。	点灯长杆斜靠在壁龛里，引火芯还冒着烟，放下它的那只手却已先你一步往上去了。
data.boss.staging.and.endings.court.seasons.ambient.a.procession.of.the.risen.dead	A procession of the risen dead passes through the court by an appointed route, bearing grave-goods before them in the old order.	一队复起死者按指定路线穿过宫廷，依旧有次序把陪葬品抬在前头。	一队复起死者按指定路线穿过宫廷，依古时次序将陪葬品抬在前头。
data.boss.staging.and.endings.court.seasons.ambient.goblin.tally.marks.are.scratched.fresh.beside	Goblin tally-marks are scratched fresh beside the court's door, and the newest of them are still white in the stone.	宫廷门边新添地精的计数划痕，最新几道还露着白石。	宫廷门旁新添了地精的刻痕，最新几道在石上还是白的。
data.boss.staging.and.endings.court.seasons.ambient.the.court.s.antechambers.stand.flooded.to	The court's antechambers stand flooded to the knee, and the water carries the smell of the drowned temple down from above.	宫廷前厅积水齐膝，水中带着从上方沉水神庙流下的气味。	宫廷前厅积水齐膝，水中带着从上方沉水地庙流下的气味。
data.boss.staging.and.endings.court.seasons.ambient.the.drums.have.come.down.from	The drums have come down from the warren, and their ragged rhythm carries through all the floors between.	地精的鼓从巢穴搬下来了，凌乱节拍穿过中间的所有楼层。	地精的鼓从巢穴搬下来了，凌乱节拍穿过其间各层。
data.boss.staging.and.endings.court.seasons.ambient.the.procession.halts.while.you.pass	The procession halts while you pass, by some instruction of precedence, and the empty helms turn to mark you.	依某项尊卑指令，队列停下来让你先过，空头盔转向你，记下你的样貌。	依某条序位规矩，队列停步让你先过，一顶顶空头盔转过来盯住你。
data.boss.staging.and.endings.court.seasons.ambient.the.water.has.risen.a.hand.s	The water has risen a hand's breadth since your descent began, and the lowest step of the dais now stands awash before the empty throne.	自你开始下探，水又涨了一掌，空王座前高台最下一级已被淹过。	自你开始下行，水又涨了一掌，空王座前高台最下一级已被淹过。
data.boss.staging.and.endings.court.seasons.name.a.wandering.revenant.procession	a wandering revenant procession	游行的还魂者队列	游荡的还魂尸队列
data.boss.staging.and.endings.court.seasons.travel.below.the.vault.giving.way.upon	Below the vault: giving way upon the stair to a procession of the risen dead	宝窟下方：在阶梯上让路，供起身的死者游行而过	宝窟下方：在阶梯上为复起死者的队列让路
data.boss.staging.and.endings.emptied.seasons.ambient.the.coin.of.the.first.hoard	The coin of the first hoard is drawn up the windlass in barrels, cold now and only coin, struck by kings the survey enters as unknown, and the Bottom is left bare stone.	最初宝藏的钱币装桶由绞盘吊上，如今冰冷，只是钱币；铸币诸王由勘测所记为不详，世界之底只剩裸石。	最初宝藏的钱币装桶由绞盘吊上，如今冰冷，只是钱币；铸币诸王由勘测所记为不详，巨口之底只剩裸石。
data.boss.staging.and.endings.emptied.seasons.ambient.the.count.kept.in.the.roll	The count kept in the Roll is carried up entire, seven wardens and every debt, and the library files it under a heading the charter opened at the Bottom and closed there.	名册所记的计数完整运上，七位守封者与每笔债俱在；图书馆把它归入一栏，章程在世界之底为此开立，也在那里结清。	名册所记的计数完整运上，七位守封者与每笔债俱在；图书馆把它归入一栏，章程在巨口之底为此开立，也在那里结清。
data.boss.staging.and.endings.emptied.seasons.ambient.the.dead.floors.keep.no.threat	The dead floors keep no threat a lamp and a charter cannot pass, and the survey goes where no warden could send an adventurer living, and enters it all.	沉寂楼层中，没有灯与宪章过不去的威胁；勘测队来到从前守封者无法派活冒险者前往的地方，将一切记下。	沉寂楼层中，没有灯与章程过不去的威胁；勘测队来到从前守封者无法派活冒险者前往的地方，将一切记下。
data.boss.staging.and.endings.emptied.seasons.ambient.the.glow.is.gone.from.the	The glow is gone from the Bottom, and the coin lies cold, and the surveyors chart it by lamplight, and it is only a hoard now, and they weigh it as one.	世界之底已无光，钱币冰冷；勘测员借灯光绘图，它如今只是宝藏，便按宝藏称量。	巨口之底已无光，钱币冰冷；勘测员借灯光绘图，它如今只是宝藏，便按宝藏称量。
data.boss.staging.and.endings.emptied.seasons.ambient.the.librarians.survey.the.whole.descent	The librarians survey the whole descent from the pages alone now, floor by floor, and chart the Maw as a thing read rather than a thing entered, and find the account complete to the Bottom.	如今馆员仅凭书页就能逐层勘察整条下探路线，把巨口当作读到而非走过的地方绘图，发现实录一直完整到世界之底。	如今馆员仅凭书页就能逐层勘察整条下行路线，把巨口当作读到而非走过的地方绘图，发现实录一直完整到巨口之底。
data.boss.staging.and.endings.emptied.seasons.ambient.the.numbered.tags.of.every.party	The numbered tags of every party that went down are brought up this season, entered, and ruled recovered, one by one, and the Guild's long ledger of the missing is closed line by line.	本季每支下探队伍的编号身份牌都被带上来，逐一登记、注明寻回，公会漫长的失踪账目一行行结清。	本季每支下行队伍的编号身份牌都被带上来，逐一登记、注明寻回，公会漫长的失踪账目一行行结清。
data.boss.staging.and.endings.emptied.seasons.ambient.the.resurvey.closes.another.floor.charted	The resurvey closes another floor charted and quiet, and the survey's lamps go up the stair, the season entered upon the record behind them.	重新勘测结束，又一层绘明且安静；勘测灯沿阶梯上去，身后本季已录入实录。	重新勘测又结一层，绘明且安静；勘测队的灯沿阶梯上行，本季已记入身后的实录。
data.boss.staging.and.endings.emptied.seasons.ambient.the.seals.are.charted.where.they	The seals are charted where they were struck, all seven, and the survey enters them a matter closed, and the wardens a line of keepers ended.	七道封印在被划破处逐一绘图，勘测所将它们记为已结事项，也将历代守封者记为已终结的世系。	七道封印在当初被划去之处逐一绘图，勘测所将它们记为已结事项，也将历代守封者记为已终结的世系。
data.boss.staging.and.endings.emptied.seasons.ambient.the.works.are.drawn.for.their	The works are drawn for their metal, the beam and the pumps and the counterweight, and the drum that kept the count is broken up and weighed as scrap of a good grade.	机梁、水泵与配重都拆取金属，曾经计数的鼓被拆开，称作优质废料。	机梁、水泵与配重都拆下取金属，曾经计数的鼓被拆散，按上等废料过秤。
data.boss.staging.and.endings.emptied.seasons.line.the.last.echo.keeps.to.the	The Last Echo keeps to the salvage-gangs this season, remnant and echo among the contractors, and it comes upon you where the stripping is heaviest, because a thing of the deep goes where the deep is disturbed.	本季最后余响跟着回收队，在承包人之间留下残影与回声；它在拆取最繁重的地方遇见你，因为深处之物总循深处受扰的动静而去。	本季最后余响跟着回收队，是承包人之间的残影与余响；它在拆取最繁重的地方遇见你，因为深处之物总循深处受扰的动静而去。
data.boss.staging.and.endings.emptied.seasons.line.the.last.echo.keeps.to.the.3	The Last Echo keeps to the library this season, thin as a draught between the shelves where the Roll Below is carried up and read, and it comes to you at the last volume, where the librarians have found their own survey entered in a hand that had no way to know their names.	本季最后余响留在图书馆，地下名册运来供人研读，它便像书架间的一丝气流。本季最后一册旁，它来到你这里；馆员发现自己的勘测已被记入，执笔者本不可能知道他们的名字。	本季最后余响留在图书馆，地下名册运来供人研读，它便像书架间的一丝气流。在最后一册旁，它来到你这里；馆员发现自己的勘测已被记入，执笔者本不可能知道他们的名字。
data.boss.staging.and.endings.emptied.seasons.travel.down.through.the.deep.on.the	Down through the deep on the last recoveries, where the numbered tags of every lost party are brought up	下探深处进行最后搜回，将每支失踪队伍的编号身份牌带上来	下行深处进行最后搜回，将每支失踪队伍的编号身份牌带上来
data.boss.staging.and.endings.emptied.seasons.travel.down.through.the.deep.the.contractors	Down through the deep the contractors strip by charter, where what walks among them is remnant and echo	下探承包人按章程拆取的深处，其间行走的只是残影与余响	下行承包人按章程拆取的深处，其间行走的只是残影与余响
data.boss.staging.and.endings.emptied.seasons.travel.down.through.the.deep.whose.roll	Down through the deep whose Roll is carried up volume by volume, where the librarians find their own survey in its pages	下探深处，名册正逐册上运，馆员在书页里发现自己的勘测记录	下行深处，名册正逐册上运，馆员在书页里发现自己的勘测记录
data.boss.staging.and.endings.lich.epithets.the.lich.eldest.creditor	the Lich, Eldest Creditor	最老债主巫妖	最年长的债主巫妖
data.boss.staging.and.endings.lich.epithets.the.lich.keeper.of.the.roll	the Lich, Keeper of the Roll Below	地下名册看守巫妖	看守地下名册库的巫妖
data.boss.staging.and.endings.vale.boss.fell.the.toll.hound.goes.down.upon.the	The Toll-Hound goes down upon the crown of its own bridge, and the road north lies open for the first time in the Guild's records.	索费猎犬倒在自己桥的顶端，北行道路在公会记录中第一次敞开。	索费猎犬倒在自家桥顶，北去的路自公会有记录以来第一次敞开。
data.boss.staging.and.endings.vale.boss.stages.approach.down.off.the.crag.in.the	Down off the crag in the last of the light, to meet what the night sends up the valley	趁最后天光下到峭崖外，迎战黑夜从谷中送来的东西	趁最后一抹天光走下峭崖，迎战黑夜沿谷送上来的东西
data.boss.staging.and.endings.vale.boss.stages.between.corvane.rises.from.the.head.of	Corvane rises from the head of his own table and sets the glass down unfilled, and every fire in the long hall goes up together with no hand near them. He has kept this house three hundred years against the day somebody walked up the crag to him, and he greets you as a host greets an expected guest.	科尔文从自家长桌主位起身，放下未斟酒的杯子，长厅里所有炉火在无人触碰时同时燃起。他维持这座宅子三百年，等着有人爬上峭崖来见他，如今像主人迎接预期中的客人一样向你致意。	科尔文从自家长桌主位起身，放下未斟酒的杯子，长厅里所有炉火无人近前，却一齐燃起。他守着这座宅子三百年，只等有一天有人登上峭崖来见他；此刻他向你致意，如主人迎候意料之中的客人。
data.boss.staging.and.endings.vale.boss.stages.between.the.abbot.closes.the.register.upon	The Abbot closes the register upon the lectern, marks his place with one finger, and steps down out of the grave he was buried standing in. He asked one thing of the Count in life and was refused it, and he means to be heard before he lies down.	院长在读经台上合拢名册，以一根手指夹住页码，走下当年被站着埋入的墓。他生前向伯爵求过一件事，遭到拒绝；躺下之前，他要让人听完。	院长在读经台上合拢名册，以一指夹住读到的那页，走下当年被站着埋入的墓。他生前向伯爵求过一件事，遭到拒绝；躺下之前，他要先让人听他说完。
data.boss.staging.and.endings.vale.boss.stages.desc.the.bridge.held.chalking.the.crossing	The bridge held; chalking the crossing for the survey	守住桥梁，用粉笔标下渡口供勘测所查用	桥已守住，以粉笔标记渡口，留待勘测
data.boss.staging.and.endings.vale.boss.stages.desc.the.street.unbarred.the.tally.post.cut	The street unbarred; the tally-post cut down	街上窗闩卸下，计数门柱锯倒	街巷卸闩，计数柱已锯倒
data.boss.staging.and.endings.vale.boss.stages.line.the.bridge.stands.quiet.and.the	The bridge stands quiet and the toll goes unpaid, and you chalk the crossing and the date upon the parapet for whatever surveyor comes after you. Northward the road runs on into the standing mist, and the mist has moved for none of it.	桥上静了，通行代价未付；你在栏杆上用粉笔记下渡口与日期，留给后来勘测员。路继续向北伸入不动的雾，这一切都没让雾移动分毫。	桥上静了，过桥费终究无人缴纳；你在护栏上用粉笔记下渡口与日期，留给后来的勘测员。北去的路延入不动的雾中，而这一切，雾都未曾为之挪动分毫。
data.boss.staging.and.endings.vale.boss.stages.line.the.pack.breaks.off.in.the	The pack breaks off in the middle of the ride and goes to ground among the black thorn, and the drowned wood stands quiet for the first time in your hearing. You cut the horn down from the thorn where it hung and carry it away, for a horn of the crag is worth a great deal to whoever holds it.	犬群在骑道中央散开，钻进黑荆棘；沉水林第一次在你听来如此安静。你割断绳索，取走悬在荆枝上的猎号；峭崖的号角落在谁手中，都价值不菲。	犬群在骑道中央散开，钻进黑荆棘；沉水林第一次在你听来如此安静。你将猎号从悬挂它的荆枝上割下带走；峭崖的号角，无论落在谁手里都价值不菲。
data.boss.staging.and.endings.vale.boss.stages.line.the.pack.scatters.down.the.crag	The pack scatters down the crag into the mist by ones and twos, the runs stand open and quiet, and the trough goes unfilled for the first time in three hundred years. You take the feeding-book from its nail beside the gate, and the last entry in it is dated for tomorrow, in a finer hand than the Master's, written since his burial.	犬群三两成散，从峭崖下到雾里，围栏空敞安静，食槽三百年来第一次没人添满。你从门边钉子取下喂食簿，末条日期是明天，字比总管的更精细，写于他埋葬之后。	犬群三三两两散下峭崖，没入雾中，围栏空敞安静，食槽三百年来第一次无人添满。你从门边钉子上取下喂食簿，末条记录的日期是明天，字迹比总管的更工整，是他下葬之后才写上的。
data.boss.staging.and.endings.vale.boss.stages.line.you.cut.the.tally.post.out.of	You cut the tally-post out of the doorpost of the Bell and Shutter and carry it into the street, and one shutter after another comes off its bar the whole length of the row. Hollowmere stands in its own doorways in the open air, and nobody speaks, and nobody goes back inside.	你从铃与窗酒馆门框锯下计数柱，搬到街上，整条街的窗闩一扇接一扇卸下。霍洛米尔的人站在自家门口，置身露天，沉默地留在那里。	你从铃与窗酒馆门框锯下计数柱，搬到街上，整条街的窗闩一扇接一扇卸下。霍洛米尔的人站在自家门口，置身露天，无人开口，也无人回屋。
data.boss.staging.and.endings.vale.boss.stages.line.you.lay.the.abbot.back.into	You lay the Abbot back into the standing grave and carry the register out from under the open sky and into your pack. The abbey keeps its silence, the orchard bears as it always bears, and the numbered rows stand quiet in their order.	你把院长放回立墓，将名册从露天下带走，装入背包。修道院寂静，果园照常结果，编号墓行各依次序安卧。	你把院长放回立墓，将名册从露天之下取走，收进背包。修道院寂静，果园照常结果，编号墓行各依次序安卧。
data.boss.staging.and.endings.vale.boss.stages.phases.mother.vell.the.tally.broken	Mother Vell, the tally broken	维尔嬷嬷，计数被打破	维尔嬷嬷，计数已断
data.boss.staging.and.endings.vale.boss.stages.phases.the.antlered.warden.at.the.crossing	The Antlered Warden, at the crossing	鹿角守猎者，位于交叉口	鹿角守猎者，位于交会处
data.boss.staging.and.endings.vale.boss.stages.phases.the.toll.hound.at.bay	The Toll-Hound, at bay	索费猎犬，被逼至角落	索费猎犬，负隅顽抗
data.boss.staging.and.endings.vale.boss.stages.sub.ysmere.gives.up.its.wedding	Ysmere gives up its wedding.	伊斯米尔结束了婚礼。	伊斯米尔的婚礼就此作罢。
data.boss.staging.and.endings.vale.bosses.the.count.s.kennelman.in.chief.who.keeps.the	the Count's kennelman-in-chief, who keeps the hunt fed and the gate shut, and has kept both past his own burial	伯爵的首席犬舍管事，喂饱猎群，守闭大门，死后埋葬也未停下两项职守	伯爵的首席犬舍管事，喂饱猎群，关紧大门，入葬之后两样职守也照旧不误
data.boss.staging.and.endings.vale.bosses.the.lord.of.the.crag.who	the lord of the crag, who buried his bride, his abbot and his whole house, and has not lain down these three hundred years	峭崖之主，埋葬了新娘、院长与宅中家眷与仆役，三百年来不曾躺下安睡	峭崖之主，埋葬了新娘、院长和满门家眷仆役，三百年来不曾躺下安睡
data.boss.staging.and.endings.vale.bosses.the.lord.of.the.crag.who.case-description	The lord of the crag, who buried his bride, his abbot and his whole house, and has not lain down these three hundred years.	峭崖之主，埋葬了新娘、院长与全体家仆，三百年来不曾躺下安睡。	峭崖之主，埋葬了新娘、院长和满门家眷仆役，三百年来不曾躺下安睡。
data.boss.staging.and.endings.vale.bosses.who.keeps.the.shutters.of.hollowmere	who keeps the shutters of Hollowmere barred from the street side, and the tally of who is let out	让霍洛米尔的窗从临街面上闩，并清点获准出门的人	从临街一侧闩死霍洛米尔的百叶窗，并记着放了谁出门
data.boss.staging.and.endings.vale.ends.chose.you.choose.the.fire.when.the	You choose the fire. When the Count is down you will lay him in his own hearth with the beams of his own roof upon him, and burn the hall about him until there is nothing in it to rise. The answer is entered upon the Roll.	你选择火。伯爵倒下后，你会把他放进伯爵的壁炉，以他的屋梁压住，在周围焚起大厅，直到再无东西能从中起身。这个回答录入荣誉名册。	你选择火。伯爵倒下后，你会把他放进他自己的壁炉，以他自己的屋梁压住，焚烧整座大厅，直到其中再无一物能起身。这一回答已登记在名册。
data.boss.staging.and.endings.vale.ends.chose.you.choose.the.morning.when.the	You choose the morning. When the Count is down you will carry the reliquary of Saint Ordel through the chapel door he wedged shut, set it upon the altar where it belongs, and take the shutters off the whole east front. The answer is entered upon the Roll.	你选择清晨。伯爵倒下后，你会带着圣奥德尔圣物匣穿过他顶死的礼拜堂门，放回本属它的祭坛，拆去整面东墙的窗板。这个回答录入荣誉名册。	你选择清晨。伯爵倒下后，你会带着圣奥德尔圣物匣穿过他顶死的礼拜堂门，放回本属它的祭坛，拆去整面东墙的窗板。这一回答已登记在名册。
data.boss.staging.and.endings.vale.ends.chose.you.choose.the.name.the.register	You choose the name. The register out of Saint Ordel carries the whole of it in the abbey's own hand, written before ever there was a count in this valley, and when he is down you will read it out over him and let the pact answer to it. The answer is entered upon the Roll.	你选择名字。圣奥德尔名册以修道院亲笔完整记着它，落笔时这片谷中还没有伯爵。等他倒下，你会在他身旁读出，让契约回应。这个回答录入荣誉名册。	你选择名字。圣奥德尔名册以修道院亲笔完整记着它，落笔时这片谷中还没有伯爵。等他倒下，你会在他身旁读出，让契约回应。这一回答已登记在名册。
data.boss.staging.and.endings.vale.ends.chose.you.choose.the.seat.when.the	You choose the seat. When the Count is down you will take the signet off his hand, sit at the head of his own table, and keep the Vale as he kept it, which is the only way anyone has ever found to keep it. The answer is entered upon the Roll.	你选择主位。伯爵倒下后，你会取下他手上的印戒，坐在伯爵长桌的主位，像他一样看管哀恸谷；这是至今唯一有人找到的看管办法。这个回答录入荣誉名册。	你选择主位。伯爵倒下后，你会取下他手上的印戒，坐在他自家长桌的主位，照他的方式看管哀恸谷——迄今为止，这是任何人找到的唯一办法。这一回答已登记在名册。
data.boss.staging.and.endings.vale.ends.desc.the.east.front.opened.the.abbey	The east front opened; the abbey bell rung up out of the rubble	东侧窗扉打开，修道院钟从瓦砾中挖出敲响	东侧窗板尽开，修道院钟自瓦砾中挖出敲响
data.boss.staging.and.endings.vale.ends.epilogue.the.mist.holds.where.it.has	The mist holds where it has always held, and the Vale is kept, and it is kept by you. The kennels are fed to the hour, the hall is swept, the fires are laid, and a place is set at the head of the table for one. Hollowmere bars its shutters at dusk and cuts its notch, and the bread is left wrapped upon three doorsteps in the evening and is gone by morning. The Guild enters your name upon the Roll of Honour beside the answer you gave, and rules a line beneath it, and posts the Vale as held under a new hand. Each night something comes down the crag road to learn whether the new hand is keeping the old terms.	雾停在一向停的地方，哀恸谷有人看管，如今是你。犬舍按时喂食，大厅扫净，炉火备好，长桌主位摆着单人餐具。霍洛米尔在黄昏关窗上闩，刻下一道记号；三户门阶前仍于傍晚放出裹好的面包，清晨便已不见。公会将你的名字与回答一同录入荣誉名册，划好下面的线，告示山谷已由新主人接管。每夜有东西从峭崖路下来，查问新主人是否遵守旧条款。	雾停在一向停的地方，哀恸谷有人看管，如今是你。犬舍按时喂食，大厅扫净，炉火备好，长桌主位摆着单人餐具。霍洛米尔在黄昏关窗上闩，刻下一道记号；三户门阶前仍于傍晚放出裹好的面包，清晨便已不见。公会将你的名字与回答一同录入荣誉名册，在其下划线为记，并公告哀恸谷由新主人执掌。每夜有东西从峭崖路下来，查问新主人是否遵守旧约。
data.boss.staging.and.endings.vale.ends.keeper.desc.what.comes.down.off.the.crag	what comes down off the crag each night to stand at the edge of the new light and measure it	每夜从峭崖下来，站在新日光边缘测量它的存在	每夜从峭崖下来，立于新光边缘、丈量光之所及的存在
data.boss.staging.and.endings.vale.ends.line.the.long.hall.burns.from.the	The long hall burns from the inside out and takes the state floor with it, and the light of it stands upon the mist over the whole valley. You walk the crag road down by that light, and the shutters of Hollowmere come off their bars as you pass, and nobody in the street looks up at the fire.	长厅从内向外烧起，连主层一起吞没，火光映在全谷上空的雾里。你借那光走下峭崖路，经过霍洛米尔时，窗闩纷纷卸下；街上的人都把目光留在前方。	长厅从内向外烧起，连主层一起吞没，火光映在全谷上空的雾里。你借那光走下峭崖路，经过霍洛米尔时，窗闩纷纷卸下；街上无人抬头看那场火。
data.boss.staging.and.endings.vale.ends.line.the.name.goes.through.the.house	The name goes through the house and through the crag and through the whole floor of the valley, and every made thing in the Vale hears it and lets go at once. You close the register upon the page and stand in a hall that is three hundred years old and is only a hall. Below you the fires go out room by room, and the covers do not come back off the furniture, and nothing in the house is kept any longer.	名字穿过宅子、峭崖与整片谷底，哀恸谷中每件受造之物都听见，同时松脱。你在那一页合书，站在一座三百年的大厅里，如今它只是大厅。下方炉火逐室熄灭，家具罩布再也无人揭开，宅中一切都停止了照料。	名字穿过宅子、峭崖与整片谷底，哀恸谷中每件受造之物都听见，同时松脱。你在那一页合书，站在一座三百年的大厅里，如今它只是大厅。下方炉火逐室熄灭，家具罩布再也无人揭开，宅中再没有什么被看管了。
data.boss.staging.and.endings.vale.ends.tail.the.vale.keeps.its.nights.and.4	The Vale Keeps Its Nights, and Nothing Keeps the Vale	谷中夜色依旧，再无人拘住哀恸谷	谷中夜色依旧，再无物看管哀恸谷
data.boss.staging.and.endings.vale.ends.won.is.put.down.beneath.an.open	is put down, and the east-front shutters are opened	被击败，宅邸东侧的百叶窗随之敞开	被击倒，宅邸东侧的窗板随之打开
data.boss.staging.and.endings.vale.seasons.ambient.the.kennel.runs.upon.the.curtain	The kennel runs upon the curtain wall stand open and empty, and the straw in them is fresh, and the trough is filled to the hour.	外墙旁犬舍围栏敞开而空着，稻草新铺，食槽依时添满。	外墙上的犬舍围栏敞开而空着，稻草新铺，食槽依时添满。
data.boss.staging.and.endings.vale.seasons.line.the.returning.night.halts.where.the	The Returning Night halts where the mist has gone thin and looks the whole length of the moor road it can suddenly see. It cares nothing for the seeing, and it comes on down the crag road at a walk.	归来之夜在雾变薄处停下，望过忽然能看全的荒原道。它随即继续沿峭崖路走下，步速不变。	归来之夜在雾薄处停下，望向忽然能一眼看尽的荒原道。它对能否看见毫不在意，仍沿峭崖路缓步而下。
data.boss.staging.and.endings.vhorren.aftermath.line.you.drive.the.debt.back.down	You drive the debt back down into its bed of warm coin and set the lock anew upon it, the jar for a keystone, and the glow dims under the hoard as the breathing steadies and slows. The deep will hold another age. You take up the count that the last warden could not lay down, and begin the long climb back toward the windlass and the light.	你将那笔债逼回温热的钱币床，以罐子为锁芯重新锁住。宝藏下的光渐暗，呼吸恢复平稳，慢了下来。深处还能封住漫长岁月。你接过上一位守封者始终无法放下的计数，开始向绞盘与天光踏上漫长归途。	你将那笔债逼回温热的钱币床，以罐子为锁芯重新锁住。宝藏下的光渐暗，呼吸恢复平稳，慢了下来。深处还将再封存一个时代。你接过上一位守封者始终无法放下的计数，开始向绞盘与天光踏上漫长归途。
data.boss.staging.and.endings.warden.seasons.ambient.a.tremor.comes.up.the.stair	A tremor comes up the stair from the Bottom, felt through the chair and the floor, and it is the debt turning, and the bonds hold, and the count is kept.	震动从世界之底沿阶梯传来，穿过椅子与地板；那是债在翻身，束缚未松，计数未断。	震动从巨口之底沿阶梯传来，穿过椅子与地板；那是债在翻身，束缚未松，计数未断。
data.boss.staging.and.endings.warden.seasons.ambient.the.windlass.turns.at.the.rim	The windlass turns at the rim far above, and the Guild sends down the next name upon the roll, and you examine it at the door and send it home.	遥远上方的坑缘绞盘转动，公会送下名册上的下一个人；你在门前考察过，再把人送回家。	遥远上方的井口，绞盘转动，公会送下名册上的下一个人；你在门前考察过，再把人送回家。
data.boss.staging.and.endings.warden.seasons.ambient.things.come.up.the.stair.from	Things come up the stair from below to test the new warden, and are turned back at the last door, one by one, as they were turned back before you.	东西从下方沿阶梯上来，试探新守封者，又在最后一道门前逐一被赶回，就像在你之前那样。	有东西从下方沿阶梯上来，试探新守封者，又在最后一道门前逐一被赶回，一如你到来之前。
data.boss.staging.and.endings.warden.seasons.ambient.you.walk.the.offices.of.the	You walk the offices of the keeping on your rounds, the Roll and the gallery and the debtors' deep, and you find the wardens' work sound and add your own to it.	你按时巡视看管署室，走过名册库、陵廊与债徒深狱，检查前代守封者的工作完好，再添上自己的一份。	你按时巡视看管署室，走过名册库、陵廊与债徒深狱，见前代守封者的活计完好，再添上自己的一份。
data.boss.staging.and.endings.warden.seasons.prefix.sealed	sealed	受封的	被封的
data.brands.harnesses.and.register.harnesses.name.the.drake.harness	the drake harness	幼龙护具	地龙护具
data.brands.harnesses.and.register.prologue.tasks.hearing.the.guildmaster.s.warnings.about.the	Hearing the Guildmaster's warnings about the lower levels	聆听会长对深层地区的告诫	聆听公会长关于下层的告诫
data.brands.harnesses.and.register.prologue.tasks.signing.the.adventurers.roll.in.triplicate	Signing the Adventurers' Roll in triplicate	在一式三份的冒险者名册上签名	一式三份签署冒险者名册
data.brands.harnesses.and.register.special.provenance.a.bell.out.of.the.abbey.s.fallen.tower.dug.out.of.the.rubble.of	Dug out of the rubble of Saint Ordel's tower, cracked at the lip and sound elsewhere. It rings when the cold moves it, which the survey notes is not a thing bells do.	从圣奥德尔钟塔废墟中挖出，钟口开裂，其余完好。寒气移动它时便会鸣响；勘测注记指出，这并非钟应有的习性。	从圣奥德尔钟塔废墟中挖出，钟口开裂，其余完好。寒气一动它便会响；勘测注记称，钟并不会这样。
data.brands.harnesses.and.register.special.provenance.a.copper.scale.of.dragon.shed.shed.by.the.assay.and.never	Shed, by the assay, and never struck off. It sits warm in the case in every season, and the case is entered in the inventory as warm.	鉴定认定鳞片自然蜕落，并非砍下。四季里它都使陈列柜发暖，清单也将柜子记作温热。	据鉴定为自然蜕落，并非砍下。它四季都在柜中温热，清单上连柜子也记作温热。
data.brands.harnesses.and.register.special.provenance.a.fist.of.raw.silver.ore.proof.of.standing.silver.in.a	Proof of standing silver in a sealed mine. The assay counter paid the posted rate, and the survey office reopened a file it had marked closed.	封闭矿井仍有银矿的证据。鉴定柜台照公示费率付款，勘测处重新打开一份原已结案的档案。	封闭矿井仍有银矿的证据。鉴定柜台照公示费率付款，勘测所重新打开一份原已结案的档案。
data.brands.harnesses.and.register.special.provenance.a.founder.s.mark.rubbing.cut.from.below.a.rubbing.taken.from.a.keystone	A rubbing taken from a keystone of the drowned foundation, the founder's mark cut upside down to a reader coming from above and in no script the Guild's oldest books carry. The library files it against the Undergate arch's own marks, finds the hand the elder, and renews the filing whenever the arch is recut.	拓片取自沉水地基的拱心石。奠基者印记对从上方来的人而言是倒的，文字也不见于公会最古老的书。图书馆将它与地下门拱上的印记比对，认定拓片笔迹更早；门拱每次重刻，都重作备案。	拓片取自沉水地基的拱心石。奠基者印记对从上方来的人而言是倒的，文字也不见于公会最古老的书。图书馆将它与深门门拱上的印记比对，认定拓片笔迹更古；门拱每次重刻，都重作备案。
data.brands.harnesses.and.register.special.provenance.a.gem.studded.idol.of.a.dead.god.catalogued.as.ornament.by.order.the	Catalogued as ornament, by order. The night-porter has asked that it face the wall, and the request is granted in the minutes.	奉命登记为装饰品。夜间门房请求让它面向墙壁，会议记录批准了此事。	奉命登记为装饰品。夜间门房请求让它面朝墙壁，此请求已在会议记录中获准。
data.brands.harnesses.and.register.special.provenance.a.gold.tooth.of.goodly.weight.recovered.claimant.deceased.fee.waived	Recovered; claimant deceased; fee waived.	已经回收，认领者已死，免收费用。	已回收；认领人已故；免收费用。
data.brands.harnesses.and.register.special.provenance.a.great.iron.ring.of.keys.fourteen.keys.upon.one.ring.none	Fourteen keys upon one ring, none of which fits any lock the Guild owns. A standing order pays a bounty upon the finding of the fourteen doors.	一个环上挂着十四把钥匙，却开不了公会拥有的任何锁。现有常令：谁找到那十四扇门，谁便领赏。	一个环上挂着十四把钥匙，却开不了公会拥有的任何锁。现有常设指令：谁找到那十四扇门，谁便领赏。
data.brands.harnesses.and.register.special.provenance.a.link.of.the.great.chain.drawn.open.a.single.link.of.the.restraint	A single link of the restraint that ran the chained dark, the girth of a cart and drawn open at its ring rather than broken. The counter weighs it by the crane and enters the warden's signature its anchor carried beside the weight, and the survey has asked that the cut end be left as it was found.	曾约束锁链黑暗的一节巨链，粗大如车，链环被拉开而非折断。柜台用吊机称重，将锚座上的守卫签名附记在重量旁；勘测处要求保留开口原状。	锁链暗域中那道束缚上的一节链环，粗如一辆车，是在环口处被拉开而非断裂。柜台用吊机称重，并在重量旁记下其锚座所载的守封者签名；勘测所要求切口保持发现时原样。
data.brands.harnesses.and.register.special.provenance.a.mourning.brooch.woven.of.dark.hair.woven.of.one.person.s.hair.and	Woven of one person's hair and set behind glass, with a date upon the back and no name. Eleven of these have come out of the Vale and every one of them carries the same date.	用一个人的头发编成，嵌在玻璃后面，背面只有日期，没有姓名。山谷已出土十一枚，日期全部相同。	用一个人的头发编成，嵌在玻璃后面，背面只有日期，没有姓名。哀恸谷已流出十一枚，每一枚的日期都相同。
data.brands.harnesses.and.register.special.provenance.a.sealed.potion.of.healing.the.seal.is.the.old.guild	The seal is the old Guild seal, three masters before the present one. The contents keep, and the Guild keeps the contents.	封蜡上是旧公会印，比现任会长早三任。内里的药水依旧完好，由公会继续保管。	封印是旧公会印，比现任公会长早三任。内容物未坏，公会便把内容物留着。
data.brands.harnesses.and.register.special.provenance.a.silver.backed.looking.glass.cracked.across.cracked.corner.to.corner.and.silvered	Cracked corner to corner and silvered on the back in the old manner. The Guild's note is short and is repeated on the label: it shows the room correctly and it shows the holder correctly, and the two do not always agree upon how many people are in the room.	镜面从一角裂到另一角，背面依古法镀银。公会的短注也写在标签上：房间和持镜者都映得准确，只是两者并非总认同房里有几个人。	镜面从一角裂到另一角，背面依古法镀银。公会的短注也写在标签上：房间映得准确，持镜者也映得准确，只是二者对房中有几人，并不总是意见一致。
data.brands.harnesses.and.register.special.provenance.a.struck.through.page.of.the.roll.a.single.leaf.of.the.manifest	A single leaf of the manifest of the sealed, a warden entered at its head in a firm hand and struck through at its foot in a fainter one. The Library reads the two hands against its own rolls, finds the warden a capstone the survey has on its books, and files the leaf under the count.	封禁名录中的一页，页首以有力笔迹记着一名守卫，页尾又以较淡笔迹划去。图书馆对照自有名册，认出此人正是勘测图上的关底强敌，遂按计数归档。	被封者名簿中的一页：页首以有力的笔迹登记一位守封者，页尾又以较淡的笔迹将其划去。图书馆将两种笔迹与自藏名册对照，认出此守封者正是勘测所账上的一名关底首领，遂将此页归入计数档下。
data.brands.harnesses.and.register.special.provenance.a.sword.of.keen.and.uncommon.sharpness.recovered.whole.the.armourer.s.report.reads	Recovered whole. The armourer's report reads: maker unknown, edge unaccountable, scabbard to be issued at the bearer's own risk.	完整回收。铠甲匠报告写道：制造者不明，刃口无从解释；配发剑鞘，风险由持有者自负。	完整回收。军械官报告写道：制造者不明，刃口无从解释；配发剑鞘，风险由持有者自负。
data.brands.harnesses.and.register.special.provenance.a.vault.key.of.dwarf.make.dwarf.make.sound.and.cut.for.no	Dwarf-make, sound, and cut for no vault the survey names. Filed under patience.	矮人制造，完好；勘测图上却没有它能开的宝库。归档为待查。	矮人制造，完好；勘测图上却没有它能开的宝库。归入「耐心」一类存档。
data.brands.harnesses.and.register.special.provenance.a.warden.s.seal.struck.through.in.lead.one.of.the.seven.seals.of	One of the seven seals of the wardens, its impression whole and its field struck across in soft lead, in the fashion of the vault wall. The assay counter rules the lead a later hand and the seal itself older than the Guild, and keeps it against the reading of the impression.	七枚守卫印章之一，印纹完整，印面以软铅划销，式样与宝库墙上相同。鉴定柜台认定铅痕为后人所加，印章本身早于公会；留待读解印纹。	七位守封者的七枚印章之一，印纹完整，印面以软铅划销，与密室墙上的做法相同。鉴定柜台认定铅痕为后人所加，印章本身早于公会；留待读解印纹。
data.brands.harnesses.and.register.special.provenance.a.waxling.s.errand.list.part.melted.and.the.last.legible.errand	Part-melted, and the last legible errand is a name and a floor. The name is entered elsewhere in this catalogue, and the floor is closed.	清单已部分融化，最后一项可辨的差事是一个名字和一层楼。那个名字另记在本目录中，那一层已经封闭。	清单已部分融化，最后一项尚可辨认的差事，是一个名字和一个层号。那个名字另见本目录，那一层已封闭。
data.brands.harnesses.and.register.special.provenance.a.wizard.s.water.stained.grimoire.dried.leaf.by.leaf.at.the	Dried leaf by leaf at the Library's expense. Three pages remain shut fast to one another, and the copyists have stopped prying.	由图书馆出钱，逐页晾干。仍有三页紧粘在一起，誊写员已停止撬开。	由图书馆出钱，逐页晾干。仍有三页紧粘在一起，誊写员已不再去撬。
data.brands.harnesses.and.register.special.provenance.the.copyist.general.s.ribbon.the.ribbon.that.ruled.his.page	The ribbon that ruled his page. The library measured it three times and got three lengths, and files the mean, under the measurer's written protest.	这条缎带曾划定他的纸页。图书馆量了三次，得出三个长度，最终取平均数归档，旁附测量者的书面异议。	他用来给纸页打格的缎带。图书馆量了三次，得出三个长度，最终取平均数归档，旁附测量者的书面异议。
data.brands.harnesses.and.register.special.provenance.the.tuesday.party.s.sealed.provisions.guild.issue.returned.with.every.seal	Guild issue, returned with every seal unbroken. Redeemed at the counter, and the families settled; the bread was three years old and sound.	公会配发，归还时每道封口都完整。在柜台兑付后，家属所得也已结清；面包放了三年，仍然完好。	公会配发，归还时每道封口都完整。已于柜台兑付，家属之款亦已结清；面包放了三年，仍然完好。
data.brands.harnesses.and.register.specials.a.creditor.s.tally.stick.notched.past.reading	a creditor's tally-stick, notched past reading	一根刻痕密得无法辨读的债权筹	一根刻痕密到无从辨读的债主记账筹
data.brands.harnesses.and.register.specials.a.page.of.your.own.chronicle	a page of your own chronicle, in another hand	一页由他人手写的你的纪事	你的纪事中的一页，出自他人之手
data.brands.harnesses.and.register.specials.a.season.s.docket.from.the.court	a season's docket from the court of the Lich	巫妖法庭一季的案目	巫妖宫廷一季的议程表
data.brands.harnesses.and.register.specials.a.struck.through.page.of.the.roll	a struck-through page of the Roll	荣誉名册上被划去的一页	名册中被划销的一页
data.brands.harnesses.and.register.specials.a.tooth.of.the.observatory.rings	a tooth of the observatory rings	天文台巨环上的一枚齿	观测所巨环上的一枚齿
data.brands.harnesses.and.register.specials.a.warden.s.seal.struck.through.in	a warden's seal struck through in lead	一枚以铅划销的守卫印章	一枚以铅划销的守封者印章
data.brands.harnesses.and.register.specials.a.waxling.s.errand.list	a waxling's errand-list	蜡人的差事清单	一份蜡造怪的差事清单
data.brands.harnesses.and.register.specials.the.barrow.reeve.s.spare.seal	the Barrow-Reeve's spare seal	丘冢执事的备用印章	墓冢领主的备用印章
data.brands.harnesses.and.register.specials.the.copyist.general.s.ribbon	the Copyist-General's ribbon	总誊写官的缎带	总抄写官的缎带
data.brands.harnesses.and.register.specials.the.false.guildmaster.s.pen	the False Guildmaster's pen	冒牌公会会长的笔	假公会长的笔
data.brands.harnesses.and.register.vale.ambient.global.somewhere.across.the.valley.a.horn	Somewhere across the valley a horn is blown, one long note, and three quarters of the Vale answer it.	山谷另一头有人吹出一声长角，哀恸谷四分之三的地方都有回应。	山谷另一头有人吹响号角，一声长音，哀恸谷四分之三的地方都应了。
data.brands.harnesses.and.register.vale.ambient.global.you.take.your.rations.sitting.with	You take your rations sitting with your back to a wall, because in this valley everyone sits with their back to a wall.	你背靠墙坐着吃口粮，山谷里人人都这样坐。	你背靠墙坐着吃口粮，因为这山谷里人人都背靠墙坐。
data.brands.harnesses.and.register.vale.prologue.tasks.hearing.the.guildmaster.s.warnings.about.the	Hearing the Guildmaster's warnings about the standing mist	聆听会长对常驻浓雾的告诫	聆听公会长关于常驻浓雾的告诫
data.brands.harnesses.and.register.vale.prologue.tasks.signing.the.north.survey.s.roll.open	Signing the north survey's roll, open and empty these eleven years	在空置开放了十一年的北方勘测名册上签名	在开放十一年、至今无人签名的北方勘测名册上签名
data.brands.harnesses.and.register.vale.specials.a.portrait.miniature.of.a.lady.long	a portrait-miniature of a lady long dead	一幅早已死去的贵妇肖像小画	一幅故去已久的贵妇的微型肖像
data.charter.data.and.chart.chart.seals.name.cave.wise	Cave-Wise	洞穴常识	谙熟洞穴
data.charter.data.and.chart.chart.seals.name.pack.craft	Pack-Craft	背包手艺	打包手艺
data.charter.data.and.chart.chart.seals.name.quartering	Quartering	四向分割	大卸四块
data.charter.data.and.chart.chart.seals.name.the.cut.purse	The Cut Purse	割下的钱袋	剪绺
data.charter.data.and.chart.chart.seals.name.the.sure.kill	The Sure Kill	确实击杀	稳杀
data.dynamic.boss.staging.and.endings.vale.letter.options.log.1	The hall is answered already and the answer entered upon the Roll; this letter names the road you took, and it changes nothing now.	大厅已经得到答复，并记入荣誉名册。这封信只记下你走过的路，如今不会改变结果。	大厅已经得到答复，答复已记入名册。这封信只记下你走过的路，如今不会改变任何事。
data.dynamic.charter.signing.and.surveyor.chart.sign.notice.4	A ring of the Long Charter stands closed.	大宪章的一环已经闭合。	长宪章的一环已经闭合。
data.dynamic.charter.signing.and.surveyor.pts.nudge.tick.log.1.variant2	Your charter holds {tag1}{chartWait}{tag2} skill points unspent, and the pen is yours. Open {tag3}Skills{tag4} (menu) to take the next skill by your own hand.	宪章尚余{tag1}{chartWait}{tag2}技能点数，笔在你手中。打开菜单的{tag3}技能{tag4}，即可亲自选取下一项。	宪章尚有{tag1}{chartWait}{tag2}个技能点未分配，笔在你手中。打开菜单的{tag3}技能{tag4}，即可亲自选取下一项。
data.dynamic.charter.signing.and.surveyor.writ.offer.letter.log.2	The oath is folded away refused, and your skills run on as they stand. The Guild will not lay it upon the counter again.	誓约已因拒绝而收起，现有技能照常保留。公会不会再将它摆上柜台。	誓约已折起收存，记为拒绝；现有技能照旧运行。公会不会再将它摆上柜台。
data.dynamic.chests.traps.and.camp.dream.roll.log.1	You dream of nothing you can afterwards describe, and you wake with your hand shut upon something that was not in the pack when you lay down.	你梦见难以述说的事，醒来时手已合握，里面有一件躺下时背包里还没有的东西。	你做了一个醒后说不出的梦，醒来时手里攥着一样东西——躺下时，背包里并无此物。
data.dynamic.chests.traps.and.camp.dream.roll.log.2.variant3	You dream of a stair that is on no chart, and the dream is careful to show you where it begins.	你梦见一道地图上没有的阶梯，梦境清楚展示了它的起点。	你梦见一道任何图上都没有的阶梯，梦境仔细地让你看清它从何处开始。
data.dynamic.chests.traps.and.camp.road.maths.part.row0.7	half a leg of descent credit	获得半段旅途的深入进度	获得半段旅途的下行进度
data.dynamic.chests.traps.and.camp.sleep.through.log.1	{tag1}You dream{tag2}, and it is a plain dream: the fire burns warmer than the wood in it accounts for, and you sleep without turning once. {value}	{tag1}你做了梦{tag2}，只是平常的梦。炉火比木柴应有的热度更暖，你睡得安稳，未曾翻身。{value}	{tag1}你做了梦{tag2}，只是寻常的梦：炉火之暖，胜过那几根柴所能给的，你一夜安睡，未曾翻身。{value}
data.dynamic.feats.board.and.multipliers.feats.lic.text.12.world	Licensed at {need} patterns entered in the armoury book. You have {value}.	军械库书中录入{need}份图样后获准。当前{value}。	军械库簿册录入{need}份图样后获准。当前{value}。
data.dynamic.feats.board.and.multipliers.feats.lic.text.3.world	Licensed at {need} beasts entered as mastered in the Guild's book. You have {value}.	公会书中记有{need}种精通野兽后获准。当前{value}。	公会簿中登记为精通的野兽达到{need}种后获准。当前{value}。
data.dynamic.fight.resolution.and.log.break.off.log.2	{tag1}You go down.{tag2} The Guild has never lost a member upon the road, and it does not lose you here: the last of it is somebody else's hands under your arms and the stair going by. {value} is left standing.	{tag1}你倒下了。{tag2}公会向来会把路上的会员带回，这次也赶到了。最后的记忆是有人架住你的双臂，阶梯从身旁掠过。{value}仍站在那里。	{tag1}你倒下了。{tag2}公会从未在路上丢过一名会员，这次也没丢下你：最后记得的，是有人从腋下将你架起，阶梯从身旁掠过。{value}仍立在原地。
data.dynamic.final.honour.maps.variant1	Prologue behind you, +{value}% descent	已跳过序章，深入进度+{value}%	已跳过序章，下行进度+{value}%
data.dynamic.gear.catalog.and.forge.ward.shave.log.1	Your armour turns aside {off} of the capstone's stroke.	护甲替你挡去关底强敌攻击中的{off}点。	护甲替你挡去关底首领攻击中的{off}点。
data.dynamic.lexicon.world.voice.and.gifts.check.cre.open.toast.1	{tag1}The sheet opens:{tag2} {value}{tag3}{tag4}{value1}{tag5}	{tag1}档案开放：{tag2}{value}{tag3}{tag4}{value1}{tag5}	{tag1}登记表开放：{tag2}{value}{tag3}{tag4}{value1}{tag5}
data.dynamic.lexicon.world.voice.and.gifts.refresh.mech.variants.plain.22	A completed market return restores 5% of max HP and MP each stage.	每阶段使每次完成市场往返时恢复最大HP与MP的5%。	每阶段：每完成一次市场往返，恢复最大HP与MP的5%。
data.dynamic.lexicon.world.voice.and.gifts.refresh.mech.variants.plain.3	Land 100 crits in one chronicle.	在一次冒险中造成100次暴击。	在一部纪事中造成100次暴击。
data.dynamic.lexicon.world.voice.and.gifts.refresh.mech.variants.plain.39	+1 crit range, for every chronicle after	暴击范围+1，对此后每次冒险生效	暴击范围+1，此后每部纪事皆生效
data.dynamic.lexicon.world.voice.and.gifts.refresh.mech.variants.plain.48	Weather favours skies with beasts not yet killed this chronicle. Ordinary hunts prioritise monsters never met in any chronicle; the current weather monster has priority until killed this chronicle. A quest target takes precedence when drawn. You attack weather monsters once more per round.	天气优先选择与本次编年史中尚未击杀的怪物对应的状态。普通狩猎优先选择你在所有编年史中从未遇见的怪物；当前天气怪物优先，直到它在本次编年史中被击杀。若抽中任务目标，则任务目标优先。对天气怪物每轮增加一次攻击。	天气优先选择本部纪事中尚未击杀其怪物的天气。普通狩猎优先选择在任何纪事中都未遇见的怪物；当前天气怪物在本部纪事中被击杀前一直优先。若抽中任务目标，则任务目标优先。对天气怪物每回合多攻击一次。
data.dynamic.lexicon.world.voice.and.gifts.refresh.mech.variants.plain.50	+8% descent progress on every floor below a boss.	击败首领后，下一层的深入进度+8%。	击败首领后，下一层的下行进度+8%。
data.dynamic.lexicon.world.voice.and.gifts.refresh.mech.variants.world.26	The third opens the quartermaster's yard, where hands are asked for by name and entered upon higher stands.	第三阶段开放军需官院场，可点名聘用帮手，并为其提升晋升资格。	第三阶段开放军需院场，可点名聘请帮手，并将其登入更高的等级上限。
data.dynamic.lexicon.world.voice.and.gifts.refresh.mech.variants.world.3	Land 100 clean strokes in one chronicle.	在一次冒险中命中100次破绽一击。	在一部纪事中命中100次破绽一击。
data.dynamic.lexicon.world.voice.and.gifts.refresh.mech.variants.world.47	A beast this chronicle has mastered takes a tenth again from every blow you land upon it.	本次纪事已精通的野兽，每次受你攻击时额外承受一成伤害。	本部纪事已精通的野兽，每次受你攻击时额外承受一成伤害。
data.dynamic.lexicon.world.voice.and.gifts.refresh.mech.variants.world.48	The sky favours weather whose beast this chronicle has not killed. Ordinary hunts favour beasts never met in any chronicle; the current weather beast leads the hunt until killed in this chronicle. A posted quarry takes precedence when drawn. You make one extra attack per round against weather beasts.	天候优先转向与本次编年史中尚未杀死的野兽相应的状态。普通狩猎优先选择你在所有编年史中从未遇见的野兽；当前天候对应的野兽会优先成为猎物，直到它在本次编年史中被杀死。若抽中告示上的猎物，则该猎物优先。对天候野兽每轮多攻击一次。	天象偏向本部纪事中尚未杀死其野兽的天候。寻常狩猎偏向在任何纪事中都从未遇见的野兽；当前天候的野兽在本部纪事中被杀死之前，始终优先成为猎物。若抽中告示上的猎物，则以该猎物为先。对天候野兽，每回合多攻击一次。
data.dynamic.lexicon.world.voice.and.gifts.refresh.mech.variants.world.50	+8% descent upon every floor below a capstone.	击倒关底强敌后，下一层的深入进度+8%。	关底首领以下的每一层，下行进度+8%。
data.dynamic.lexicon.world.voice.and.gifts.refresh.mech.variants.world.54	A house that keeps two beasts keeps them better: every companion of yours comes on a tenth the quicker.	擅养百兽的人家照料伙伴更得法，你的宠物成长加快一成。	养着两头牲畜的人家，照料起来更得法：你的每只伙伴都成长快一成。
data.dynamic.lexicon.world.voice.and.gifts.slip.text.bar.hp.stats.part.entry2.1	Below {value}%: spend a camp, full heal.	HP低于{value}%：消耗1营地，完全恢复。	HP低于{value}%：消耗1份营地，完全恢复。
data.dynamic.monster.stat.blocks.and.marks.debuff.tip.plain.1	 It stacks to {STONE_MAX}. Stage {STONE_MAX1} ends the descent.	 最多叠加{STONE_MAX}层。第{STONE_MAX1}阶段结束冒险。	 最多叠加{STONE_MAX}层。第{STONE_MAX1}阶段终结此次下行。
data.dynamic.monster.stat.blocks.and.marks.debuff.tip.world.1	 It deepens upon every bite, and the {STONE_MAX}th ends the descent.	 每次噬咬都会加深石化，第{STONE_MAX}次便结束冒险。	 每次噬咬都会加深石化，第{STONE_MAX}次便终结此次下行。
data.dynamic.pets.pet.prov.text.1.plain	Won off a mimic killed in the surprise round, which you get by spotting it before you open the lid. That kill is its only source.	开箱前识破拟态怪会获得突袭回合。必须在该回合击杀它，才能获得，这是唯一来源。	只能从突袭回合中击杀的拟形怪身上获得；开箱前识破拟形怪即可获得突袭回合。这是唯一来源。
data.dynamic.pets.pet.prov.text.1.world	Won off a mimic put down by the free stroke, the tooth in the hinge seen while the lid is still up, so the thing never has a move of its own, and no other way.	在开盖前看见铰链里的牙，取得先手回合，并在拟态怪尚未行动时将它击杀，才可获得，别无来源。	须趁箱盖未落时看见铰链里的牙，以先发一击击杀拟形怪，使其始终不得行动，方可获得，别无他途。
data.dynamic.pets.pet.works.world.1	It eats a common piece where it falls and pays the counter's price on the spot, and it smells the good ones: a chest is {value}% likelier to hold an artefact while it follows you.	它就地吃下普通掉落物，并立即付出柜台收价。它也能嗅出好东西，跟随时宝箱含有神器的概率提高{value}%。	它就地吃下普通掉落物，当场按柜台价付钱给你；它还嗅得出好货：它跟随期间，宝箱含有神器的概率提高{value}%。
data.dynamic.pets.pets.prov.part.return.5	It has followed the counter's carts since Mereward had a counter. At the five thousandth lid it starts following you instead.	梅尔沃德有柜台以来，它就跟着货车。第五千只箱盖打开后，它改为跟随你。	自梅尔沃德有柜台以来，它便一直跟着柜台的货车。开到第五千只箱盖时，它改为跟着你。
data.dynamic.pets.pets.prov.part.return.6	The stair no chart records is counted a hundred times before the hare shows itself upon one. Then it walks down with you.	地图未记的阶梯被发现一百次后，雾兔才会现身其上，随后与你一同下行。	地图未载的阶梯要记满一百次，雾兔才会在其中一道上现身，随后与你一同下行。
data.dynamic.pets.pets.prov.part.return.7	Found aboard the lost cutter in the Last Anchorage. This expedition is its only source. It stays on the Roll after retirement.	在最后的锚地失踪快艇上发现，只能通过此次远征获得。退休后仍保留在荣誉名册中。	在最后的锚地失踪快帆船上发现，只能通过此次远征获得。退休后仍保留在荣誉名册中。
data.dynamic.pets.take.pet.log.1	{tag1}The chest does not open, and it does not run.{tag2} It follows you, at a distance it chooses, and it will not be left behind. The Guild enters it upon your Roll as a companion, and the clerks decline to say of what.	{tag1}宝箱合着盖，留在原地等你。{tag2}你动身后，它隔着自己选定的距离跟上，再也甩不掉。公会将它以伙伴身份记入荣誉名册，种属一栏暂且留空。	{tag1}宝箱不开，也不逃。{tag2}它跟着你，远近由它自定，再也甩不掉。公会将它以伙伴身份记入你的荣誉名册；是什么的伙伴，书记员不肯填写。
data.dynamic.weather.calendar.and.hirelings.companion.recall.line.text.2	You think of {name}, the {who} who climbed home sound after a chronicle past, and hope this descent turns up a hand as good.	你想起{name}，那个在往昔纪事后平安归来的{who}，盼着此次下行也能遇到同样好的帮手。	你想起{name}——往昔某部纪事里平安爬回地面的那名{who}——盼着此番下行也能遇上同样得力的帮手。
data.dynamic.weather.calendar.and.hirelings.hireling.effect.line.text.4.world	It feeds what walks at your heel out of a satchel of its own: a companion comes on {p}% quicker and pays {p1}% more.	从自己的挎袋里取食物喂养你的随行伙伴，使伙伴成长加快{p}%，效力提高{p1}%。	从自己的信囊里取食物喂养你的随行伙伴，使伙伴成长加快{p}%，效力提高{p1}%。
data.dynamic.weather.calendar.and.hirelings.hireling.rank.name.text.1.variant5	the Guild's own	公会本部成员	公会嫡系
data.dynamic.weather.calendar.and.hirelings.hireling.rank.name.text.1.variant9	newly taken on	初次受雇	新近受雇
data.dynamic.weather.calendar.and.hirelings.sky.tip.world.4	A sky of another country, raised by the court for a beast still unmet.	法庭唤起别处的天候，带来尚未见过的野兽。	异乡的天候，由法庭为一头尚未谋面的野兽唤起。
data.dynamic.weather.calendar.and.hirelings.take.hand.notice.1	{name} takes service.	{name}开始受雇。	{name}前来效力。
data.feats.board.and.multipliers.feats.say.8.descent.progress.on.every.floor	+8% descent progress on every floor below a boss.	击败首领后，下一层的深入进度+8%。	击败首领后，下一层的下行进度+8%。
data.fight.resolution.and.log.kill.verbs.closed.the.account.on	Closed the account on	了结	结清
data.fight.resolution.and.log.mod.weak.a.lone	a lone	孤行的	落单的
data.fight.resolution.and.log.modules.blurb.the.adventurers.guild.at.mereward.keeps	The Adventurers' Guild at Mereward keeps a hole in the ground and a tally of who comes back out of it. Things climb out of the Maw, and somebody must be sent in. You are issued one (1) torch, one (1) ten-foot pole and a numbered tag for the recovery of remains, and you take the first stair with everyone else who ever took it. Thirty floors down, past a goblin warren, a dead dwarf-hold, a drowned temple, a wyrm upon its hoard, a mad mage's halls and an office of the keeping, the Maw proves a prison dug from both ends, and the whole descent proves a fall.	梅尔沃德的冒险者公会守着地上的一个洞，也记着谁能从里面回来。巨口中有东西爬出，便须派人进去。你领到火把一（1）支、十尺长杆一（1）根，以及供收殓遗骸的编号身份牌，然后踏上所有前人都走过的第一道阶梯。下行三十层，穿过地精巢穴、死寂的矮人堡垒、沉水神殿、盘踞宝藏的巨龙、疯法师的厅堂，以及看守者的官署，巨口终于显出真相：这是一座从两端开凿的监狱，而一路的下降，原来都是坠落。	梅尔沃德的冒险者公会守着地上的一个洞，也记着谁能从里面回来。巨口中有东西爬出，便须派人进去。你领到火把一（1）支、十尺长杆一（1）根，以及供收殓遗骸的编号身份牌，然后踏上所有前人都走过的第一道阶梯。下行三十层，穿过地精巢穴、死寂的矮人堡垒、沉水神殿、盘踞宝藏的巨龙、疯法师的厅堂，以及看管署室，巨口终于显出真相：这是一座从两端开凿的监狱，而一路的下行，原来都是坠落。
data.fight.resolution.and.log.modules.blurb.the.moor.road.north.out.of	The moor road north out of Mereward ends where no road should, in a bank of mist that has lain across it longer than the Guild has kept records of the moor. Walk into it and it closes behind you, and what lies beyond is a valley shut upon every side: a village that bars its shutters from the street, a wood drowned when the mill-race was cut, an orchard planted upon graves, a lake that keeps a wedding, and a crag with a kept house upon it. Its lord is Corvane, who buried his bride, his abbot and his whole household, and who has not lain down these three hundred years. Four things may be done in his hall, and he has thought about all four.	从梅尔沃德向北的荒原道路，在本不该终止之处停住，被一团浓雾拦断。浓雾横在那里，比公会记载这片荒原的历史还久。你走进去，它便在身后合拢。雾后是一座四面封闭的山谷：村庄的窗板从街外闩住，磨坊水道遭截断后淹没的林地，种在坟墓上的果园，留住一场婚礼的湖，以及峭壁上的宅邸。此地之主科尔文埋葬了新娘、院长和全宅家人仆役，三百年来未曾躺下。你在他的大厅中可以做四件事，每一件他都想过。	梅尔沃德往北的荒原道，在本不该有尽头的地方到了尽头，没入一道雾堤。雾横在路上的年头，比公会为这片荒原立档还久。走进去，雾便在身后合拢。雾那边是一座四面封死的山谷：一座向街闩紧窗板的村子，一片因开凿磨坊水道而淹没的林子，一座种在坟上的果园，一面留住一场婚礼的湖，还有一座峭壁，壁上宅邸有人守着。此地之主科尔文埋葬了新娘、院长和全宅上下，三百年来未曾躺下。在他的大厅里可做的事有四件，四件他都想过。
data.fight.resolution.and.log.modules.mechanic.summary.vale.gifts.every.13.quests	Vale gifts every 13 quests.	每13项任务获得山谷赠礼。	每13项任务获得谷地赠礼。
data.fight.resolution.and.log.modules.mechanic.unique.mechanic.vale.gifts.every.13	Unique mechanic: Vale gifts. Every 13 quests: gold, then XP, then gold again. Unique rewards at 100, 200, 300 and 400 quests. Gifts arrive automatically, even offline. Quest progress stays after retirement.	独有机制：山谷赠礼。每完成13项任务便获赠礼，依次为金币、XP，再回到金币。完成100、200、300、400项任务时各有独有奖励。赠礼自动送达，离线时也不例外。任务进度在退休后保留。	独有机制：谷地赠礼。每完成13项任务便获赠礼，依次为金币、XP，再回到金币。完成100、200、300、400项任务时各有独有奖励。赠礼自动送达，离线时也不例外。任务进度在退休后保留。
data.fight.resolution.and.log.modules.note.the.debt.is.broken.where.it	The debt is broken where it lies, the count ends with you, and the Guild strikes the Maw from its charter and takes the windlass down for its timber.	债在原处被打破，计数到你为止。公会从宪章中划去巨口，拆下绞盘，回收木料。	债在原处被打破，计数到你为止。公会从章程中划去巨口，拆下绞盘，取其木料。
data.fight.resolution.and.log.modules.note.the.debt.is.driven.down.and	The debt is driven down and bound anew, the jar for a keystone, and the deep holds another age under a warden newly set upon the Roll.	深处之债再次被压下封住，罐子成为拱心石。新任守卫者记入荣誉名册，地底又得以维持一个时代。	深处之债再次被压下、重新封缚，以罐为拱心石；新的守封者录入名册，地底又得守住一个时代。
data.fight.resolution.and.log.modules.premise.descend.thirty.floors.beneath.mereward.and	Descend thirty floors beneath Mereward and settle the debt at the bottom.	深入梅尔沃德地下三十层，清偿底层的债。	深入梅尔沃德地下三十层，了结巨口之底的那笔债。
data.fight.resolution.and.log.pale.omens.it.is.pale.as.a.drowned	It is pale as a drowned month, and the omen-sign stands plain upon it for any who have learned to read the dark.	它苍白如久浸水中的月影。懂得辨读黑暗的人，都能看出它身上的凶兆。	它苍白如在水中泡过一月。凡学过辨读黑暗的人，都能一眼看出它身上的凶兆。
data.fight.resolution.and.log.pale.omens.something.has.touched.this.one.and	Something has touched this one and left its pallor as a seal, and the seal reads as ill fortune in every reckoning the Guild keeps.	有东西碰过它，留下苍白如印。在公会保管的每一种算法里，这道印都意味着厄运。	有东西碰过它，留下这片苍白作印。公会所记的每一本账里，这道印都作厄运论。
data.fight.resolution.and.log.pale.omens.the.torchlight.falls.upon.it.and	The torchlight falls upon it and finds only the grey of old bone, and a dread settles over the road with you now.	火光落在它身上，只照出陈骨般的灰白。此后的道路也蒙上一层凶兆。	火光落在它身上，只照出陈骨般的灰白。此后一路，都有一股惧意随你同行。
data.floor.scale.rest.and.road.lost.roster.world.the.morning.holds.twice.as.long	The morning holds twice as long, the fire is banked the oftener, and she tends your sleep besides.	清晨休整的余力维持两倍时间；营火得以保留的机会提高15%，她每夜还多照看你一次梦境。	清晨的余力维持两倍之久，营火更常得以封存，她还替你照看睡梦。
data.gear.catalog.and.forge.catalog.name.a.tarn.soaked.mantle	a tarn-soaked mantle	湖水浸透的披风	潭水浸透的披风
data.gear.catalog.and.forge.catalog.name.animated.shield	animated shield	舞动盾	活化盾
data.gear.catalog.and.forge.catalog.name.corvane.s.own.cuirass	Corvane's Own Cuirass	科尔文的亲身胸铠	科尔文的贴身胸铠
data.gear.catalog.and.forge.catalog.name.the.guildmaster.s.commendation	The Guildmaster's Commendation	公会会长的嘉奖	公会长的嘉奖
data.gear.catalog.and.forge.catalog.name.the.tarnwood.stave	the tarnwood stave	湖木长杖	潭木长杖
data.gear.catalog.and.forge.catalog.name.the.warden.s.own.shield	the warden's own shield	首任守卫的盾牌	守封者亲持的盾牌
data.gear.catalog.and.forge.catalog.prov.awarded.after.400.quests.in.the	Awarded after 400 quests in the Mourning Vale. Wickett fills the brass case with wicks cut from the village's vigil candles. Its Armoury pattern remains after retirement.	完成哀恸谷400项任务后获得。威克特将村中守夜蜡烛剪下的灯芯装满铜盒。其军械库图样在退休后保留。	完成哀恸谷400项任务后获得。威克特从村中守夜蜡烛上剪下灯芯，装满这只铜盒。其军械库图样在退休后保留。
data.gear.catalog.and.forge.catalog.prov.awarded.for.the.hidden.haven.ending	Awarded for the Hidden Haven ending in the Last Anchorage.	完成最后的锚地「隐秘避风港」结局时获得。	完成最后的锚地「隐蔽避风港」结局时获得。
data.gear.catalog.and.forge.catalog.prov.handed.over.by.vhorren.at.the	Handed over by Vhorren at the foot of the Maw, to a martial hand, every time.	每次都由巨口底层的沃伦交给武斗职业。	每次都由巨口之底的沃伦交给武斗职业。
data.gear.catalog.and.forge.catalog.prov.handed.over.by.vhorren.at.the.2	Handed over by Vhorren at the foot of the Maw, to a lettered hand, every time.	每次都由巨口底层的沃伦交给文法职业。	每次都由巨口之底的沃伦交给文法职业。
data.gear.catalog.and.forge.catalog.prov.off.a.capstone.and.off.nothing	Off a capstone, and off nothing else: the deep itself no longer gives these up.	只从关底强敌身上取得，地牢中的普通搜寻已无法获得。	只从关底首领身上取得，别无他途：深处本身已不再交出此物。
data.gear.catalog.and.forge.catalog.prov.recovered.from.the.lost.cutter.in	Recovered from the lost cutter in the Last Anchorage. This expedition is its only source.	从最后的锚地失踪快艇上寻回，只能通过这次远征获得。	从最后的锚地失踪快帆船上寻回，只能通过这次远征获得。
data.gear.catalog.and.forge.catalog.rider.0.2.on.every.d20.check.for	+0.2 on every d20 check, for what such a thing is worth.	这个小结让所有d20检定+0.2。	所有d20检定+0.2——此物也就值这么多。
data.gear.catalog.and.forge.catalog.rider.1.point.of.guard.and.the	+1 point of guard, and the ring is never off the hand.	戒指戴在手上，便提供+1防御。	+1防御，且此戒从不离手。
data.gear.catalog.and.forge.catalog.rider.26.mp.and.the.air.inside	+26 MP, and the air inside it was breathed by somebody three hundred years dead.	+26MP，罐内的空气曾被一个死去三百年的人呼吸。	+26MP，罐内的空气，是一个死了三百年的人呼出的。
data.gear.catalog.and.forge.catalog.rider.2d6.against.anything.scaled.and.winged	+2d6 against anything scaled and winged.	+2d6伤害，对付有鳞翼的龙。	对一切有鳞有翼之物+2d6伤害。
data.gear.catalog.and.forge.catalog.rider.3.points.of.defence.and.the	+3 points of Defence, and the seven tombs are worked into the hem in a hand nobody reads.	+3防御；下摆绣着七座坟墓，针法无人识得。	+3防御；下摆绣着七座墓，所用字迹无人读得懂。
data.gear.catalog.and.forge.catalog.rider.4.stone.of.carriage.for.the	+4 stone of carriage, for the sack's inside is no part of the sack.	袋内另有空间，可多承四英石负载。	负重+4英石——袋子的里头，不算袋子的一部分。
data.gear.catalog.and.forge.catalog.rider.4.upon.every.test.the.deep	+4 upon every test the deep sets you, while it is carried.	携带时，地底给你的每项d20检定都+4。	随身携带时，地底设下的每一道考验，你都+4。
data.gear.catalog.and.forge.catalog.rider.40.quicker.refilling.of.the.well	40% quicker refilling of the well of MP.	MP法力泉的恢复速度提高40%。	MP之泉回涨速度加快40%。
data.gear.catalog.and.forge.catalog.rider.a.breath.against.the.wall.closes.2	A breath against the wall closes 35% more, for a caster mends as a martial bleeds.	靠墙喘息时，伤势多恢复35%。施法者的疗伤也依此计量。	靠墙喘息时，伤势多恢复35%：施法者补回的，正如武斗者流掉的。
data.gear.catalog.and.forge.catalog.rider.a.strip.of.ribbon.and.a	A strip of ribbon and a seal in green wax, signed out when all four module legendaries stand upon the Roll. The counter enters it in the ledger at no value at all, and the clerk stands up to do it. Every door the Guild opens for you afterwards opens wider.	一段缎带配一枚绿蜡印，颁给集齐四件冒险传说装备的人。柜台将它以零价记入账册，书记员起身落笔。此后关底强敌给出传说装备的机会提高25%。	一段缎带，一枚绿蜡印，待四件模组传说装备尽数列入荣誉名册时签发。柜台将它以零价记入账册，书记员为此起身落笔。此后公会为你打开的每一扇门，都开得更宽。
data.gear.catalog.and.forge.catalog.rider.a.vestment.off.the.temple.floor	A vestment off the temple floor, wet since the tarn took it and wet still. Two points of Defence, and a breath against the wall closes a quarter again more.	法衣取自神殿地面，自被山湖吞没起便一直湿着。防御+2，靠墙喘息时，伤势多恢复四分之一。	法衣取自地庙地面，自被潭水吞没便一直湿着，至今未干。防御+2，靠墙喘息时，伤势再多恢复四分之一。
data.gear.catalog.and.forge.catalog.rider.it.burns.the.whole.night.through	It burns the whole night through, and the floor is asked twice what it has to show you.	它能燃尽整夜，使每次长休多一次梦境判定。	它彻夜长明，这一层便要被问上两回：可有什么给你看。
data.gear.catalog.and.forge.catalog.rider.it.is.cold.against.a.chest	It is cold against a chest that is not a chest, and colder against a corridor that is waiting.	遇见伪装的宝箱，它便发冷；遇见设伏的走廊，它冷得更厉害。守望+3，识破拟态怪的概率提高10%。	遇见伪装的宝箱，它便发冷；遇见设伏的走廊，它冷得更厉害。守望+3，识破拟形怪的概率提高10%。
data.gear.catalog.and.forge.catalog.rider.not.an.object.a.word.and	Not an object. A word, and it sits in the hand the way a half-remembered song sits in a morning. The first working of a fight is spoken free of the well, and it is not refused.	一句真言凝在手中，如同清晨依稀记起的歌。每场战斗第一道术法无需汲取法力泉，也必定生效。	这不是物件，而是一句真言，凝在手中，如同清晨依稀记起的半支歌。每场战斗第一道术法无需汲取法力泉，也不会遭拒。
data.gear.catalog.and.forge.catalog.rider.plain.25.chance.of.a.legendary.at	+25% chance of a legendary at capstones.	关底强敌掉落传说装备的概率+25%。	关底首领掉落传说装备的概率+25%。
data.gear.catalog.and.forge.catalog.rider.plain.3.spot.10.to.know.a	+3 spot. +10% to know a mimic before it opens.	+3察觉。开箱前识破拟态怪的概率+10%。	+3察觉。开箱前识破拟形怪的概率+10%。
data.gear.catalog.and.forge.catalog.rider.plain.every.5th.hit.lands.twice	Every 5th hit lands twice.	每第5次命中攻击两次。	每第5次命中结算两次。
data.gear.catalog.and.forge.catalog.rider.the.sand.in.it.has.not	The sand in it has not moved in living memory. A word spoken over it is a point harder for the beast to argue with.	活人记忆中，里面的沙从未流动。在它上方念出的真言，豁免难度+1。	自有人记事以来，其中的沙从未动过。在它上方念出的真言，豁免难度+1。
data.gear.catalog.and.forge.catalog.rider.the.well.is.never.quite.dry	The well is never quite dry: it refills at two and a half times its own pace, and the wood is warm to the hand.	法力泉以原来2.5倍的速度恢复，木头握在手中仍是暖的。	法力泉从不见底：以原来2.5倍的速度恢复，木头握在手中是暖的。
data.gear.catalog.and.forge.catalog.rider.the.well.refills.at.twice.its	The well refills at twice its own pace, and nothing worn refills it faster.	法力泉恢复速度变为原来的两倍，所穿装备中无物更快。	法力泉以原来两倍的速度恢复，身上穿戴之物再无比它更快者。
data.gear.catalog.and.forge.catalog.rider.the.whole.of.the.well.stands	The whole of the well stands 10% deeper, and every key upon the ring opens a door in some other parish.	法力泉上限提高10%；环上的每把钥匙，都开着别处教区的一扇门。	法力泉上限提高10%；环上的每把钥匙，都能打开别处某个教区的一扇门。
data.gear.catalog.and.forge.catalog.rider.the.whole.of.the.well.stands.2	The whole of the well stands 20% deeper, and the bell is still full of the tarn that took it.	法力泉上限提高20%，钟里仍盛满当年吞没它的湖水。	法力泉上限提高20%，钟里仍盛满当年吞没它的潭水。
data.gear.catalog.and.forge.catalog.rider.the.whole.of.the.well.stands.3	The whole of the well stands 10% deeper, and the wool is wet still, and has been since the tarn gave it back.	法力泉上限提高10%，自山湖将它送回以来，羊毛便一直湿着。	法力泉上限提高10%；自深潭将它送回，羊毛便一直湿着，至今未干。
data.gear.catalog.and.forge.catalog.rider.three.points.off.every.wound.and	Three points off every wound, and the first warden carried it to the sill and no further.	每次伤害减少3点。首任守卫将它带到门槛前，便止步于此。	每次伤害减少3点。初代守封者持它走到门槛，便再未往前。
data.gear.catalog.and.forge.catalog.rider.workings.fire.10.oftener.and.the	Workings fire 10% oftener, and the room stands further off while you are working.	术法触发频率提高10%；施术时，四周的房间仿佛退远了一些。	术法触发频率提高10%；施术时，屋子仿佛退远了几分。
data.gear.catalog.and.forge.catalog.rider.workings.fire.15.oftener.and.the	Workings fire 15% oftener, and the pages have not dried since the tarn.	术法触发频率提高15%；自沉入山湖起，书页便一直未干。	术法触发频率提高15%；自沉入潭中起，书页便一直未干。
data.gear.catalog.and.forge.catalog.rider.workings.fire.4.oftener.the.note	Workings fire 4% oftener. The note of it hangs on long after a bell that size should have fallen quiet.	术法触发频率提高4%。这枚小铃的余音持续得远超它的大小所能发出。	术法触发频率提高4%。余音久久不散，远非这般大小的铃所该有。
data.gear.catalog.and.forge.catalog.rider.workings.fire.5.oftener.and.the	Workings fire 5% oftener, and the mark it leaves stays on stone through rain and scrubbing.	术法触发频率提高5%；它在石上留下的印迹，经雨水冲刷也不褪。	术法触发频率提高5%；它在石上留下的印迹，任凭雨淋刷洗也不褪。
data.gear.catalog.and.forge.catalog.vale.name.silvered.walking.stave	silvered walking stave	镀银步行杖	镀银手杖
data.gear.catalog.and.forge.catalog.vale.name.vicious.felling.axe	vicious felling axe	凶厉伐木斧	凶厉伐木巨斧
data.honours.titles.and.works.achievements.desc.answer.100.choices.upon.the.road	Answer 100 choices upon the road in all.	累计回答100次旅途抉择。	累计在旅途中做出100次抉择。
data.honours.titles.and.works.achievements.desc.conclude.1.season.in.the.court	Conclude 1 season in the Court of the Lich.	在巫妖法庭结束1季。	在巫妖宫廷完成1季。
data.honours.titles.and.works.achievements.desc.conclude.10.seasons.in.the.court	Conclude 10 seasons in the Court of the Lich.	在巫妖法庭结束10季。	在巫妖宫廷结束10季。
data.honours.titles.and.works.achievements.desc.conclude.3.seasons.in.the.court	Conclude 3 seasons in the Court of the Lich.	在巫妖法庭结束3季。	在巫妖宫廷完成3季。
data.honours.titles.and.works.achievements.desc.defeat.malgrith.the.red.inside.3	Defeat Malgrith the Red inside 3 hours upon the clock.	在时钟计时3小时内击败赤龙马尔格里斯。	在计时3小时内击败赤龙马尔格里斯。
data.honours.titles.and.works.achievements.desc.endow.5.stages.of.the.guildhouse	Endow 5 stages of the Guildhouse works.	累计捐建公会馆设施5阶段。	为公会馆工程累计捐建5个阶段。
data.honours.titles.and.works.achievements.desc.land.100.crits.in.one.chronicle	Land 100 crits in one chronicle.	在一次冒险中造成100次暴击。	在一部纪事中造成100次暴击。
data.honours.titles.and.works.achievements.name.a.season.at.court	A Season at Court	法庭一季	宫廷一季
data.honours.titles.and.works.achievements.name.among.the.standing.pieces	Among the Standing Pieces	立像之间	林立断碑之间
data.honours.titles.and.works.achievements.name.inside.the.curtain.wall	Inside the Curtain Wall	幕墙之内	外墙之内
data.honours.titles.and.works.achievements.name.into.the.underbarrow	Into the Underbarrow	进入丘冢	深入冢下
data.honours.titles.and.works.achievements.name.known.to.the.court	Known to the Court	法庭熟客	宫廷熟客
data.honours.titles.and.works.achievements.name.the.book.of.hands	The Book of Hands	帮手名录	帮手名册
data.honours.titles.and.works.achievements.name.the.dark.decides	The Dark Decides	暗处抉择	黑暗定夺
data.honours.titles.and.works.achievements.name.the.guildmaster.s.favourite	The Guildmaster's Favourite	会长青睐	公会长青睐
data.honours.titles.and.works.achievements.name.the.vale.read.through	The Vale Read Through	山谷全书	哀恸谷读遍
data.honours.titles.and.works.achievements.name.under.the.quarry.floor	Under the Quarry Floor	采石场地板之下	采石场之下
data.honours.titles.and.works.guild.works.desc.a.completed.market.return.restores.5	A completed market return restores 5% of max HP and MP each stage.	每阶段使每次完成市场往返时恢复最大HP与MP的5%。	每阶段：每完成一次市场往返，恢复最大HP与MP的5%。
data.honours.titles.and.works.guild.works.desc3.stage.3.opens.the.quartermaster.s.yard	Stage 3 opens the quartermaster's yard: choose your hirelings and raise their rank cap.	第3阶段开放军需官院场：选择帮手并提高其等级上限。	第3阶段开放军需院场：选择帮手并提高其等级上限。
data.honours.titles.and.works.honour.shop.name.a.larger.satchel	A Larger Satchel	更大挎袋	更大信囊
data.honours.titles.and.works.honour.shop.name.the.minstrel.s.fee	The Minstrel's Fee	吟游艺人的报酬	乐师的报酬
data.honours.titles.and.works.honour.shop.name.the.standing.order	The Standing Order	长期订单	常设指令
data.honours.titles.and.works.honour.shop.per.5.descent.credit.and.the.first	+5% descent credit, and the first level skips the Prologue	深入进度+5%，第1级还可跳过序章	下行进度+5%，第1级还可跳过序章
data.honours.titles.and.works.local.ach.desc.find.the.lost.cutter.s.trail	Find the lost cutter's trail.	找到失踪快艇的踪迹。	找到失踪快帆船的踪迹。
data.honours.titles.and.works.local.ach.desc.hold.all	Hold all 	在荣誉名册中集齐全部	在名册中集齐全部
data.honours.titles.and.works.local.ach.desc.hold.all.4.module.legendaries.upon	Hold all 4 module legendaries upon the Roll.	在荣誉名册中持有全部4件模组传说装备。	在名册中持有全部4件模组传说装备。
data.honours.titles.and.works.local.ach.desc.keep.your.feet.through.100.stretches	Keep your feet through 100 stretches of heavy going.	通过100段艰难地形，仍能站稳。	在100段难行路段中始终站稳脚跟。
data.honours.titles.and.works.local.ach.desc.know.a.mimic.before.it.opens	Know a mimic before it opens.	在拟态怪开口前识破它。	在拟形怪开口前识破它。
data.honours.titles.and.works.local.ach.desc.meet.10.mimics	Meet 10 mimics.	遇见10只拟态怪。	遇见10只拟形怪。
data.honours.titles.and.works.local.ach.desc.meet.100.mimics	Meet 100 mimics.	遇见100只拟态怪。	遇见100只拟形怪。
data.honours.titles.and.works.local.ach.desc.meet.a.mimic	Meet a mimic.	遇见一只拟态怪。	遇见一只拟形怪。
data.honours.titles.and.works.local.ach.desc.reach.the.lost.cutter	Reach the lost cutter.	抵达失踪快艇。	抵达失踪快帆船。
data.honours.titles.and.works.local.ach.desc.recover.the.tide.compass.from.the	Recover the tide compass from the lost cutter.	从失踪快艇寻回潮汐罗盘。	从失踪快帆船寻回潮汐罗盘。
data.honours.titles.and.works.local.ach.desc.rescue.neris.and.unlock.her.in	Rescue Neris and unlock her in the Book of Hands.	救出奈里斯，在帮手名录中解锁她。	救出奈里斯，在帮手名册中解锁她。
data.honours.titles.and.works.local.ach.name.collected	Collected	领取	收入囊中
data.honours.titles.and.works.local.ach.name.the.admiral.s.surrender	The Admiral's Surrender	海军上将投降	提督投降
data.honours.titles.and.works.local.ach.name.the.missing.cutter	The Missing Cutter	失踪快艇	失踪快帆船
data.honours.titles.and.works.local.ach.name.took.on.the.second.heat	Took On The Second Heat	第二炉成器	再开一炉
data.honours.titles.and.works.local.ach.name.water.for.the.convoy	Water for the Convoy	船队通水	船队水路
data.honours.titles.and.works.retired.ach.name.the.maw.thinned	The Maw Thinned	巨口凋零	巨口渐空
data.lexicon.world.voice.and.gifts.glossary.text.a.free.round.of.attacks.for	A free round of attacks for one side only. Spot a mimic or win a spot check: you attack first, unanswered. Fail an ambush check: the beast attacks first.	只有一方能攻击的免费回合。识破拟态怪或通过察觉检定时，你先攻击，敌人无法还击。伏击检定失败时，野兽先攻击。	仅一方可出手、另一方无从还击的一轮攻击。识破拟形怪或通过察觉检定：你先出手，对方无法还击。伏击检定失败：野兽先出手。
data.lexicon.world.voice.and.gifts.glossary.text.one.adventurer.s.whole.career.from.creation	One adventurer's whole career, from creation to retirement. Counts marked 'this chronicle' reset with a new adventurer; lifetime counts never do.	从创建到退休，一名冒险者的完整生涯。标为「本次纪事」的计数会在创建新冒险者时重置；终身累计数不会。	从创建到退休，一名冒险者的完整生涯。标为「本部纪事」的计数会在创建新冒险者时重置；终身累计数不会。
data.lexicon.world.voice.and.gifts.glossary.text.the.boss.met.when.the.descent	The boss met when the descent bar fills. It bars the way down; defeat it and the next floor opens, and its hoard rolls equipment.	深入进度条填满时遭遇的首领。它挡住向下的道路；击败它便能进入下一层，并从它的宝藏中随机获得装备。	下行进度条填满时遭遇的首领。它挡住向下的道路；击败它便能进入下一层，并从它的宝藏中随机获得装备。
data.lexicon.world.voice.and.gifts.glossary.text.the.sense.for.traps.ambushes.and	The sense for traps, ambushes and mimics. Spot = 10 + WIS modifier + Spot bonuses + the Watchhouse. A seen ambush becomes your surprise round; a seen trap is not stepped on.	察觉陷阱、伏击和拟态怪的能力。察觉 = 10 + 感知调整值 + 察觉加值 + 哨所加值。识破伏击会让你获得突袭回合；发现陷阱便不会踩中。	察觉陷阱、伏击和拟形怪的能力。察觉 = 10 + 感知调整值 + 察觉加值 + 哨所加值。识破伏击会让你获得突袭回合；发现陷阱便不会踩中。
data.lexicon.world.voice.and.gifts.glossary.wname.a.capstone	A capstone	关底强敌	关底首领
data.lexicon.world.voice.and.gifts.glossary.wname.a.hand	A hand	随行者	一名帮手
data.lexicon.world.voice.and.gifts.origin.word.pawnbroker.mimics	Mimics	拟态怪	拟形怪
data.lexicon.world.voice.and.gifts.slip.text.help.the.guild.keeps.the.account.and	The Guild keeps the account, and it outlives every name upon it.	公会保管这本账册，名册上的人换了一代又一代，账目仍在。	账由公会掌管；账上的名字一个个故去，账仍长存。
data.lexicon.world.voice.and.gifts.slip.text.stats.every.finished.hunt.sale.and.travel	Every finished hunt, sale and travel leg credits its length.	每次完成狩猎、出售和旅行，都会按其时长累计深入进度。	每完成一次狩猎、出售或一段旅途，都按其时长计入下行进度。
data.lexicon.world.voice.and.gifts.slip.text.stats.speed.shortens.the.work.so.speed	Speed shortens the work, so speed earned is descent earned.	速度缩短工作时间，因此提高速度也能更快深入。	速度缩短工作时间，多一分速度，便多一分下行进度。
data.lexicon.world.voice.and.gifts.slip.text.stats.spent.on.upgrades.that.stand.for	Spent on upgrades that stand for every chronicle after.	用于购买对往后每次冒险都有效的升级。	用于购买对往后每部纪事都有效的升级。
data.lexicon.world.voice.and.gifts.world.school.undead.workings.against.the.old.things	Workings against the old things	驱亡古仪	御古老亡者之术
data.mechanic.lexicon.battle.words.lore.a.coal.carried.down.from.the	A coal carried down from the hearth that was lit before there were hearths. It is set upon the air and it does the rest.	这块炭取自世间第一座炉火。你将它放在空中，火焰便自行燃起。	这块炭是从一座炉火里带下来的——那炉火点燃之时，世上还没有炉。将它置于空中，余下的事它自会办妥。
data.mechanic.lexicon.battle.words.lore.a.song.sung.down.rather.than	A song sung down rather than up, in the key the beast's own bones were set in.	你压低声音歌唱，音调与野兽骨骼的震颤相合。	这支歌不往上唱，而往下唱，用的正是野兽骨头当初定下的调。
data.mechanic.lexicon.techniques.lore.the.opening.is.not.one.blow	The opening is not one blow but as many as the hands can spend before the beast has answered the first.	野兽还来不及回击，双拳已接连击中。	开局不止一击：野兽尚未回应第一击，双手能打出几击，便是几击。
data.monster.stat.blocks.and.marks.mon.debuffs.name.behir.burnt	Behir-Burnt	贝希尔雷灼	雷兽灼伤
data.monster.stat.blocks.and.marks.mon.debuffs.name.blood.let	Blood-Let	抽血	放血
data.monster.stat.blocks.and.marks.mon.debuffs.say.it.bites.where.the.web.has	It bites where the web has already held you, which is the whole craft of the thing.	蛛网已将你缚住，它便咬向被困之处。	它专咬蛛网已将你缚住之处——这门手艺的全部诀窍，不过如此。
data.monster.stat.blocks.and.marks.mon.debuffs.say.it.puts.its.own.irons.on	It puts its own irons on you, and the irons are of the sort the Roll Below keeps.	它把自己的镣铐套在你身上，那正是地下名册所用的式样。	它把自己的镣铐套在你身上，正是地下名册库所用的那一种。
data.monster.stat.blocks.and.marks.mon.debuffs.say.it.strikes.once.at.the.wrist	It strikes once, at the wrist, and the arm belongs to the venom from there down.	它只在手腕咬下一口，毒液便控制了整只手。	它只在手腕咬下一口，自腕以下，这条手臂便归毒液所有。
data.monster.stat.blocks.and.marks.mon.debuffs.say.it.takes.the.fee.it.has	It takes the fee it has always taken, in plate, off whoever comes down the aisle.	谁走下过道，它便向谁收取一贯的费用，从甲片上取走。	凡走下这条过道的，它都照历来的规矩收费，以甲片抵付。
data.monster.stat.blocks.and.marks.mon.debuffs.say.plain.the.apprentice.lowers.your.mp.regeneration	The apprentice lowers your MP regeneration badly for a time.	学徒会暂时大幅降低你的MP再生。	弃徒会暂时大幅降低你的MP再生。
data.monster.stat.blocks.and.marks.mon.debuffs.say.plain.the.armature.s.blow.lowers.your.attack	The armature's blow lowers your attack rolls badly for a time.	机关骨架的攻击会暂时大幅降低你的攻击检定。	脱架机械的攻击会暂时大幅降低你的攻击检定。
data.monster.stat.blocks.and.marks.mon.debuffs.say.plain.the.behir.s.lightning.makes.every.wound	The behir's lightning makes every wound much heavier for a time.	贝希尔的闪电会暂时大幅提高你每次受到的伤害。	雷兽的闪电会暂时大幅提高你每次受到的伤害。
data.monster.stat.blocks.and.marks.mon.debuffs.say.plain.the.crawler.has.fed.and.your	The crawler has fed, and your maximum HP is much lower for a time.	爬虫已吸饱鲜血，暂时大幅降低你的HP上限。	监牢爬兽已吸饱鲜血，暂时大幅降低你的HP上限。
data.monster.stat.blocks.and.marks.mon.debuffs.say.plain.the.cube.s.acid.lowers.your.speed	The cube's acid lowers your speed badly for a time.	胶质方块的酸液会暂时大幅降低你的速度。	胶质立方体的酸液会暂时大幅降低你的速度。
data.monster.stat.blocks.and.marks.mon.debuffs.say.plain.the.fetterling.s.irons.lower.your.speed	The fetterling's irons lower your speed severely for a time.	锁镣怪的镣铐会暂时严重降低你的速度。	镣铐怪的镣铐会暂时严重降低你的速度。
data.monster.stat.blocks.and.marks.mon.debuffs.say.plain.the.keeper.s.clause.lowers.your.ability	The keeper's clause lowers your ability trigger rate badly for a time.	保管者的条款会暂时大幅降低你的能力触发率。	封印守护者的条款会暂时大幅降低你的能力触发率。
data.monster.stat.blocks.and.marks.mon.debuffs.say.plain.the.sum.taker.lowers.your.gold.badly	The sum-taker lowers your gold badly for a time.	核账者会暂时大幅降低你的金币收入。	收总者会暂时大幅降低你的金币收入。
data.monster.stat.blocks.and.marks.mon.debuffs.say.plain.the.thrall.lowers.your.mp.regeneration	The thrall lowers your MP regeneration for a time.	仆从会暂时降低你的MP再生。	碎片奴仆会暂时降低你的MP再生。
data.monster.stat.blocks.and.marks.mon.debuffs.say.the.armature.strikes.at.the.elbow	The armature strikes at the elbow, where the maker's book says an arm is weakest.	机关骨架击中你的肘部，制造者的手册将此处标为手臂最弱之处。	脱架机械专击肘部——据造它之人的图册，手臂以此处最弱。
data.monster.stat.blocks.and.marks.mon.debuffs.say.the.bite.stones.the.limb.by	The bite stones the limb by degrees, and the degrees are counted from here.	噬咬使肢体逐渐石化，变化从此刻开始。	噬咬让肢体一分一分化为石头，这分数从此刻起计。
data.monster.stat.blocks.and.marks.mon.debuffs.say.the.chains.stand.up.around.it	The chains stand up around it wearing the faces of people you did not bring down here.	锁链在它四周立起，顶着那些未曾随你来到此地的人的脸。	锁链在它四周立起，挂着一张张脸，都是你不曾带下来的人。
data.monster.stat.blocks.and.marks.mon.debuffs.say.the.gaze.catches.you.in.the	The gaze catches you in the corner of the eye, and the ankle sets before the boot does.	余光撞上它的凝视，靴子尚未落稳，脚踝便已凝固。	眼角余光撞上它的凝视，脚踝比靴子先凝住。
data.monster.stat.blocks.and.marks.mon.debuffs.say.the.nails.were.under.the.earth	The nails were under the earth a long while before they were under your skin.	那些指甲埋在土中的年月，远比刺入你皮肉的时刻长。	这些指甲刺进你皮肉之前，已在土里埋了很久。
data.monster.stat.blocks.and.marks.mon.debuffs.say.the.rime.gets.into.the.harness	The rime gets into the harness and sits against the skin, and the skin stops reporting honestly.	霜冻钻进护具，贴在皮肤上，渐渐夺去知觉。	霜冻钻进护具，贴在皮肤上，皮肤从此不再如实禀报。
data.monster.stat.blocks.and.marks.mon.debuffs.say.the.rot.is.older.than.the	The rot is older than the wrappings and it keeps the old rules about closing.	腐病比裹尸布更古老，依旧阻止伤口闭合。	腐病比裹尸布还要古老，伤口何时闭合，它仍守着旧规矩。
data.monster.stat.blocks.and.marks.mon.debuffs.say.the.spores.go.into.the.open	The spores go into the open wound and settle there as though they were expected.	孢子钻进敞开的伤口，在里面扎下根来。	孢子钻进敞开的伤口，就此落定，仿佛那里早给它们留了位置。
data.monster.stat.blocks.and.marks.mon.debuffs.say.the.venom.goes.in.at.the	The venom goes in at the shoulder and the shoulder answers slower than it was asked.	毒液注入肩头，肩膀的反应随之迟缓。	毒液注入肩头，肩膀应命总要慢上一拍。
data.monster.stat.blocks.and.marks.mon.debuffs.say.what.it.touches.of.the.harness	What it touches of the harness it takes with it, strap and buckle and plate together.	它沾过的护具随它一同脱落，皮带、搭扣和甲片无一幸免。	护具凡被它沾上的，都被它一并带走，皮带、搭扣、甲片概莫能外。
data.monster.stat.blocks.and.marks.mon.debuffs.say.you.look.at.the.floor.and	You look at the floor and at the shield and at anything else, and it is not enough.	你望向地面、盾牌，尽力避开它的眼睛，却仍被目光捕住。	你看地面，看盾牌，看别的一切，仍然不够。
data.pets.pets.arrival.a.storm.petrel.rises.from.the.cutter.s	{tag1}A storm-petrel rises from the cutter's broken mast.{tag2} You hold out your arm, and the bird settles upon it. It follows your boat through the surf and calls above the safe landing.	{tag1}一只暴风海燕从快艇折断的桅杆上飞起。{tag2}你伸出手臂，鸟儿落在上面。它跟着你的小船穿过浪区，在安全的登陆点上方鸣叫。	{tag1}一只暴风海燕从快帆船折断的桅杆上飞起。{tag2}你伸出手臂，鸟儿落在上面。它跟着你的小船穿过浪区，在安全的登陆点上方鸣叫。
data.pets.pets.arrival.the.bird.on.the.thorn.comes	{tag1}The bird on the thorn comes down to the fire.{tag2} You have taken it for a different bird at every camp since the first arc, and it has been the one bird the whole time. It settles on the pack, watches the next fight through without a sound, and takes what it is owed off the floor when the fight is done.	{tag1}荆棘上的鸟飞到火边。{tag2}自第一篇章起，每个营地都有它的身影，你却一直以为那是不同的鸟。它落在背包上，静静看完下一场战斗，随后从地上取走自己应得的食物。	{tag1}荆棘上的鸟飞到火边。{tag2}自第一篇章起，每个营地都有它的身影，你却一直以为那是不同的鸟。它落在背包上，静静看完下一场战斗，战斗结束后从地上取走它应得的那一份。
data.preparations.and.spellbook.preparations.name.buy.salts.for.the.well	Buy salts for the well	购买法力泉用盐	为法力泉购盐
data.preparations.and.spellbook.school.effects.does.33.descent.credit	+35% descent credit.	+35%深入进度。	+35%下行进度。
data.preparations.and.spellbook.school.notes.crit.a.working.of.the.stroke.when	A working of the stroke. When it fires upon a kill, the stroke goes true: half again the experience, a second trophy, and 35% more descent credit.	一道破绽之术。击杀时若触发，便算作破绽一击：经验值增加一半，额外获得一件战利品，深入进度增加35%。	一道破绽之术。击杀时若触发，便算作破绽一击：经验值增加一半，额外获得一件战利品，下行进度增加35%。
data.preparations.and.spellbook.spell.lore.forced.march.the.pace.set.and.held.past	The pace set and held past where the legs would stop, and the road is eaten whole.	你定下步速，即使双腿已想停下，也仍一路走完。	你定下步速，过了双腿想停之处仍不放松，整段路一口吞尽。
data.preparations.and.spellbook.spell.lore.grit.the.teeth.the.hurt.is.set.aside.by	The hurt is set aside by main will, filed away to be felt later, and the guard holds through it.	你凭意志压下伤痛，留待稍后承受，继续维持防守。	你凭意志将伤痛搁置一旁，归档留待日后再受，防守照旧不破。
data.preparations.and.spellbook.spell.lore.hunter.s.snare.a.snare.laid.in.the.half	A snare laid in the half second before the blow, so the beast walks onto the edge of it.	攻击落下前的半息间，圈套已经布好，野兽径直踏向刃口。	攻击落下前的半息间，圈套已经布好，野兽正一脚踏上它的边缘。
data.preparations.and.spellbook.spell.lore.one.more.breath.the.breath.that.was.spent.is	The breath that was spent is returned, once, at the moment it is most owed.	耗尽的气息在最紧要的时刻归还一次。	耗尽的那口气被归还一次，恰在最该偿还之时。
data.preparations.and.spellbook.spell.lore.set.against.the.charge.heel.dug.in.and.haft.grounded	Heel dug in and haft grounded, braced for the rush, and the charge breaks upon you rather than through.	你将脚跟踏实，杆尾抵地，稳稳迎住冲来的敌人。	你脚跟踏实，杆尾抵地，严阵以待；冲锋撞碎在你身前，而没能将你冲穿。
data.preparations.and.spellbook.spell.lore.the.long.way.down.slowly.a.fall.becomes.a.descent.taken	A fall becomes a descent, taken at the pace of a settling leaf.	坠落缓了下来，如一片叶子飘向地面。	坠落化作下行，缓如一片落定的树叶。
data.preparations.and.spellbook.spell.lore.true.strike.the.eye.finds.the.gap.a	The eye finds the gap a moment before the hand does, and the hand does not argue.	目光先一步寻出空隙，持刃的手紧随其后。	目光比手先一步寻出空隙，手随即跟上，并无异议。
data.preparations.and.spellbook.spell.lore.walk.the.wall.for.a.span.the.wall.bears	For a span the wall bears your boots as the floor would, and the chasm goes hungry.	片刻之间，墙壁如地面般承住你的靴底，让你能绕过深渊。	片刻之间，墙壁如地面般承住你的靴底，深渊这回只得挨饿。
data.region.oldCourt	The Court of the Lich, season {season} ({name})	巫妖法庭，第{season}季（{name}）	巫妖宫廷，第{season}季（{name}）
data.regions.and.acts.arc2.regions.ambient.the.seal.upon.the.undergate.hangs	The seal upon the Undergate hangs in pieces beside it, and the assay office would give a year's budget for the tool-marks alone.	深层之门的封印碎片挂在门旁，仅凭那些工具留下的痕迹，验金所便肯付出一年的经费。	深门的封印碎片挂在门旁，仅凭那些工具留下的痕迹，验金所便肯付出一年的经费。
data.regions.and.acts.arc2.regions.market.master.pell.weighs.the.undergate.finds	Master Pell weighs the Undergate finds by the Guild's measure and by the elder gauge both, and enters whichever reads the higher, per the charter's kindness.	佩尔先生分别用公会度量和古老度量称量深层之门的发现物，依照章程的优待条款，取较高的数目登记。	佩尔先生分别用公会度量和古老度量称量深门的发现物，依照章程的优待条款，取较高的数目登记。
data.regions.and.acts.arc2.regions.name.the.undergate	The Undergate	深层之门	深门
data.regions.and.acts.arc2.regions.travel.below.the.hoard.descending.the.elder	Below the hoard: descending the elder stair the wyrm's weight kept shut	宝藏之下：沿巨龙体重封住的古老阶梯下行	宝藏之下：沿巨龙身躯久压封死的古阶下行
data.regions.and.acts.arc3.regions.ambient.a.folio.lies.open.upon.a	A folio lies open upon a lectern in the aisle: a fair account of your own descent, current to the last stair, in a copyist's hand you have seen upon the Guild ledger.	过道的读经台上摊着一册大书，清楚记述你下探的经过，一直记到刚走过的阶梯；那抄写员的笔迹，你在公会账簿上见过。	过道的读经台上摊着一册大书，清楚记述你下行的经过，一直记到刚走过的阶梯；那抄写员的笔迹，你在公会账簿上见过。
data.regions.and.acts.arc3.regions.ambient.great.brass.rings.turn.through.the	Great brass rings turn through the floor and the roof at the pace of a slow clock, and the floor is charted like a heaven, one ring to each floor of the whole descent.	巨大的铜环穿过地板和屋顶，像慢钟般转动；地面绘着星图般的图谱，整条下探路线每层各有一环。	巨大的铜环穿过地板和屋顶，像慢钟般转动；地面绘着星图般的图谱，整条下行路线每层各有一环。
data.regions.and.acts.arc3.regions.ambient.the.great.rings.carry.the.whole	The great rings carry the whole ceiling of lenses round once in a long watch, and each lens holds one floor of the descent in its glass.	巨环带着整片镜阵天花转动，漫长一班值守才转一周，每片镜里都照着下探路线的一层。	巨环带着整片镜阵天花转动，漫长一班值守才转一周，每片镜里都照着下行路线的一层。
data.regions.and.acts.arc3.regions.ambient.the.optician.s.bench.holds.blanks.and	The optician's bench holds blanks and half-ground lenses in trays by diameter, and the newest blank is cut to a chart of a hall not yet mapped.	磨镜师的工作台上，镜坯和磨了一半的镜片按直径分盘摆放，最新一块镜坯按一座尚未绘成地图的厅室裁出。	磨镜师的工作台上，镜坯和磨了一半的镜片按直径分盘摆放；最新一块镜坯照着一张图样裁出，图上那座厅室尚未测绘。
data.regions.and.acts.arc3.regions.ambient.the.town.below.is.mereward.to	The town below is Mereward to the last cobble, roofed with dark, and the Guildhouse door stands where the Guildhouse door should stand. The head nailed above it is carved of wood.	地下小镇连最后一块铺路石都与梅尔沃德相同，上方是黑暗；公会馆的门也在原该在的位置，门上钉着的头颅却是木雕。	地下小镇与梅尔沃德分毫不差，连最后一块铺路石都一样，只是以黑暗为顶；公会馆的门也在原该在的位置，门上钉着的头颅却是木雕。
data.regions.and.acts.arc3.regions.market.keeper.s.goods.and.kept.well.says	"Keeper's goods, and kept well," says Master Pell, entering the numbered plates against the menagerie's own count for the survey.	「饲养员的货，保管得不错，」佩尔先生说，按兽苑自己的编号登记笼牌，供勘测所查用。	「饲养员的货，保管得不错，」佩尔先生说，把编号笼牌对照兽苑自己的计数登记，供勘测所查用。
data.regions.and.acts.arc3.regions.market.master.pell.reads.the.brass.cage.plates	Master Pell reads the brass cage-plates that come up with the trophies, names each beast to the shelf, and pays the bestiary-bounty on the rarer sort.	佩尔先生读过随战利品带回的铜笼牌，向架子一一报出兽名，珍稀种类另付图鉴悬赏。	佩尔先生读过随战利品带上来的铜笼牌，逐一定名上架，珍稀种类另付图鉴悬赏。
data.regions.and.acts.arc3.regions.market.master.pell.tries.each.coin.from	Master Pell tries each coin from the counterfeit town against the true one on his desk and pays only what rings honest, setting the wax aside.	佩尔先生把仿造镇带来的每枚钱币与桌上的真钱比试，只付敲起来是真金属的钱，将蜡制品另放一旁。	佩尔先生把仿造镇带来的每枚钱币与桌上的真币逐一比敲，只为声音地道的付钱，蜡制的另放一旁。
data.regions.and.acts.arc4.regions.ambient.a.tally.is.scratched.beside.each	A tally is scratched beside each door in the tenant's own hand, counting the seasons in sevens, and the counting on the deepest doors runs off the stone and onto the frame.	每扇门边都留着囚徒亲手刻下的计数，以七为组记着季数；最深处门边的数字，刻满石面又刻上门框。	每扇门边都留着囚徒亲手刻下的刻痕，以七为组记着季数；最深处的门边，刻痕刻满石面，又延到门框上。
data.regions.and.acts.arc4.regions.ambient.far.below.the.works.the.beam.s	Far below the works the beam's fall is answered, a beat late, by a deeper sound that is not the drum, and the needles upon the gauges lean the merest hair at the answering.	机房深处下方，有个更沉的声音比机梁落下慢一拍回应，那不是鼓声；声音传来时，仪表的针微微偏了一线。	机梁每落一次，机房下方极深处便晚一拍传来回应，声音更沉，并非鼓声；回应传来时，仪表的针微微偏了一丝。
data.regions.and.acts.arc4.regions.ambient.seven.tombs.stand.in.the.gallery	Seven tombs stand in the gallery, each cut in the fashion of its age, and the silver flood-mark upon the third names the Drowned Celebrant as its tenant.	廊中立着七座墓，每座都按其年代的风格凿成；第三座的银色水痕铭牌，写着墓主是溺水祭司。	廊中立着七座墓，每座都按其年代的风格凿成；第三座墓上的银色水痕，标明墓主是溺水祭司。
data.regions.and.acts.arc4.regions.ambient.the.chain.is.cold.iron.cart.thick	The chain is cold iron, cart-thick, scored bright at every lock where a file has worked it patiently through from within the cell.	锁链由冷铁制成，粗如车身，每把锁处都磨出亮痕，是有人从牢内耐心地用锉刀锉断的。	锁链由冷铁制成，粗如车轴，每把锁处都磨出亮痕，是有人从牢内耐心地用锉刀锉断的。
data.regions.and.acts.arc4.regions.ambient.the.count.is.kept.plainly.here	The count is kept plainly here in a firm old hand: every warden entered, every fallen warden struck, and a place ruled clean at the foot of the page for the name that keeps the count next.	这里的记录清楚，出自一笔苍劲的旧字：每位守封者都有登记，倒下者的名字已被划去，页脚留着整洁的一行，给下一个接管计数的人。	这里的计数记得明明白白，出自一手苍劲的老字：每位守封者皆登记在册，倒下者皆已划去，页脚还整整齐齐留出一行，给下一位接续计数者的名字。
data.regions.and.acts.arc4.regions.ambient.the.earliest.volumes.of.the.roll	The earliest volumes of the Roll are written in the elder script of the Undergate arch, and the lead of their bindings is untarnished.	最早的名册用深层之门拱上的古文字写成，装订的铅皮仍无锈色。	最早的名册用深门拱上的古文字写成，装订的铅皮仍无锈色。
data.regions.and.acts.arc4.regions.ambient.the.first.tomb.is.cut.in	The first tomb is cut in the plain dwarf-fashion of the sealed door above the crypts: the effigy upon it is a forewarden with his hands upon a lintel.	第一座墓采用朴素的矮人形制，与墓窟上方的封门相似；墓像是一位前代守封者，双手扶着门楣。	第一座墓采用朴素的矮人形制，与墓窟上方的封门相似；墓像是一位前守者，双手扶着门楣。
data.regions.and.acts.arc4.regions.ambient.the.names.of.the.seven.are	The names of the seven are set into the floor before their tombs in worn brass, and six of the seven read to you as capstones the descent has already put down.	七人的名字用磨损的铜字嵌在各自墓前的地面上，其中六个，你认得是下探途中已经击败的关底首领。	七人的名字用磨损的铜字嵌在各自墓前的地面上，其中六个，你认得是下行途中已经击败的关底首领。
data.regions.and.acts.arc4.regions.ambient.the.obelisk.of.the.shard.field.was	The obelisk of the shard-field was riven into seven, one piece to each warden's seal, and the sevens the goblins learned to count in the deep were the count of the seven kept here, so that shard and seal and warden are one tally told three ways.	碎碑原的方尖碑裂成七片，每片对应一位守封者的封印；地精在地下学会的七数计法，也是这里七位守封者的数目。碎片、封印与守封者，记的是同一组七数。	碎碑原的方尖碑裂成七片，每片对应一位守封者的封印；地精在地下学会的七数计法，数的正是守在这里的七人。碎片、封印与守封者，乃是同一笔计数的三种说法。
data.regions.and.acts.arc4.regions.ambient.the.vault.is.walled.in.the	The vault is walled in the black stone to a thickness no ram could tell; the one door is the servants' door at your back, which carries no bar upon this side.	密室以厚不可测的黑石砌墙，再大的攻城槌也试不出厚度；唯一的门是你身后的仆役门，这一侧没有门闩。	密室四壁以黑石砌成，厚得任何攻城槌都撼不出深浅；唯一的门是你身后的仆役门，这一侧没有门闩。
data.regions.and.acts.arc4.regions.market.machine.work.and.kept.against.all.reason	"Machine-work, and kept against all reason," says Master Pell, testing a greased link and paying it by the weight of the iron rather than the wonder of the works.	「机器上的东西，到这时候还在维护，」佩尔先生说，检验一节涂油的链环，按铁重付钱，不为机器的奇异加价。	「机器上的东西，保养得毫无道理，」佩尔先生说，检验一节涂油的链环，按铁重付钱，不为机器的奇异加价。
data.regions.and.acts.arc4.regions.market.prison.work.and.paid.for.from.the	"Prison-work, and paid for from the inside," says Master Pell, weighing a filed link and allowing that a file worked so patiently was owed the counter's respect.	「牢里的货，从里面付出的工钱，」佩尔先生说，称着锉断的链节，承认这般耐心的锉工值得柜台敬重。	「牢里的活，是里头的人自己出的工，」佩尔先生说，称着锉断的链节，承认这般耐心的锉工值得柜台敬重。
data.regions.and.acts.arc4.regions.travel.below.the.court.taking.the.servants	Below the court: taking the servants' door behind the dais, down the offices of the keeping	宫廷之下：由高台后的仆役门下行，进入看管文书的署室	宫廷之下：由高台后的仆役门下行，进入看管署室
data.regions.and.acts.arc5.regions.ambient.at.the.foot.of.the.hoard	At the foot of the hoard the coin gives way to the glow, the glow to the thing that makes it: the whole descent has been a fall toward this floor.	到宝藏底部，钱币让位于光，光又让位于发光之物；你一路下探，始终朝这一层坠落。	到宝藏底部，钱币让位于光，光又让位于发光之物；整场下行，原来一直是朝这一层坠落。
data.regions.and.acts.arc5.regions.ambient.cold.air.pours.over.the.sill	Cold air pours over the sill and down with the water, drawn to the deep below as the whole Maw has been drawn, floor upon floor, since the first stair.	冷空气随水越过门槛向下倾泻，被更深处牵引；从第一道阶梯起，整座巨口每一层都这样朝下吸引。	冷空气随水越过门槛向下倾泻，被下方深处牵引而去；从第一道阶梯起，整座巨口一层又一层，皆是这般被牵引向下。
data.regions.and.acts.arc5.regions.ambient.every.omen.of.the.descent.comes	Every omen of the descent comes home upon the waking ground: the flood that ebbed and returned in the drowned undertemple as though the temple breathed, the tread you felt through the floor of the halls, and the counting.	下探沿途的征兆在苏醒之地都有了来由：沉水地庙中如同神庙呼吸般往复的潮水，穿过厅室地板传来的脚步，还有那不断的计数。	下行沿途的征兆在苏醒之地都有了来由：沉水地庙中如同神庙呼吸般往复的潮水，穿过厅室地板传来的脚步，还有那不断的计数。
data.regions.and.acts.arc5.regions.ambient.the.first.warden.s.signature.is.cut	The first warden's signature is cut at the eldest anchor in the elder script of the Undergate arch, the lead in it untarnished, and the six below it run down to a hand you have come to know.	最老锚座上，第一位守封者用深层之门拱的古文字签名，字中灌铅仍未锈蚀；下方六个名字逐代排下，最后的笔迹你已熟悉。	最老锚座上，第一位守封者用深门拱的古文字签名，字中灌铅仍未锈蚀；下方六个名字逐代排下，最后的笔迹你已熟悉。
data.regions.and.acts.arc5.regions.ambient.the.ground.stirs.and.the.dust	The ground stirs and the dust rises from the tally-marks in a thin grey breath and settles back into the cuts, and the marks stand clear again, and the count is kept.	地面颤动，计数划痕间扬起一缕灰尘，又落回刻槽；划痕重新清晰，数目依旧留着。	地面颤动，计数划痕间扬起一缕灰尘，又落回刻槽；划痕重新清晰，计数依旧守着。
data.regions.and.acts.arc5.regions.ambient.the.parted.links.lie.where.they	The parted links lie where they fell open, their cut ends bright and unrusted, drawn wide by a strength that had all the age of the world to spend upon the drawing.	裂开的链环散在张开处，断端光亮无锈；某种力量有整部世界的岁月可用，慢慢将它们拉宽。	裂开的链环就在张开处躺着，断端光亮无锈；拉开它们的那股力量，有世间全部岁月可以慢慢耗在这一拉上。
data.regions.and.acts.arc5.regions.ambient.the.waking.ground.is.the.last	The waking ground is the last floor with a name; past its edge the stone falls away toward the Bottom, the glow coming up out of the fall to meet you.	苏醒之地是最后一层有名字的地方；越过边缘，石地便陡落向最底部，下方的光迎面升来。	苏醒之地是最后一层有名字的地方；越过边缘，石地便陡落向巨口之底，下方的光迎面升来。
data.regions.and.acts.arc5.regions.ambient.the.walls.of.the.bottom.are	The walls of the Bottom are scored the way the Wyrm's vault was scored, by something that left this place once, an age ago; the stone keeps no mark of any arrival, for it was always here.	世界之底的墙壁留着与巨龙宝窟相同的爪痕，那东西在久远以前曾离开这里；石头没有记下它来时的痕迹，因为它原本就在这里。	巨口之底的墙壁留着与巨龙宝窟相同的爪痕，那东西在久远以前曾离开这里；石头没有记下它来时的痕迹，因为它原本就在这里。
data.regions.and.acts.arc5.regions.ambient.the.wards.upon.the.door.are	The wards upon the door are cut clean through; the tool-marks are the same the assay office would give a year's budget to read, off the Undergate arch far above.	门上的防护符纹被利落切断，工具痕迹与遥远上方深层之门拱上的相同，验金所愿花一年经费来读懂它们。	门上的防护符纹被利落切断，工具痕迹与遥远上方深门拱上的相同，验金所愿花一年经费来读懂它们。
data.regions.and.acts.arc5.regions.ambient.the.water.that.rose.against.the	The water that rose against the whole descent runs the other way here, over the sill and down into the dark, unhurried.	那股曾顶着整条下探路线上涌的水，在这里转了方向，缓缓越过门槛，流向下方黑暗。	那股在整条下行路上一直逆流上涌的水，在这里转了方向，缓缓越过门槛，流向下方黑暗。
data.regions.and.acts.arc5.regions.ambient.this.deep.is.the.restraint.itself	This deep is the restraint itself: the great chain of it runs through the dark from anchor to anchor, each link the girth of a cart.	这片深处本身就是拘束：巨链在黑暗中连接各处锚座，每一环都粗如车身。	这片深处本身就是那道束缚：巨链在黑暗中从一处锚座连到另一处，每一环都粗如车身。
data.regions.and.acts.arc5.regions.ambient.this.floor.is.upon.no.map	This floor is upon no map the survey keeps, and no map the wardens kept, and the charts of the whole descent run out at the door above it.	勘测所的地图与守封者的地图都没有这一层，整条下探路线的图纸到上方那道门便结束了。	勘测所的地图与守封者的地图都没有这一层，整条下行路线的图纸到上方那道门便结束了。
data.regions.and.acts.arc5.regions.ambient.whatever.passed.the.last.door.was	Whatever passed the last door was entered outward bound in the Roll above, in the firm hand of its season: the return column against every such entry stands open to this day.	凡经过最后一道门的，都曾由当季的书记以有力笔迹登记为外出；所有这些条目旁的归返栏，至今仍空着。	凡经过最后一道门的，都曾以当季有力的笔迹在上方名册中登记为外出；所有这些条目旁的归返栏，至今仍空着。
data.regions.and.acts.arc5.regions.ambient.where.the.chain.is.whole.it	Where the chain is whole it holds its line true across the deep, and where it is parted the two ends lie a mile apart, drawn open at leisure by what they held.	完整的链段笔直横过深处，分开的两端却相隔一英里，是它们所拘束之物从容拉开的。	完整的链段笔直横过深处，分开的两端却相隔一英里，是它们所缚之物从容拉开的。
data.regions.and.acts.arc5.regions.market.from.past.the.sill.says.master	"From past the sill," says Master Pell, and he does not haggle, but pays the posted rate and a ceremony's grace above it, and rules the line beneath with more care than his custom.	「门槛那头带回来的，」佩尔先生说，按公示价付钱，另加一份仪礼厚赠，随后比平日更仔细地划好下面的线。	「门槛那头带回来的，」佩尔先生说。他并不讲价，照公示价付钱，另加一份仪礼厚赠，随后比平日更仔细地在下面划线。
data.regions.and.acts.arc5.regions.market.master.pell.prices.the.waking.ground.stone	Master Pell prices the waking-ground stone by weight and enters the count cut into it beside the price, seven and seven, that the survey may read what the whole descent was counting.	佩尔先生按重量给苏醒之石定价，在价钱旁抄下石上的计数，七道又七道，让勘测所读懂整条下探路线究竟在数什么。	佩尔先生按重量给苏醒之地的石头定价，在价钱旁抄下石上的计数，七道又七道，好让勘测所读懂整场下行究竟在数什么。
data.regions.and.acts.arc5.regions.market.master.pell.weighs.the.last.hoard	Master Pell weighs the last hoard of the Maw at the last, and enters it under the account he opened at the first stair, and rules the line beneath, for the descent is charted to the Bottom now and the ledger of it closes.	佩尔先生最后称过巨口的末批宝藏，记入你踏上第一道阶梯时开立的账户，划好结账线；如今路线已勘到世界之底，这本下探账簿可以合上了。	佩尔先生最后称过巨口的末批宝藏，记入你踏上第一道阶梯时开立的账户，划好结账线；如今路线已勘到巨口之底，这本下行账簿可以合上了。
data.regions.and.acts.arc5.regions.market.older.than.the.undergate.by.the	"Older than the Undergate, by the cut," says Master Pell, turning a chip so the tool-marks catch the lamp, and enters it up every grade the charter allows.	「看凿法，比深层之门还老，」佩尔先生说，转动石片，让灯光照清工具痕迹，按章程准许的最高等级登记。	「看凿法，比深门还老，」佩尔先生说，转动石片，让灯光照清工具痕迹，按章程准许的最高等级登记。
data.regions.and.acts.arc5.regions.name.the.bottom	The Bottom	世界之底	巨口之底
data.regions.and.acts.arc5.regions.travel.below.the.last.door.descending.the	Below the last door: descending the drowned foundation, worked from the far side	最后一道门之下：下探从另一侧修建的沉水地基	最后一道门之下：下行从另一侧修建的沉水地基
data.regions.and.acts.regions.ambient.a.mason.re.cuts.the.roll.of	A mason re-cuts the roll of the returned upon the memorial wall, and leaves a clear span of stone below for the season to come.	石匠重新凿深纪念墙上归来者的名字，在下方留出一片空白，供下一季刻录。	石匠在纪念墙上重新凿刻归来者名册，并在下方留出一片空白石面，供下一季刻录。
data.regions.and.acts.regions.ambient.carts.of.coiled.rope.and.sealed	Carts of coiled rope and sealed lamp-oil wait at the stair-head, requisitioned against the descents of the season.	阶梯顶端停着几辆货车，装满盘好的绳索和封口的灯油，供本季下探之用。	阶梯顶端停着几辆货车，装满盘好的绳索和封口的灯油，已为本季各次下行征用。
data.regions.and.acts.regions.ambient.somewhere.down.the.tunnels.a.goblin	Somewhere down the tunnels a goblin drum beats out a ragged, warlike rhythm.	隧道深处传来地精的鼓声，敲着凌乱的战鼓节拍。	隧道深处某处，地精的战鼓敲出杂乱而好斗的节拍。
data.regions.and.acts.regions.ambient.the.cart.rails.divide.at.a.set	The cart-rails divide at a set of points still thrown for the down-track, and the up-track is red with rust to the railhead.	矿车轨道在道岔处分开，扳杆仍指向下行线，上行线已锈红到了轨面。	矿车轨道在道岔处分开，扳杆仍扳向下行线，上行线则一路锈红，直到轨道尽头。
data.regions.and.acts.regions.ambient.the.guild.bell.tolls.slowly.for	The Guild bell tolls slowly for a party of adventurers three days overdue.	公会的钟声缓缓响起，为一支逾期三天未归的冒险队鸣钟。	公会的钟缓缓鸣响，为一支逾期三天未归的冒险队而鸣。
data.regions.and.acts.regions.ambient.the.noticeboard.stands.layered.three.bills	The noticeboard stands layered three bills deep, and the topmost offers a standing bounty for any word of the party three days overdue.	告示板上的悬赏贴了三层，最上面一张长期悬赏那支逾期三天未归的队伍的消息。	布告板上的告示层层叠了三张，最上面一张是常设悬赏，征求那支逾期三天未归队伍的任何消息。
data.regions.and.acts.regions.market.coin.of.the.old.king.and	"Coin of the old king, and warm yet," says Master Pell, entering it under a column the ledger keeps for the rarest recoveries.	「旧王的钱币，还带着热气，」佩尔先生说，把它记入账簿专收珍稀回获物的一栏。	「旧王的钱币，还带着热气，」佩尔先生说，把它记入账簿专收最珍稀回收物的一栏。
data.regions.and.acts.regions.market.master.pell.handles.the.dwarf.work.with	Master Pell handles the dwarf-work with respect and pays it up a grade, allowing that the counter has yet to match the make of it.	佩尔先生郑重地接过矮人工艺品，按高一等的价钱收下，承认柜台至今还做不出这等手艺。	佩尔先生郑重地接过矮人工艺品，按高一等的价钱收下，并坦言柜台至今还没见过能与之相比的做工。
data.regions.and.acts.regions.market.master.pell.pays.the.hoard.gold.at	Master Pell pays the hoard-gold at the standard and no legend, for the counter buys by weight whether the coin is warm or cold.	佩尔先生按标准价收下窖藏黄金，传说不折成货款；柜台按重量收货，无论钱币是冷是热。	佩尔先生按标准价收下窖藏黄金，传说分文不计；柜台按重量收货，不问钱币是冷是热。
data.regions.and.acts.vale.regions.ambient.a.carrier.s.cart.stands.abandoned.at	A carrier's cart stands abandoned at the roadside with its shafts down and its load still roped, and the harness has been cut through rather than unbuckled.	一辆货车遗弃在路旁，车辕垂地，货物仍捆着；挽具被割断了，没有解开搭扣。	一辆货车遗弃在路旁，车辕垂地，货物仍捆着；挽具是割断的，不是解开的。
data.regions.and.acts.vale.regions.ambient.every.shutter.in.hollowmere.is.barred	Every shutter in Hollowmere is barred upon the street side, and the bars are new oak, and they were fitted by the village to the village.	霍洛米尔每扇窗都在临街一面上闩，门闩是新橡木，村民亲手装在自家村子上。	霍洛米尔每扇窗都在临街一面上闩，门闩是新橡木的，是村子自己给自己装上的。
data.regions.and.acts.vale.regions.ambient.owl.light.comes.early.under.the.thorn	Owl-light comes early under the thorn, and the wood goes quiet in one movement, the way a room goes quiet when a door opens behind you.	荆棘下早早暗到猫头鹰出没的时分，整座树林骤然安静，如同一间屋子听见背后的门开了。	荆棘之下，暮色来得早；整座树林一下子静了，就像身后的门被推开时，屋里骤然无声。
data.regions.and.acts.vale.regions.ambient.you.wade.a.channel.that.was	You wade a channel that was not there yesterday and will not be there tomorrow, for the fen moves its water about in the night like a householder shifting furniture.	你涉过一道昨天还没有、明天也不会有的水槽；夜里，沼泽挪动水路，就像住户挪动家具。	你涉过一条昨天还没有、明天也不会有的水道；夜里，沼泽挪动水路，就像住户挪动家具。
data.regions.and.acts.vale.regions.market.master.wickett.dries.and.weighs.the	Master Wickett dries and weighs the fen goods, pays over the odds for the linen, and rules the line beneath without meeting your eye.	威克特先生晾干、称好沼泽货物，给亚麻布付出超常的价钱，划好下面的线，目光始终避着你。	威克特先生晾干、称好沼泽货物，给亚麻布开出远超行情的价钱，划好下面的线，目光始终避着你。
data.regions.and.acts.vale.regions.market.out.of.saint.ordel.s.says.master	"Out of Saint Ordel's," says Master Wickett, and he pays the posted rate and a grace above it, and asks whether the register still lies open upon the lectern.	「圣奥德尔那里带来的，」威克特先生说，照公示价付款，另添厚赠，询问登记簿是否还摊在读经台上。	「圣奥德尔那里带来的，」威克特先生说，照公示价付款，另添一份薄赠，又问登记簿是否还摊在读经台上。
data.regions.and.acts.vale.regions.market.out.of.the.thornwake.says.master	"Out of the Thornwake," says Master Wickett, and he prices the drowned wood's finds a grade above the village's, for few enough come back with any.	「荆棘泽林里的，」威克特先生说，按比村中货高一等的价钱收下，很少有人能从那片淹林带东西回来。	「荆棘泽林里的，」威克特先生说，按比村中货高一等的价钱收下，因为能从那片淹林带东西回来的人实在不多。
data.regions.and.acts.vale.regions.market.the.chandler.s.boy.leaves.the.box	The chandler's boy leaves the box, takes the castle's plate away wrapped in sacking, and runs the last of the crag road rather than walks it.	烛商的学徒放下箱子，用麻袋裹好城堡银器带走；峭崖路的最后一段，他跑着走完。	烛商的学徒撇下箱子，用麻袋裹好城堡的银器带走；峭崖路最后一段，他不是走完的，是跑完的。
data.regions.and.acts.vale.regions.travel.in.at.the.hall.door.the	In at the hall door: the state rooms of Castle Corvane, and the Count at the head of them	进入大厅门：穿过科尔文城堡的正厅，伯爵在主位等候	自大厅门而入：科尔文城堡的正厅诸室，伯爵居于上首
data.roadReveal.stair	A stair that is on no chart	一道人们未曾绘入地图的阶梯	一道不见于任何地图的阶梯
data.sea.data.sea.boss.stages.approach.up.the.bay.s.signal.landing.to	Up the bay's signal landing, to the water gathered about its stolen seal	登上海湾信号台，走向盗取印章周围聚起的水	登上海湾信号登陆台，走向聚在被盗印章周围的海水
data.sea.data.sea.boss.stages.between.vane.scatters.the.coast.s.toll.books	Vane scatters the coast's toll books across the chart table and draws the sword he carries in every painted proclamation. You force him through the command room toward the quay where the imprisoned shipwrights have opened the gate.	韦恩把海岸通行税册扫散在海图桌上，拔出每张宣告画像里都佩着的剑。你将他逼过指挥室，逼向被囚的船匠已经打开大门的码头。	韦恩把海岸通行税册扫散在海图桌上，拔出他在每幅告示画像里都佩着的那把剑。你将他逼过指挥室，逼向码头，被囚的船匠已在那里打开了大门。
data.sea.data.sea.boss.stages.line.you.pin.the.capstan.in.its	You pin the capstan in its open position and carry the prison keys down to the quay cells. The released pilots compare their records with yours, and one identifies Captain Reed's landing beyond the last Stormward headland.	你把绞盘固定在开放位置，带着牢房钥匙下到码头囚室。获释领航员将各自记录与你的对照，一人认出里德船长登陆在最后一处风暴岬角之外。	你把绞盘固定在开放位置，带着牢房钥匙下到码头囚室。获释的领航员们将各自的记录与你的对照，其中一人指认出里德船长的登陆点，就在最后一处风暴岬角之外。
data.sea.data.sea.boss.stages.line.you.remove.vane.s.command.seal.and	You remove Vane's command seal and raise Captain Reed's recognition flag. Pilot Alda brings the ships out to the gathering water one at a time. Their deeper draught demands a passage the expedition's small survey boats could leave uncharted.	你取下韦恩的控制印章，升起里德船长的识别旗。领航员阿尔达一艘接一艘把船带到集结水域；这些大船吃水更深，需要一条远征队小勘测艇原本不必绘明的航道。	你取下韦恩的号令印章，升起里德船长的识别旗。领航员阿尔达一艘接一艘把船带到集结水域；这些大船吃水更深，需要一条远征队小勘测艇原本不必绘明的航道。
data.sea.data.sea.boss.stages.phases.the.pearl.matron.above.the.lantern	The Pearl Matron, above the lantern	珠鳞主母，位于灯笼上方	珠鳞主母，位于灯室上方
data.sea.data.sea.bosses.admiral.vane.s.island.captain.who.holds	Admiral Vane's island captain, who holds the Pilot Isles' harbour and seizes anyone carrying a sounding slate	韦恩提督的海岛舰长，占着引航群岛港口，逮捕任何携带测深石板的人	韦恩提督手下的驻岛船长，占着引航群岛港口，凡携带测深石板者一律逮捕
data.sea.data.sea.bosses.admiral.vane.s.island.captain.who.holds.case-description	Admiral Vane's island captain, who holds the Pilot Isles' harbour and seizes anyone carrying a sounding slate.	韦恩海军上将的岛屿守将，占据领航群岛的港口，拘捕携带测深板的人。	韦恩提督的海岛舰长，占据引航群岛的港口，逮捕任何携带测深石板的人。
data.sea.data.sea.bosses.the.harbour.ogre.that.holds.the.case-description	The harbour ogre that holds the outward quay and drags passing boats beneath its mooring chain.	占据外码头的港口食人魔，用系泊铁链把过往船只拖入水下。	占据出港码头的港湾食人魔，以系泊链把过往船只拖入水下。
data.sea.data.sea.bosses.the.minotaur.marshal.who.commands.the.case-description	The minotaur marshal who commands the storm fort and turns its harbour chain by his own hand.	统率风暴堡垒的牛头人统领，亲手操纵港口铁链。	统率风暴要塞的牛头人统领，亲手转动封港锁链。
data.sea.data.sea.bosses.the.naga.that.occupies.the.lighthouse.s.case-description	The naga that occupies the lighthouse's chart room and keeps the false beacon under the admiral's seal.	占据灯塔海图室的娜迦，凭海军上将的印令维持虚假的航标灯火。	占据灯塔海图室的纳迦，凭提督印章维持假灯标。
data.sea.data.sea.bosses.the.rooted.creature.that.hunts.between.case-description	The rooted creature that hunts between the Broken Fleet's stranded hulls and the outer bay.	生根的怪物，在破舰群的搁浅船壳与外湾之间猎食。	生根的怪物，在碎舰海域的搁浅船体与外湾之间猎食。
data.sea.data.sea.bosses.the.water.guardian.bound.to.the	the water guardian bound to the sheltered bay's entrance by the admiral's stolen command seal	受提督盗取的控制印章束缚、镇守避风海湾入口的水之守卫	受提督盗取的号令印章束缚、镇守避风海湾入口的水之守卫
data.sea.data.sea.bosses.the.water.guardian.bound.to.the.case-description	The water guardian bound to the sheltered bay's entrance by the admiral's stolen command seal.	水之守护者，被海军上将盗来的号令印章束缚在避风海湾的入口。	水之守卫，被提督盗来的号令印章束缚在避风海湾的入口。
data.sea.data.sea.creatures.lore.a.mass.of.living.roots.that	A mass of living roots that tears itself free from the mangrove bank to feed. Its branches close about a victim and press the body into the mud beneath it.	一团活树根，会从红树河岸挣脱出来觅食。枝条合拢裹住受害者，将身体压进下面的泥中。	一团活树根，会从红树林岸边挣脱出来觅食。枝条合拢裹住受害者，将身体压进下面的泥中。
data.sea.data.sea.creatures.lore.a.merrow.of.the.outer.reef	A merrow of the outer reef, plated with coral around the shoulders. It throws a barbed spear from the water and hauls its victim across the stone.	这种海巨人栖在外礁，肩部覆着珊瑚甲片。它从水中投出倒钩矛，把受害者拖过礁石。	这种海渊鱼人栖在外礁，肩部覆着珊瑚甲片。它从水中投出倒钩矛，把受害者拖过礁石。
data.sea.data.sea.creatures.lore.a.tiger.headed.fiend.retained.to.enforce	A tiger-headed fiend retained to enforce the admiral's harbour contracts. Its reversed hands stamp the confiscation papers before the merchants are brought ashore.	受雇执行提督港口契约的虎首魔鬼。商人还未押上岸，它就用反生的双手在没收文书上盖印。	受雇执行提督港口契约的虎首魔怪。商人还未押上岸，它就用反生的双手在没收文书上盖印。
data.sea.data.sea.creatures.name.reef.merrow	reef merrow	礁海巨人	礁石海渊鱼人
data.sea.data.sea.creatures.note.cut.the.spear.s.trailing.line.before	Cut the spear's trailing line before drawing the barb. A taut line shows where the merrow will rise.	拔倒钩前先割断矛后的绳索。绷紧的绳会指出海巨人将从哪里浮起。	拔倒钩前先割断矛后的绳索。绷紧的绳会指出海渊鱼人将从哪里浮起。
data.sea.data.sea.creatures.note.the.bronze.hinge.remains.exposed.when	The bronze hinge remains exposed when the guardian turns. Record the maker's letters before delivering it to the factor.	守卫转身时，铜铰链会露在外面。交给代理人之前，记下工匠的字记。	守卫转身时，铜铰链会露在外面。交给代理人之前，记下上面的工匠刻字。
data.sea.data.sea.creatures.note.the.contract.box.is.warded.and	The contract box is warded and bears the fiend's own seal. Carry it closed to the Guild's reader after the creature falls.	契约箱有魔法防护，带着魔鬼自己的封印。杀死它后，把箱子合着送给公会阅卷员。	契约箱有魔法防护，带着魔怪自己的封印。杀死它后，把箱子合着送交公会阅卷员。
data.sea.data.sea.creatures.trophy.a.reef.merrow.s.coral.barb	a reef merrow's coral barb	礁海巨人的珊瑚倒钩	礁石海渊鱼人的珊瑚倒钩
data.sea.data.sea.ends.epilogue.captain.reed.comes.ashore.from.the	Captain Reed comes ashore from the last boat. The rescued families settle along the quay while the Guild reopens the coast's chart office. You sign the first public copy beside Pilot Alda's soundings and Captain Reed's return. Vane is carried to Mereward under guard. A vessel bearing another port's colours enters the passage by the new lights, and the harbour clerk walks down to receive its papers.	里德船长从最后一艘船上岸。获救的各家人在码头边安顿，公会重新开放海岸海图所。你在第一份公开抄本上签名，旁边是领航员阿尔达的测深记录与里德船长的归返签字。韦恩被押往梅尔沃德。一艘悬挂另一港口旗色的船依新灯标驶入航道，港口书记走下去接收它的文书。	里德船长从最后一艘船上岸。获救的各家人在码头边安顿，公会重新开放海岸海图所。你在第一份公开抄本上签名，旁边是领航员阿尔达的测深记录与里德船长的归航报告。韦恩被押往梅尔沃德。一艘悬挂另一港口旗色的船依新灯标驶入航道，港口书记走下去接收它的文书。
data.sea.data.sea.ends.reward.name.lantern.of.open.waters	lantern of open waters	通航之灯	开阔水域之灯
data.sea.data.sea.nodes.complete.you.enter.the.white.reef.s.soundings	You enter the White Reef's soundings in the Guild atlas. The narrow water carries your survey boat between the rocks, and Alda marks the greater draught that will strike the bottom.	你将白礁测深记录录入公会图册。狭水道容得下勘测艇穿过岩礁，阿尔达标下更深吃水会触底的位置。	你将白礁测深记录录入公会图册。狭窄水道容勘测艇从岩礁间穿过；阿尔达另行标出：吃水更深的船至此必会触底。
data.sea.data.sea.nodes.location.the.lantern.tower	The Lantern Tower	灯笼塔	灯楼
data.sea.data.sea.nodes.next.use.her.navigator.job.shortens.travel.by	Her navigator job shortens travel by 10% at rank 1, rising with rank. Choose her at the quartermaster's yard.	她的航海员工作在等级1时使旅行耗时减少10%，效果随等级提高。在军需官院选择她。	她的航海员工作在等级1时使旅行耗时减少10%，效果随等级提高。在军需院选择她。
data.sea.data.sea.nodes.next.use.requires.less.initial.work.than.a	Requires less initial work than a new pilot and reef survey. The harbour resets each chronicle.	比重新营救领航员并勘测礁道所需的前期作业少。港口每次纪事重置。	比重新营救领航员并勘测礁道所需的前期作业少。港口每部纪事重置。
data.sea.data.sea.nodes.next.use.requires.less.initial.work.than.a.2	Requires less initial work than a new lighthouse and signal recovery. The battery resets each chronicle.	比重新夺回灯塔与信号记录所需的前期作业少。炮台每次纪事重置。	比重新夺回灯塔与信号记录所需的前期作业少。炮台每部纪事重置。
data.sea.data.sea.nodes.next.use.requires.less.initial.work.than.a.3	Requires less initial work than a new wreck chart recovery. The fort resets each chronicle and supports the convoy route.	比重新取回沉船海图所需的前期作业少。要塞每次纪事重置，可供船队通行。	比重新取回沉船海图所需的前期作业少。要塞每部纪事重置，可供船队通行。
data.sea.data.sea.nodes.next.use.requires.less.initial.work.than.a.4	Requires less initial work than a new storm survey. The anchorage resets each chronicle.	比重新勘测风暴航道所需的前期作业少。锚地每次纪事重置。	比重新勘测风暴航道所需的前期作业少。锚地每部纪事重置。
data.sea.data.sea.nodes.next.use.requires.less.initial.work.than.a.5	Requires less initial work than a new channel survey. The escort repeats each chronicle.	比重新勘测水道所需的前期作业少。护航每次纪事都要重做。	比重新勘测水道所需的前期作业少。护航每部纪事都要重做。
data.sea.data.sea.nodes.next.use.the.chart.reveals.the.serpent.expedition	The chart reveals the serpent expedition and supports a new channel for the deeper convoy.	海图揭示巨蛇远征地点，也能用于开辟供深吃水船队通行的新水道。	海图揭示了巨蛇远征的去处，也可用于为吃水更深的船队开辟新水道。
data.sea.data.sea.refits.effect.10.rescue.and.passage.work	+10% rescue and passage work.	+10%救援与航道工作量。	+10%救援与航道工作效率。
data.sea.data.sea.refits.effect.10.survey.work	+10% survey work.	+10%勘测工作量。	+10%勘测工作效率。
data.sea.data.sea.refits.effect.5.expedition.work	+5% expedition work.	+5%远征工作量。	+5%远征工作效率。
data.sea.data.sea.regions.ambient.the.harbour.watch.lowers.a.lantern	The harbour watch lowers a lantern into the water, and pale shapes scatter beneath the pilings.	港口守卫把提灯放低到水面，桥桩下苍白的身影纷纷散开。	港口守卫把提灯放低到水面，码头桩柱下苍白的身影纷纷散开。
data.sea.data.sea.regions.ambient.the.largest.ship.rests.in.a	The largest ship rests in a pool beyond the sandbar, with a fresh depth mark painted upon its bow.	最大的船停在沙洲后的水池里，船首新画了一道水深标记。	最大的船停在沙洲后的一处深潭里，船首新画了一道水深标记。
data.sea.data.sea.regions.ambient.you.pass.beneath.the.last.river	You pass beneath the last river bridge, where the Guild's seal is cut beside the marks of former floods.	你驶过最后一座河桥，桥上旧洪水留下的水痕旁刻着公会印记。	你从最后一座河桥下驶过，桥身历次洪水的水痕旁刻着公会印记。
data.sea.data.sea.regions.ambient.you.pass.the.admiral.s.written.orders	You pass the admiral's written orders upon a post. Every light upon the coast is entered beside a toll.	你经过一根张贴提督书面命令的柱子，每处海岸灯火旁都列着一道通行费。	你经过一根张贴提督书面命令的柱子。令中沿岸每一处灯火旁，都记着一笔通行费。
data.sea.data.sea.regions.ambient.you.watch.the.lighthouse.beam.cross	You watch the lighthouse beam cross the rocks where the marked passage ends.	你看着灯塔的光扫过岩礁，标出的航道却在岩前就结束了。	你看着灯塔的光束扫过岩礁——标出的航道正止于此处。
data.sea.data.sea.regions.market.master.pell.weighs.the.quay.recoveries	Master Pell weighs the quay recoveries and opens the sea account beneath the lost expedition's number.	佩尔先生称量码头回收物，在失踪远征队编号下开立海务账户。	佩尔先生称量码头回收物，在失踪远征队的编号下另立海上账目。
data.sea.data.sea.regions.market.the.guild.factor.dries.your.papers	The Guild factor dries your papers beneath a weighted frame before entering the cargo at the posted rate.	公会代理人把你的文书压在框架下晾干，再按公示价登记货物。	公会代理人把你的文书压在加了重物的木框下晾干，再按公示价登记货物。
data.sea.data.sea.regions.market.the.guild.receives.the.anchorage.s.recoveries	The Guild receives the anchorage's recoveries beneath its own seal, with Captain Reed's purser attending the count.	公会以自己的印记接收锚地回收物，里德船长的事务员在场清点。	公会以自己的印记接收锚地回收物，里德船长的事务长在场监点。
data.sea.data.sea.story.data.record.you.entered.mara.s.list.of.families	You entered Mara's list of families beside Hobb's draught marks and Alda's warning that the White Reef was too shallow for their ships.	你将玛拉记下的船上各家人的名单记在霍布的吃水标记旁，也记下阿尔达的警告：白礁太浅，容不下他们的船。	你把玛拉的各户名单与霍布的吃水标记登记在一处，并记下阿尔达的警告：白礁太浅，他们的船过不去。
data.sea.data.sea.story.data.text.alda.scrapes.the.corsair.tally.from	Alda scrapes the corsair tally from the back of her sounding slate. She was taken while marking a passage beyond the Pilot Isles, where the admiral's watch forbids any chart he has not sealed. "My father marked that passage," she says. "The fishing boats have used it for forty years." You return her compass, and she shows you the shallow road through the reef. A survey boat can cross it. A laden merchant vessel must seek deeper water.	阿尔达刮去测深石板背面的海盗计数。她在引航群岛外标记航道时被抓，那里提督的守卫禁止任何未经他盖印的海图。「那条路是我父亲标出来的，」她说。「渔船走了四十年。」你归还她的罗盘，她便指给你礁间浅路。勘测艇可以穿过，满载商船则必须另寻深水。	阿尔达刮去测深石板背面的海盗计数痕。她在引航群岛外标记航道时被抓，那里提督的守卫禁止任何未经他盖印的海图。「那条路是我父亲标出来的，」她说。「渔船走了四十年。」你归还她的罗盘，她便指给你礁间浅路。勘测艇可以穿过，满载商船则必须另寻深水。
data.sea.data.sea.story.data.text.captain.iona.reed.meets.you.at	Captain Iona Reed meets you at the landing with the expedition's roll beneath her arm. Her ships found this sheltered bay while carrying families driven from the admiral's captured ports. Vane's patrols closed the coast behind them. You read the names Reed has kept through their confinement, and the people upon the nearest deck call to those waiting ashore. Reed folds the roll and puts it inside her coat. "I take the last boat," she tells the shipmasters.	艾奥娜·里德船长夹着远征名册，在登陆点与你相见。她的船载着被逐出提督占领港口的一家家人，寻找到了这片避风湾。韦恩的巡逻队随即封住他们身后的海岸。你读过受困期间里德一直保存的名字，最近甲板上的人向岸上等候者呼喊。里德叠好名册，放进外衣。「我坐最后一艘船，」她对船长们说。	艾奥娜·里德船长腋下夹着远征名册，在登陆点与你相见。她的船载着被逐出提督所占港口的各户人家，觅得这片避风湾。韦恩的巡逻队随即封住了他们身后的海岸。你翻读里德在受困期间一直保存的名字，最近那艘船甲板上的人朝岸上等候的人呼喊。里德叠好名册，收进外衣。「最后一艘船我来坐，」她对船长们说。
data.sea.data.sea.story.data.text.mara.the.expedition.s.surgeon.brings.the	Mara, the expedition's surgeon, brings the names of the families aboard the largest vessel. Shipwright Hobb carries a pole with each ship's draught cut along it. You set the pole beside Alda's sounding slate, and she places its deepest mark below the depth of the White Reef. Captain Reed asks you to find a road that carries everyone upon her list.	远征队外科医师玛拉带来最大船上各家人的名单。船匠霍布扛着一根长杆，沿杆刻着每艘船的吃水。你把长杆放到阿尔达的测深石板旁，她把最深的刻度放在白礁水深之下。里德船长请你找一条能载走名册上所有人的路。	远征队外科医师玛拉带来最大那艘船上各户人家的名单。船匠霍布扛着一根长杆，杆上刻着每艘船的吃水。你把长杆放到阿尔达的测深石板旁，她一比对，杆上最深的刻度低于白礁的水深。里德船长请你找一条路，能载走名单上的每一个人。
data.sea.data.sea.story.data.text.you.sight.the.guild.s.sea.survey.flag	You sight the Guild's sea-survey flag through a break in the wooded shore. A shuttered lamp beneath it gives Captain Reed's recognition number, then waits while your answering light crosses the sound. The reply comes from farther inland, beside a line of stranded mastheads. You mark the landing upon the recovery warrant.	林岸的缺口间，你望见公会海上勘测旗。旗下的遮光灯打出里德船长的识别编号，随后等着你的回应灯光越过海峡。下一道答复从更内陆的地方传来，旁边是一列搁浅船只的桅顶。你在搜救委任书上标下登陆点。	林岸的缺口间，你望见公会海上勘测旗。旗下的遮光灯打出里德船长的识别编号，随后等着你的回应灯光越过海峡。答复从更远的内陆传来，旁边是一列搁浅船只的桅顶。你在搜救委任书上标下登陆点。
data.talent.tree.ability.say.more.free.attack.damage	free attack damage	免费攻击伤害	先手攻击伤害
data.weather.calendar.and.hirelings.court.weather.lines.mines.2.a.seeping.damp.rises.even.here	A seeping damp rises even here, and the sumps of the deep court fill and stand black and cold.	渗水湿气连此处也已到达，深层法庭的集水坑蓄满又黑又冷的水。	渗出的湿气连这里也漫了上来，深处宫廷的集水坑积满了水，又黑又冷。
data.weather.calendar.and.hirelings.court.weather.lines.mines.2.the.old.wet.of.the.workings	The old wet of the workings finds the court at last, and the water gathers in the low seats of the seven.	矿道的旧湿气终于来到法庭，水聚在七位守卫的低座里。	矿道积年的湿气终于寻到宫廷，水积在七位守封者的低座之中。
data.weather.calendar.and.hirelings.court.weather.lines.mines.2.water.weeps.from.the.court.s.own	Water weeps from the court's own stone as it wept in the mines a hundred fathoms above, and the floor runs slick.	法庭石缝渗出水，如上方一百噚处的矿井一般，地面逐渐湿滑。	宫廷的石头自己渗出水来，正如百噚之上的矿井，地面一片湿滑。
data.weather.calendar.and.hirelings.festivals.open.a.runner.sent.down.to.the	A runner sent down to the stair-head brings word that the Signing is on above. The board stands three deep in new hands, and the charter's terms have been read aloud since first light without a pause for dinner.	跑腿送信到阶梯顶：地面正在办理签名日的登记。布告板前新人排了三层，宪章条款从天亮念到现在，连午饭也未停。	跑腿送信到阶梯顶：地面正在办理签名日的登记。布告板前新人排了三层，章程条款从天亮念到现在，连午饭也未停。
data.weather.calendar.and.hirelings.festivals.open.old.hesper.s.voice.comes.down.the	Old Hesper's voice comes down the shaft with the depth and one thing more: the Issue of Tags is opened at the counter above, and the numbers of last year's dead are being read off the roll before a single new one is given out.	老赫斯珀沿井报来深度，随后又添一句：柜台开始发放身份牌；新牌发出之前，先念去岁死者的编号。	老赫斯珀沿井报来深度，随后又添一句：上面柜台开始发放身份牌；新牌发出之前，先从名册上念去岁死者的编号。
data.weather.calendar.and.hirelings.festivals.say.every.measure.of.lamp.oil.sold.in	Every measure of lamp-oil sold in Mereward is tested against the sealed quart kept in the Guildhouse. A short measure is struck through in the ledger and its vessel broken upon the step, where the whole town may count them.	梅尔沃德售出的每份灯油，都须对照公会馆封存的一夸脱标准量。不足量的器皿会在账上划销，砸碎在门阶上，让全镇清点。	梅尔沃德售出的每份灯油，都须对照公会馆封存的一夸脱标准量检验。不足量者在账上划去，其器皿砸碎于门阶，全镇皆可清点。
data.weather.calendar.and.hirelings.festivals.say.every.mule.dog.and.pit.pony.upon	Every mule, dog and pit-pony upon the Guild's strength is brought onto the green to be shod, dosed and entered in the stable-book. The hands who keep them draw their season's wage at the trestle in the same hour, in coin.	公会名下每头骡、每条狗和每匹矿马，都牵到草坪钉掌、给药并登记入厩册。照料它们的人同时在长桌边领取本季工资，以钱币支付。	公会名下每头骡、每条狗和每匹矿马，都牵到草坪钉掌、灌药并登记入厩册。照料它们的帮手同一时辰在长桌边领取本季工钱，付现钱。
data.weather.calendar.and.hirelings.festivals.say.the.guild.strikes.the.year.s.numbered	The Guild strikes the year's numbered tags for the recovery of remains and issues them at the counter across three days. A tag comes back with its bearer or it comes back alone, and the charter provides for both.	公会铸造本年供收殓遗骸的编号身份牌，在柜台发放三日。身份牌可能随主人归来，也可能独自归来，宪章对两者都有安排。	公会铸造本年供收殓遗骸的编号身份牌，在柜台发放三日。身份牌或随主人归来，或独自归来，章程对两者皆有规定。
data.weather.calendar.and.hirelings.festivals.say.the.guildmaster.reads.out.every.party	The Guildmaster reads out every party a year overdue upon the Maw, and their numbers are struck from the slate at the windlass. The recovery fund pays for a candle at each name, and the candles are left burning upon the step until morning.	会长念出巨口中每支逾期一年的队伍，编号随即从绞盘石板上划去。收殓基金为每个姓名买一支蜡烛，留在门阶上燃至清晨。	公会长念出巨口中每支逾期一年的队伍，编号随即从绞盘石板上划去。搜救基金为每个姓名买一支蜡烛，留在门阶上燃至清晨。
data.weather.calendar.and.hirelings.festivals.say.the.mason.sets.his.trestle.at	The mason sets his trestle at the memorial wall and cuts the season's names into the roll of the returned. A clear span of stone is left below the last of them, as the charter requires.	石匠在纪念墙前支起架子，将本季姓名刻入归来者名录。依宪章规定，末名下方留出一段空石。	石匠在纪念墙前支起架子，将本季姓名刻入归来者名录。依章程规定，末名下方留出一段空石。
data.weather.calendar.and.hirelings.festivals.say.the.recruiting.sergeant.works.the.board.for	The recruiting-sergeant works the board for two days together, and the year's new names are signed onto the Guild roll. Each is read the charter's terms aloud and issued one (1) torch and a numbered tag before the ink is dry.	征募军士连着两天守在布告板前，将本年新人记入公会名册。每人都须听完宣读的宪章条款，墨未干便领到火把一（1）支和编号身份牌。	征募军士连着两天守在布告板前，将本年新人签入公会名册。每人都须听完宣读的章程条款，墨未干便领到火把一（1）支和编号身份牌。
data.weather.calendar.and.hirelings.festivals.say.the.whole.of.the.windlass.rope	The whole of the windlass rope comes up out of the Maw and is walked out along the moor road, fathom by fathom, for Old Hesper to read with his hands. A second rope is rigged at the rim for the day, so that the descents go on while it is read.	绞盘主绳整条从巨口升起，沿荒原道路逐噚展开，让老赫斯珀以双手检查。当天边缘另架一根绳子，验绳期间下行仍照常进行。	绞盘主绳整条从巨口收上来，沿荒原道路一噚一噚展开，由老赫斯珀以手摸验。当天井口另架一根绳，验绳期间下行照常进行。
data.weather.calendar.and.hirelings.firstnames.aelfwine	Aelfwine	Aelfwine	埃尔夫温
data.weather.calendar.and.hirelings.firstnames.aldous	Aldous	Aldous	奥尔德斯
data.weather.calendar.and.hirelings.firstnames.aldric	Aldric	Aldric	奥尔德里克
data.weather.calendar.and.hirelings.firstnames.alric	Alric	Alric	阿尔里克
data.weather.calendar.and.hirelings.firstnames.alwin	Alwin	Alwin	阿尔温
data.weather.calendar.and.hirelings.firstnames.alys	Alys	Alys	艾丽丝
data.weather.calendar.and.hirelings.firstnames.baldric	Baldric	Baldric	鲍德里克
data.weather.calendar.and.hirelings.firstnames.beorn	Beorn	Beorn	贝奥恩
data.weather.calendar.and.hirelings.firstnames.blythe	Blythe	Blythe	布莱丝
data.weather.calendar.and.hirelings.firstnames.bram	Bram	Bram	布拉姆
data.weather.calendar.and.hirelings.firstnames.bregga	Bregga	Bregga	布雷加
data.weather.calendar.and.hirelings.firstnames.cael	Cael	Cael	凯尔
data.weather.calendar.and.hirelings.firstnames.cerdic	Cerdic	Cerdic	塞尔迪克
data.weather.calendar.and.hirelings.firstnames.corwin	Corwin	Corwin	科温
data.weather.calendar.and.hirelings.firstnames.cuthwin	Cuthwin	Cuthwin	卡斯温
data.weather.calendar.and.hirelings.firstnames.doran	Doran	Doran	多兰
data.weather.calendar.and.hirelings.firstnames.dunstan	Dunstan	Dunstan	邓斯坦
data.weather.calendar.and.hirelings.firstnames.eadric	Eadric	Eadric	埃德里克
data.weather.calendar.and.hirelings.firstnames.ealdith	Ealdith	Ealdith	埃尔迪丝
data.weather.calendar.and.hirelings.firstnames.edda	Edda	Edda	埃达
data.weather.calendar.and.hirelings.firstnames.ediva	Ediva	Ediva	伊迪娃
data.weather.calendar.and.hirelings.firstnames.elswyth	Elswyth	Elswyth	埃尔斯维丝
data.weather.calendar.and.hirelings.firstnames.emrys	Emrys	Emrys	埃姆里斯
data.weather.calendar.and.hirelings.firstnames.everard	Everard	Everard	埃弗拉德
data.weather.calendar.and.hirelings.firstnames.garran	Garran	Garran	加兰
data.weather.calendar.and.hirelings.firstnames.gethin	Gethin	Gethin	格辛
data.weather.calendar.and.hirelings.firstnames.godith	Godith	Godith	戈迪丝
data.weather.calendar.and.hirelings.firstnames.godwin	Godwin	Godwin	戈德温
data.weather.calendar.and.hirelings.firstnames.gunnhild	Gunnhild	Gunnhild	贡希尔德
data.weather.calendar.and.hirelings.firstnames.hafgar	Hafgar	Hafgar	哈夫加
data.weather.calendar.and.hirelings.firstnames.haldis	Haldis	Haldis	哈尔迪丝
data.weather.calendar.and.hirelings.firstnames.halric	Halric	Halric	哈尔里克
data.weather.calendar.and.hirelings.firstnames.hardwin	Hardwin	Hardwin	哈德温
data.weather.calendar.and.hirelings.firstnames.hettie	Hettie	Hettie	赫蒂
data.weather.calendar.and.hirelings.firstnames.hild	Hild	Hild	希尔德
data.weather.calendar.and.hirelings.firstnames.ingram	Ingram	Ingram	英格拉姆
data.weather.calendar.and.hirelings.firstnames.isolde	Isolde	Isolde	伊索尔德
data.weather.calendar.and.hirelings.firstnames.ivetta	Ivetta	Ivetta	伊薇塔
data.weather.calendar.and.hirelings.firstnames.korrin	Korrin	Korrin	科林
data.weather.calendar.and.hirelings.firstnames.leofric	Leofric	Leofric	利奥弗里克
data.weather.calendar.and.hirelings.firstnames.leofrun	Leofrun	Leofrun	利奥弗伦
data.weather.calendar.and.hirelings.firstnames.linnet	Linnet	Linnet	林妮特
data.weather.calendar.and.hirelings.firstnames.lyse	Lyse	Lyse	莉丝
data.weather.calendar.and.hirelings.firstnames.maerwyn	Maerwyn	Maerwyn	梅尔温
data.weather.calendar.and.hirelings.firstnames.merrick	Merrick	Merrick	梅里克
data.weather.calendar.and.hirelings.firstnames.mildreth	Mildreth	Mildreth	米尔德丽丝
data.weather.calendar.and.hirelings.firstnames.mira	Mira	Mira	米拉
data.weather.calendar.and.hirelings.firstnames.morwen	Morwen	Morwen	莫温
data.weather.calendar.and.hirelings.firstnames.nesta	Nesta	Nesta	内斯塔
data.weather.calendar.and.hirelings.firstnames.osgyth	Osgyth	Osgyth	奥斯吉丝
data.weather.calendar.and.hirelings.firstnames.osmar	Osmar	Osmar	奥斯马
data.weather.calendar.and.hirelings.firstnames.oswin	Oswin	Oswin	奥斯温
data.weather.calendar.and.hirelings.firstnames.petra	Petra	Petra	佩特拉
data.weather.calendar.and.hirelings.firstnames.redwald	Redwald	Redwald	雷德沃尔德
data.weather.calendar.and.hirelings.firstnames.roald	Roald	Roald	罗尔德
data.weather.calendar.and.hirelings.firstnames.rohesia	Rohesia	Rohesia	罗希西娅
data.weather.calendar.and.hirelings.firstnames.rowan	Rowan	Rowan	罗恩
data.weather.calendar.and.hirelings.firstnames.rowena	Rowena	Rowena	罗伊娜
data.weather.calendar.and.hirelings.firstnames.saeric	Saeric	Saeric	塞里克
data.weather.calendar.and.hirelings.firstnames.sera	Sera	Sera	塞拉
data.weather.calendar.and.hirelings.firstnames.seward	Seward	Seward	西沃德
data.weather.calendar.and.hirelings.firstnames.sigurd	Sigurd	Sigurd	西格德
data.weather.calendar.and.hirelings.firstnames.sunniva	Sunniva	Sunniva	桑尼瓦
data.weather.calendar.and.hirelings.firstnames.theron	Theron	Theron	瑟伦
data.weather.calendar.and.hirelings.firstnames.tobrand	Tobrand	Tobrand	托布兰德
data.weather.calendar.and.hirelings.firstnames.torvald	Torvald	Torvald	托瓦尔德
data.weather.calendar.and.hirelings.firstnames.ulric	Ulric	Ulric	乌尔里克
data.weather.calendar.and.hirelings.firstnames.vash	Vash	Vash	瓦什
data.weather.calendar.and.hirelings.firstnames.wilda	Wilda	Wilda	薇尔达
data.weather.calendar.and.hirelings.firstnames.winfrid	Winfrid	Winfrid	温弗里德
data.weather.calendar.and.hirelings.firstnames.wrenna	Wrenna	Wrenna	雷娜
data.weather.calendar.and.hirelings.firstnames.wulmar	Wulmar	Wulmar	伍尔马
data.weather.calendar.and.hirelings.firstnames.wystan	Wystan	Wystan	威斯坦
data.weather.calendar.and.hirelings.firstnames.ysanne	Ysanne	Ysanne	伊桑娜
data.weather.calendar.and.hirelings.firstnames.yssa	Yssa	Yssa	伊莎
data.weather.calendar.and.hirelings.hireling.beast.names.barnaby	Barnaby	Barnaby	巴纳比
data.weather.calendar.and.hirelings.hireling.beast.names.bracket	Bracket	Bracket	布拉基特
data.weather.calendar.and.hirelings.hireling.beast.names.cinder	Cinder	Cinder	余烬
data.weather.calendar.and.hirelings.hireling.beast.names.clove	Clove	Clove	丁香
data.weather.calendar.and.hirelings.hireling.beast.names.dobbin	Dobbin	Dobbin	多宾
data.weather.calendar.and.hirelings.hireling.beast.names.hazel	Hazel	Hazel	榛子
data.weather.calendar.and.hirelings.hireling.beast.names.juniper	Juniper	Juniper	杜松
data.weather.calendar.and.hirelings.hireling.beast.names.mabel	Mabel	Mabel	梅布尔
data.weather.calendar.and.hirelings.hireling.beast.names.nettle	Nettle	Nettle	荨麻
data.weather.calendar.and.hirelings.hireling.beast.names.pilgrim	Pilgrim	Pilgrim	朝圣者
data.weather.calendar.and.hirelings.hireling.beast.names.sixpence	Sixpence	Sixpence	六便士
data.weather.calendar.and.hirelings.hireling.beast.names.tuppence	Tuppence	Tuppence	两便士
data.weather.calendar.and.hirelings.hirelings.epi.name.carries.your.completed.charts.to	{name} carries your completed charts to the Guild and takes a place among its navigators. Her next voyage begins with your account of the rescue.	{name}将你完成的海图带回公会，成为其中一员领航员。她下一次航行，将从你的救援记录出发。	{name}将你完成的海图带回公会，在公会领航员中占得一席。她的下一次航行，就从你写的这份救援记述开始。
data.weather.calendar.and.hirelings.hirelings.epi.name.the.lamplighter.goes.back.to	{name} the lamplighter goes back to the rim to light the Guildhouse lamps at dusk, and tells the descent by name to any who stand them a drink.	点灯人{name}回到井口，每晚点亮公会馆的灯。有人请上一杯，便会按人名讲述这段下行经历。	点灯人{name}回到井口，每到黄昏便点亮公会馆的灯。谁请上一杯，就把这趟下行连名带姓讲一遍。
data.weather.calendar.and.hirelings.hirelings.epi.name.the.link.boy.is.taken.onto	{name} the link-boy is taken onto the Guild's own strength as a runner, with a lantern of their own and a wage entered fair in the book.	提火少年{name}被公会正式收作信使，有了自己的灯笼，工资也端正记入账册。	提火少年{name}被公会正式收为跑差，有了自己的灯笼，工钱也如实记入账册。
data.weather.calendar.and.hirelings.hirelings.epi.name.the.pack.goat.is.given	{name} the pack goat is given to the Guild kitchen-yard, where it keeps the scraps down and the cook in swearing, and carries nothing heavier than its own opinion.	驮山羊{name}被交给公会厨房后院，清理厨余，常惹厨子骂上几句，此后再不必驮货。	驮山羊{name}被交给公会厨房后院，替厨子清理残羹，也惹得厨子骂不绝口；此后它身上最重的，只剩自己的主见。
data.weather.calendar.and.hirelings.hirelings.epi.name.the.under.guide.draws.a.fair	{name} the under-guide draws a fair copy of your road for the Guild survey, signs it in the corner, and hires on to the next party the season after.	地下向导{name}为公会勘测处誊清你走过的路线，签在角落，下一季再受雇随别队下行。	地下向导{name}为公会勘测所誊清你走过的路线，签在角落，下一季再受雇随别队下行。
data.weather.calendar.and.hirelings.hirelings.intro.a.broad.backed.porter.hired.off.the	a broad-backed porter hired off the rim, who has carried for three parties and buried none of them. They strap the overflow to a pack-frame and keep close behind you.	这位宽背搬运工在井口受雇，曾替三支队伍背货，三队都活着回来。背包放不下的东西被绑上背架，由这位帮手紧随你搬运。	这位宽背搬运工在井口受雇，曾替三支队伍背货，没埋过其中一人。背包放不下的东西，都由其绑上背架，紧随你身后。
data.weather.calendar.and.hirelings.hirelings.intro.a.close.mouthed.under.guide.who.has.walked	a close-mouthed under-guide who has walked these floors for other masters and lived to be hired again. They carry the torch and read the stairs the way a clerk reads a page.	这位寡言的地下向导曾替别的雇主走过这些楼层，活到再次受雇。向导提着火把，辨读阶梯如书记员读纸页。	这位寡言的地下向导曾替别的雇主走过这几层，活着等到再次受雇。向导提着火把，读阶梯如书记员读纸页。
data.weather.calendar.and.hirelings.hirelings.intro.a.draught.ox.off.the.guild.s	a draught ox off the Guild's cartage team, slow and enormously strong, yoked now to a low sledge for the deep floors. It will bear more than any two men and complain of none of it.	这是公会运输队的一头役牛，缓慢而强壮，如今套上低雪橇，供深层使用。它能承两个人也难搬的重量。	这是公会运货队的一头役牛，走得慢，力气却极大，如今套上矮橇，专走深层。它驮得比任何两个人都多，且一声不怨。
data.weather.calendar.and.hirelings.hirelings.intro.a.failed.examinee.of.the.guild	a failed examinee of the Guild school, sat the test three times and hired down to earn the pass in the field instead. They are grimly good with a well of magic, and mean to prove it.	这位公会学堂考生已经落榜三次，改为受雇下行，打算在实地挣得合格。对法力泉的手艺扎实，也决心证明给人看。	这位公会学堂考生已考了三次，改为受雇下行，打算在实地挣得合格。此人摆弄法力泉的本事好得近乎较劲，一心要证明给人看。
data.weather.calendar.and.hirelings.hirelings.intro.a.lapsed.acolyte.of.a.temple	a lapsed acolyte of a temple that keeps them no longer, hired for a steady hand at the old rites and a good memory for the words. They keep your well full and ask nothing of the dark.	这位辅祭已不再受原神殿收留，仍熟悉古老仪式，咒词也记得牢靠。若受雇，便能替你维持充盈的法力泉。	这位辅祭所属的神殿已不再收留此人，受雇是因为古礼做得稳，祷词记得牢。辅祭让你的法力泉常满，对黑暗则一无所求。
data.weather.calendar.and.hirelings.hirelings.intro.a.light.footed.scout.who.ranges.a	a light-footed scout who ranges a corridor ahead with a shuttered lantern, finding the short way and the safe one before you set a boot on it. They whistle the road clear.	这位轻步斥候提着闭罩灯笼，先探一条走廊，在你落脚前找出又短又安全的路，再以哨声报平安。	这位斥候脚步轻快，提着遮光灯笼，总先你一条走廊探路，在你落脚之前就找出又近又安全的路，再吹哨示意路已无阻。
data.weather.calendar.and.hirelings.hirelings.intro.an.apprentice.out.of.the.guild.s	an apprentice out of the Guild's own scriptorium, hired to keep a true record of the descent and, as it happens, a true edge on your workings. They read your spellbook back to you until it holds.	这位学徒来自公会缮写室，受雇如实记下行程，也正好能使你的术法更加稳妥。学徒反复将法术书读给你听，直到记牢。	这位学徒来自公会自家的缮写室，受雇如实记下这趟下行，也正好替你把术法磨得锋利。学徒反复将法术书读给你听，直到记牢。
data.weather.calendar.and.hirelings.hirelings.intro.the.guild.s.own.kennel.master.sent.down	the Guild's own kennel-master, sent down at the Warden's word to see what the deep does to an animal. They feed whatever walks at your heel out of a satchel of things best left unnamed, and it thrives on them.	这是公会自家的养犬主管，奉守卫之命观察地底对动物的影响。随身袋里装着难以辨名的食物，喂给跟在你脚边的伙伴，它便养得壮实。	这是公会自家的养犬主管，奉守卫之命下来，看地底对动物有何影响。随身袋里装的东西最好别问名目，拿来喂你脚边跟着的那只，它倒吃得壮实。
data.weather.calendar.and.hirelings.hirelings.intro.the.navigator.you.rescued.from.the	the navigator you rescued from the lost cutter. She follows the stars at sea and finds safe paths on land.	这是你从失踪快艇上救出的领航员。她在海上循星辨路，在陆地也能找到安全路径。	这是你从失踪快帆船上救出的领航员。她在海上循星辨路，在陆地也能找到安全路径。
data.weather.calendar.and.hirelings.hirelings.intro.the.servant.of.a.hedge.witch.of	the servant of a hedge-witch of the fens, sent down in part-payment of a Guild debt, and quicker with a charm than any schooling explains. They keep your well brimming by tricks the school would frown at.	这位沼泽女巫的仆人被派来抵偿一部分欠公会的债，施咒快得不像学堂教得出。靠着学堂不会赞许的手法，仆人让你的法力泉保持充盈。	这是沼泽一位乡野女巫的仆人，被派来抵偿欠公会的一部分债，施咒之快，非任何学堂教养所能解释。仆人靠学堂见了要皱眉的法子，让你的法力泉常盈不竭。
data.weather.calendar.and.hirelings.hirelings.lines.name.the.cart.dog.leans.into.the	{name} the cart-dog leans into the harness, and the travois comes on over the flat stone without a check.	拉车犬{name}压住挽具，拖架平稳驶过石面。	拉车犬{name}俯身抵紧挽具，拖架在平整石面上一路不停。
data.weather.calendar.and.hirelings.hirelings.lines.name.the.goat.takes.the.loose	{name} the goat takes the loose slope at a trot and looks back at you, plainly unimpressed.	山羊{name}小跑上松坡，回头看你，神色平淡。	山羊{name}小跑上松坡，回头看你，一脸不以为然。
data.weather.calendar.and.hirelings.hirelings.lines.name.the.lamplighter.sets.the.way	{name} the lamplighter sets the way alight a stone's throw ahead, and the miles go quickly by.	点灯人{name}照亮前方投石可及的路，路程很快便走过去。	点灯人{name}照亮前方投石可及的路，一程程路走得飞快。
data.weather.calendar.and.hirelings.hirelings.who.navigator.of.the.lost.cutter	navigator of the lost cutter	失踪快艇的领航员	失踪快帆船的领航员
data.weather.calendar.and.hirelings.pell.remarks.master.pell.weighs.the.lot.twice	Master Pell weighs the lot twice, as the charter requires, and the second weighing agrees with the first.	依宪章规定，佩尔先生将整批货称了两次，结果相同。	依章程规定，佩尔先生将整批货称了两次，结果相同。
data.weather.calendar.and.hirelings.pell.remarks.one.part.in.ten.to.the	"One part in ten to the recovery fund," says Master Pell, "per the terms of the charter."	「十分之一归收殓基金，」佩尔先生说，「照宪章办。」	「十分之一归搜救基金，」佩尔先生说，「照章程办。」
data.weather.calendar.and.hirelings.surnames.ashdown	Ashdown	Ashdown	阿什当
data.weather.calendar.and.hirelings.surnames.barrowman	Barrowman	Barrowman	巴罗曼
data.weather.calendar.and.hirelings.surnames.blackfen	Blackfen	Blackfen	布莱克芬
data.weather.calendar.and.hirelings.surnames.blackmoor	Blackmoor	Blackmoor	布莱克摩尔
data.weather.calendar.and.hirelings.surnames.bowyer	Bowyer	Bowyer	鲍耶
data.weather.calendar.and.hirelings.surnames.cartwright	Cartwright	Cartwright	卡特赖特
data.weather.calendar.and.hirelings.surnames.chapman	Chapman	Chapman	查普曼
data.weather.calendar.and.hirelings.surnames.coldharrow	Coldharrow	Coldharrow	科尔德哈罗
data.weather.calendar.and.hirelings.surnames.collier	Collier	Collier	科利尔
data.weather.calendar.and.hirelings.surnames.cooper	Cooper	Cooper	库珀
data.weather.calendar.and.hirelings.surnames.deeping	Deeping	Deeping	迪平
data.weather.calendar.and.hirelings.surnames.delver	Delver	Delver	德尔弗
data.weather.calendar.and.hirelings.surnames.dourhand	Dourhand	Dourhand	道尔汉德
data.weather.calendar.and.hirelings.surnames.dunmore	Dunmore	Dunmore	邓莫尔
data.weather.calendar.and.hirelings.surnames.emberly	Emberly	Emberly	恩伯利
data.weather.calendar.and.hirelings.surnames.fenwick	Fenwick	Fenwick	芬威克
data.weather.calendar.and.hirelings.surnames.fletcher	Fletcher	Fletcher	弗莱彻
data.weather.calendar.and.hirelings.surnames.greaves	Greaves	Greaves	格里夫斯
data.weather.calendar.and.hirelings.surnames.greymoor	Greymoor	Greymoor	格雷摩尔
data.weather.calendar.and.hirelings.surnames.grimward	Grimward	Grimward	格林沃德
data.weather.calendar.and.hirelings.surnames.holloway	Holloway	Holloway	霍洛威
data.weather.calendar.and.hirelings.surnames.hollowell	Hollowell	Hollowell	霍洛韦尔
data.weather.calendar.and.hirelings.surnames.ironwood	Ironwood	Ironwood	艾恩伍德
data.weather.calendar.and.hirelings.surnames.lockwood	Lockwood	Lockwood	洛克伍德
data.weather.calendar.and.hirelings.surnames.marrowdale	Marrowdale	Marrowdale	马罗代尔
data.weather.calendar.and.hirelings.surnames.mercer	Mercer	Mercer	默瑟
data.weather.calendar.and.hirelings.surnames.mirebeck	Mirebeck	Mirebeck	迈尔贝克
data.weather.calendar.and.hirelings.surnames.netherby	Netherby	Netherby	内瑟比
data.weather.calendar.and.hirelings.surnames.oakhurst	Oakhurst	Oakhurst	奥克赫斯特
data.weather.calendar.and.hirelings.surnames.pitman	Pitman	Pitman	皮特曼
data.weather.calendar.and.hirelings.surnames.quill	Quill	Quill	奎尔
data.weather.calendar.and.hirelings.surnames.ravenscar	Ravenscar	Ravenscar	雷文斯卡
data.weather.calendar.and.hirelings.surnames.reeve	Reeve	Reeve	里夫
data.weather.calendar.and.hirelings.surnames.salter	Salter	Salter	索尔特
data.weather.calendar.and.hirelings.surnames.sedgemoor	Sedgemoor	Sedgemoor	塞奇摩尔
data.weather.calendar.and.hirelings.surnames.sexton	Sexton	Sexton	塞克斯顿
data.weather.calendar.and.hirelings.surnames.stonehand	Stonehand	Stonehand	斯通汉德
data.weather.calendar.and.hirelings.surnames.stoneward	Stoneward	Stoneward	斯通沃德
data.weather.calendar.and.hirelings.surnames.tanner	Tanner	Tanner	坦纳
data.weather.calendar.and.hirelings.surnames.thatcher	Thatcher	Thatcher	撒切尔
data.weather.calendar.and.hirelings.surnames.thornby	Thornby	Thornby	索恩比
data.weather.calendar.and.hirelings.surnames.underhill	Underhill	Underhill	昂德希尔
data.weather.calendar.and.hirelings.surnames.warden	Warden	Warden	沃登
data.weather.calendar.and.hirelings.surnames.wychwood	Wychwood	Wychwood	威奇伍德
data.weather.calendar.and.hirelings.weather.lines.a.slow.cold.current.moves.through	A slow cold current moves through the flooded temple, tugging at your legs and carrying strange flotsam past in the dark.	缓慢的冷流穿过淹没的神殿，牵扯你的双腿，在黑暗中带来古怪漂浮物。	缓慢的冷流穿过淹没的神殿，扯着你的双腿，卷着古怪的漂浮物在黑暗中流过。
data.weather.calendar.and.hirelings.weather.lines.something.upstream.has.given.way.and	Something upstream has given way, and the current runs steady and cold along the sunken aisle.	上游某处已经垮塌，寒冷的水流不断沿沉没过道涌来。	上游有什么东西垮了，冷流沿着沉没的过道平稳不息地淌过。
data.weather.calendar.and.hirelings.weather.lines.the.calm.of.the.deep.is	The calm of the deep is a pressure of its own, and the flame of your lantern never so much as leans.	地底的平静自有一种压力，灯笼火焰连偏斜都不曾。	地底的平静自成一种压迫，灯笼的火苗连歪都不曾歪一下。
data.weather.calendar.and.hirelings.weather.lines.the.crag.road.runs.with.water	The crag road runs with water, and the peat drinks it, and every hollow in the valley floor stands full and black.	峭壁路面流着水，泥炭吸着水，谷底每个洼处都蓄满黑水。	峭崖路上流着水，泥炭把水吸进去，谷底每处洼地都积满黑水。
data.weather.calendar.and.hirelings.weather.lines.the.flood.climbs.the.pillars.of	The flood climbs the pillars of the undertemple, and the drowned saints upon them go under one by one.	洪水爬上地下神殿的立柱，柱上的圣者像逐个没入水下。	洪水爬上地下神殿的立柱，柱上那些沉水的圣者像逐一没入水中。
data.weather.calendar.and.hirelings.weather.lines.the.mist.stands.over.the.whole	The mist stands over the whole valley without moving, and it takes the far end of the road at fifty paces and gives nothing back.	浓雾笼住整座山谷，纹丝不动，道路在五十步外便被遮尽。	浓雾笼住整座山谷，纹丝不动；路的远端在五十步外便被它吞去，再无踪影。
data.weather.calendar.and.hirelings.weather.lines.the.moon.comes.up.red.through	The moon comes up red through the shaft, and every dead thing this floor ever swallowed sits up to look at it.	月亮透过竖井升起，血色照来，本层曾吞没的每具死尸都坐起来看它。	红月从竖井中升起，本层吞下过的每一具死物都坐起身来看它。
data.weather.calendar.and.hirelings.weather.lines.the.rain.goes.through.wool.in	The rain goes through wool in an hour and through leather in three, and the whole valley smells of wet thorn.	雨用一小时浸透羊毛，三小时浸透皮革，整座山谷都是湿荆棘的气味。	雨水一小时湿透羊毛，三小时湿透皮革，满谷都是湿荆棘的气味。
data.weather.calendar.and.hirelings.weather.name.a.standing.mist	a standing mist	常驻浓雾	不散之雾
data.weather.calendar.and.hirelings.weather.name.still.air	still air	静止空气	无风
declension.item.417fe2e3b2188851.weakDative	vicious felling axe	凶厉伐木斧	凶厉伐木巨斧
declension.item.417fe2e3b2188851.weakGenitive	vicious felling axe	凶厉伐木斧	凶厉伐木巨斧
declension.item.4bef4b73602a1b9b.weakDative	silvered walking stave	镀银步行杖	镀银手杖
declension.item.4bef4b73602a1b9b.weakNominative	silvered walking stave	镀银步行杖	镀银手杖
declension.item.77ee15a069505e62.weakDative	animated shield	舞动盾	活化盾
declension.item.77ee15a069505e62.weakNominative	animated shield	舞动盾	活化盾
declension.item.bbdbef76624492ba.weakDative	a tarn-soaked mantle	湖水浸透的披风	潭水浸透的披风
declension.item.bbdbef76624492ba.weakNominative	a tarn-soaked mantle	湖水浸透的披风	潭水浸透的披风
declension.monster.df6fa008c3083e32.pluralDative	unbound workings	失控法术	失控术法
declension.monster.df6fa008c3083e32.weakDative	unbound working	失控法术	失控术法
declension.monster.df6fa008c3083e32.weakNominative	unbound working	失控法术	失控术法
declension.monsterNarrative.414eff4ca4101bc2.accusative	spirit naga	幽魂娜迦	幽魂纳迦
declension.monsterNarrative.414eff4ca4101bc2.dative	spirit naga	幽魂娜迦	幽魂纳迦
declension.monsterNarrative.414eff4ca4101bc2.genitive	spirit naga	幽魂娜迦	幽魂纳迦
declension.monsterNarrative.414eff4ca4101bc2.instrumental	spirit naga	幽魂娜迦	幽魂纳迦
declension.monsterNarrative.414eff4ca4101bc2.locative	spirit naga	幽魂娜迦	幽魂纳迦
declension.monsterNarrative.414eff4ca4101bc2.nominative	spirit naga	幽魂娜迦	幽魂纳迦
declension.monsterNarrative.414eff4ca4101bc2.sentence	Spirit naga	幽魂娜迦	幽魂纳迦
declension.monsterNarrative.414eff4ca4101bc2.sentenceAccusative	Spirit naga	幽魂娜迦	幽魂纳迦
declension.monsterNarrative.414eff4ca4101bc2.sentenceDative	Spirit naga	幽魂娜迦	幽魂纳迦
declension.monsterNarrative.414eff4ca4101bc2.sentenceGenitive	Spirit naga	幽魂娜迦	幽魂纳迦
declension.monsterNarrative.414eff4ca4101bc2.sentenceInstrumental	Spirit naga	幽魂娜迦	幽魂纳迦
declension.monsterNarrative.414eff4ca4101bc2.sentenceLocative	Spirit naga	幽魂娜迦	幽魂纳迦
declension.monsterNarrative.414eff4ca4101bc2.sentenceVocative	Spirit naga	幽魂娜迦	幽魂纳迦
declension.monsterNarrative.414eff4ca4101bc2.vocative	spirit naga	幽魂娜迦	幽魂纳迦
declension.monsterNarrative.4a004a4b462f805c.accusative	wererat	鼠人	鼠化人
declension.monsterNarrative.4a004a4b462f805c.dative	wererat	鼠人	鼠化人
declension.monsterNarrative.4a004a4b462f805c.genitive	wererat	鼠人	鼠化人
declension.monsterNarrative.4a004a4b462f805c.instrumental	wererat	鼠人	鼠化人
declension.monsterNarrative.4a004a4b462f805c.locative	wererat	鼠人	鼠化人
declension.monsterNarrative.4a004a4b462f805c.nominative	wererat	鼠人	鼠化人
declension.monsterNarrative.4a004a4b462f805c.sentence	Wererat	鼠人	鼠化人
declension.monsterNarrative.4a004a4b462f805c.sentenceAccusative	Wererat	鼠人	鼠化人
declension.monsterNarrative.4a004a4b462f805c.sentenceDative	Wererat	鼠人	鼠化人
declension.monsterNarrative.4a004a4b462f805c.sentenceGenitive	Wererat	鼠人	鼠化人
declension.monsterNarrative.4a004a4b462f805c.sentenceInstrumental	Wererat	鼠人	鼠化人
declension.monsterNarrative.4a004a4b462f805c.sentenceLocative	Wererat	鼠人	鼠化人
declension.monsterNarrative.4a004a4b462f805c.sentenceVocative	Wererat	鼠人	鼠化人
declension.monsterNarrative.4a004a4b462f805c.vocative	wererat	鼠人	鼠化人
declension.monsterNarrative.88689b695b49093e.accusative	werebear	熊人	熊化人
declension.monsterNarrative.88689b695b49093e.dative	werebear	熊人	熊化人
declension.monsterNarrative.88689b695b49093e.genitive	werebear	熊人	熊化人
declension.monsterNarrative.88689b695b49093e.instrumental	werebear	熊人	熊化人
declension.monsterNarrative.88689b695b49093e.locative	werebear	熊人	熊化人
declension.monsterNarrative.88689b695b49093e.nominative	werebear	熊人	熊化人
declension.monsterNarrative.88689b695b49093e.sentence	Werebear	熊人	熊化人
declension.monsterNarrative.88689b695b49093e.sentenceAccusative	Werebear	熊人	熊化人
declension.monsterNarrative.88689b695b49093e.sentenceDative	Werebear	熊人	熊化人
declension.monsterNarrative.88689b695b49093e.sentenceGenitive	Werebear	熊人	熊化人
declension.monsterNarrative.88689b695b49093e.sentenceInstrumental	Werebear	熊人	熊化人
declension.monsterNarrative.88689b695b49093e.sentenceLocative	Werebear	熊人	熊化人
declension.monsterNarrative.88689b695b49093e.sentenceVocative	Werebear	熊人	熊化人
declension.monsterNarrative.88689b695b49093e.vocative	werebear	熊人	熊化人
declension.monsterNarrative.9044fc375ed1f0cb.accusative	reef merrow	礁海巨人	礁石海渊鱼人
declension.monsterNarrative.9044fc375ed1f0cb.dative	reef merrow	礁海巨人	礁石海渊鱼人
declension.monsterNarrative.9044fc375ed1f0cb.genitive	reef merrow	礁海巨人	礁石海渊鱼人
declension.monsterNarrative.9044fc375ed1f0cb.instrumental	reef merrow	礁海巨人	礁石海渊鱼人
declension.monsterNarrative.9044fc375ed1f0cb.locative	reef merrow	礁海巨人	礁石海渊鱼人
declension.monsterNarrative.9044fc375ed1f0cb.nominative	reef merrow	礁海巨人	礁石海渊鱼人
declension.monsterNarrative.9044fc375ed1f0cb.sentence	Reef merrow	礁海巨人	礁石海渊鱼人
declension.monsterNarrative.9044fc375ed1f0cb.sentenceAccusative	Reef merrow	礁海巨人	礁石海渊鱼人
declension.monsterNarrative.9044fc375ed1f0cb.sentenceDative	Reef merrow	礁海巨人	礁石海渊鱼人
declension.monsterNarrative.9044fc375ed1f0cb.sentenceGenitive	Reef merrow	礁海巨人	礁石海渊鱼人
declension.monsterNarrative.9044fc375ed1f0cb.sentenceInstrumental	Reef merrow	礁海巨人	礁石海渊鱼人
declension.monsterNarrative.9044fc375ed1f0cb.sentenceLocative	Reef merrow	礁海巨人	礁石海渊鱼人
declension.monsterNarrative.9044fc375ed1f0cb.sentenceVocative	Reef merrow	礁海巨人	礁石海渊鱼人
declension.monsterNarrative.9044fc375ed1f0cb.vocative	reef merrow	礁海巨人	礁石海渊鱼人
declension.monsterNarrative.96dcceb58912b99c.accusative	anchorite	锚系苦修者	隐修者
declension.monsterNarrative.96dcceb58912b99c.dative	anchorite	锚系苦修者	隐修者
declension.monsterNarrative.96dcceb58912b99c.genitive	anchorite	锚系苦修者	隐修者
declension.monsterNarrative.96dcceb58912b99c.instrumental	anchorite	锚系苦修者	隐修者
declension.monsterNarrative.96dcceb58912b99c.locative	anchorite	锚系苦修者	隐修者
declension.monsterNarrative.96dcceb58912b99c.nominative	anchorite	锚系苦修者	隐修者
declension.monsterNarrative.96dcceb58912b99c.sentence	Anchorite	锚系苦修者	隐修者
declension.monsterNarrative.96dcceb58912b99c.sentenceAccusative	Anchorite	锚系苦修者	隐修者
declension.monsterNarrative.96dcceb58912b99c.sentenceDative	Anchorite	锚系苦修者	隐修者
declension.monsterNarrative.96dcceb58912b99c.sentenceGenitive	Anchorite	锚系苦修者	隐修者
declension.monsterNarrative.96dcceb58912b99c.sentenceInstrumental	Anchorite	锚系苦修者	隐修者
declension.monsterNarrative.96dcceb58912b99c.sentenceLocative	Anchorite	锚系苦修者	隐修者
declension.monsterNarrative.96dcceb58912b99c.sentenceVocative	Anchorite	锚系苦修者	隐修者
declension.monsterNarrative.96dcceb58912b99c.vocative	anchorite	锚系苦修者	隐修者
declension.monsterNarrative.df6fa008c3083e32.accusative	unbound working	失控法术	失控术法
declension.monsterNarrative.df6fa008c3083e32.dative	unbound working	失控法术	失控术法
declension.monsterNarrative.df6fa008c3083e32.genitive	unbound working	失控法术	失控术法
declension.monsterNarrative.df6fa008c3083e32.instrumental	unbound working	失控法术	失控术法
declension.monsterNarrative.df6fa008c3083e32.locative	unbound working	失控法术	失控术法
declension.monsterNarrative.df6fa008c3083e32.nominative	unbound working	失控法术	失控术法
declension.monsterNarrative.df6fa008c3083e32.sentence	Unbound working	失控法术	失控术法
declension.monsterNarrative.df6fa008c3083e32.sentenceAccusative	Unbound working	失控法术	失控术法
declension.monsterNarrative.df6fa008c3083e32.sentenceDative	Unbound working	失控法术	失控术法
declension.monsterNarrative.df6fa008c3083e32.sentenceGenitive	Unbound working	失控法术	失控术法
declension.monsterNarrative.df6fa008c3083e32.sentenceInstrumental	Unbound working	失控法术	失控术法
declension.monsterNarrative.df6fa008c3083e32.sentenceLocative	Unbound working	失控法术	失控术法
declension.monsterNarrative.df6fa008c3083e32.sentenceVocative	Unbound working	失控法术	失控术法
declension.monsterNarrative.df6fa008c3083e32.vocative	unbound working	失控法术	失控术法
declension.race.b48c37e91f82b207.dative	Dragonborn (Lapsed)	龙裔（订阅失效）	龙裔（资格失效）
declension.race.b48c37e91f82b207.instrumental	Dragonborn (Lapsed)	龙裔（订阅失效）	龙裔（资格失效）
declension.race.b48c37e91f82b207.locative	Dragonborn (Lapsed)	龙裔（订阅失效）	龙裔（资格失效）
declension.race.b48c37e91f82b207.weakDative	Dragonborn (Lapsed)	龙裔（订阅失效）	龙裔（资格失效）
declension.race.b48c37e91f82b207.weakNominative	Dragonborn (Lapsed)	龙裔（订阅失效）	龙裔（资格失效）
declension.special.12a522a8717007c6.dative	a struck-through page of the Roll	荣誉名册上被划去的一页	名册中被划销的一页
declension.special.12a522a8717007c6.instrumental	a struck-through page of the Roll	荣誉名册上被划去的一页	名册中被划销的一页
declension.special.12a522a8717007c6.locative	a struck-through page of the Roll	荣誉名册上被划去的一页	名册中被划销的一页
declension.special.12a522a8717007c6.weakDative	a struck-through page of the Roll	荣誉名册上被划去的一页	名册中被划销的一页
declension.special.12a522a8717007c6.weakGenitive	a struck-through page of the Roll	荣誉名册上被划去的一页	名册中被划销的一页
declension.special.b4d04a739614455b.dative	a creditor's tally-stick, notched past reading	一根刻痕密得无法辨读的债权筹	一根刻痕密到无从辨读的债主记账筹
declension.special.b4d04a739614455b.instrumental	a creditor's tally-stick, notched past reading	一根刻痕密得无法辨读的债权筹	一根刻痕密到无从辨读的债主记账筹
declension.special.b4d04a739614455b.locative	a creditor's tally-stick, notched past reading	一根刻痕密得无法辨读的债权筹	一根刻痕密到无从辨读的债主记账筹
declension.special.b4d04a739614455b.weakDative	a creditor's tally-stick, notched past reading	一根刻痕密得无法辨读的债权筹	一根刻痕密到无从辨读的债主记账筹
declension.special.b4d04a739614455b.weakNominative	a creditor's tally-stick, notched past reading	一根刻痕密得无法辨读的债权筹	一根刻痕密到无从辨读的债主记账筹
declension.special.df1e26b1529abf2e.dative	a warden's seal struck through in lead	一枚以铅划销的守卫印章	一枚以铅划销的守封者印章
declension.special.df1e26b1529abf2e.instrumental	a warden's seal struck through in lead	一枚以铅划销的守卫印章	一枚以铅划销的守封者印章
declension.special.df1e26b1529abf2e.locative	a warden's seal struck through in lead	一枚以铅划销的守卫印章	一枚以铅划销的守封者印章
declension.special.df1e26b1529abf2e.weakAccusative	a warden's seal struck through in lead	一枚以铅划销的守卫印章	一枚以铅划销的守封者印章
declension.special.df1e26b1529abf2e.weakDative	a warden's seal struck through in lead	一枚以铅划销的守卫印章	一枚以铅划销的守封者印章
declension.special.df1e26b1529abf2e.weakNominative	a warden's seal struck through in lead	一枚以铅划销的守卫印章	一枚以铅划销的守封者印章
declension.trophy.02806d65598c3c43.dative	a pen worn to the nib	磨至笔尖的笔	磨得只剩笔尖的笔
declension.trophy.02806d65598c3c43.instrumental	a pen worn to the nib	磨至笔尖的笔	磨得只剩笔尖的笔
declension.trophy.02806d65598c3c43.locative	a pen worn to the nib	磨至笔尖的笔	磨得只剩笔尖的笔
declension.trophy.02806d65598c3c43.weakDative	a pen worn to the nib	磨至笔尖的笔	磨得只剩笔尖的笔
declension.trophy.02806d65598c3c43.weakGenitive	a pen worn to the nib	磨至笔尖的笔	磨得只剩笔尖的笔
declension.trophy.21982524a2ababac.dative	a wererat's ringed tail	鼠人的环纹尾巴	鼠化人的环纹尾巴
declension.trophy.21982524a2ababac.instrumental	a wererat's ringed tail	鼠人的环纹尾巴	鼠化人的环纹尾巴
declension.trophy.21982524a2ababac.locative	a wererat's ringed tail	鼠人的环纹尾巴	鼠化人的环纹尾巴
declension.trophy.21982524a2ababac.weakDative	a wererat's ringed tail	鼠人的环纹尾巴	鼠化人的环纹尾巴
declension.trophy.21982524a2ababac.weakNominative	a wererat's ringed tail	鼠人的环纹尾巴	鼠化人的环纹尾巴
declension.trophy.4a6c3530984d14ad.dative	shed naga fang	脱落的娜迦尖牙	脱落的纳迦尖牙
declension.trophy.4a6c3530984d14ad.instrumental	shed naga fang	脱落的娜迦尖牙	脱落的纳迦尖牙
declension.trophy.4a6c3530984d14ad.locative	shed naga fang	脱落的娜迦尖牙	脱落的纳迦尖牙
declension.trophy.4a6c3530984d14ad.weakDative	shed naga fang	脱落的娜迦尖牙	脱落的纳迦尖牙
declension.trophy.4a6c3530984d14ad.weakNominative	shed naga fang	脱落的娜迦尖牙	脱落的纳迦尖牙
declension.trophy.86ca277e7bc9d14f.dative	mismatched jawbone	不相称的颌骨	不成对的颌骨
declension.trophy.86ca277e7bc9d14f.instrumental	mismatched jawbone	不相称的颌骨	不成对的颌骨
declension.trophy.86ca277e7bc9d14f.locative	mismatched jawbone	不相称的颌骨	不成对的颌骨
declension.trophy.86ca277e7bc9d14f.weakDative	mismatched jawbone	不相称的颌骨	不成对的颌骨
declension.trophy.86ca277e7bc9d14f.weakNominative	mismatched jawbone	不相称的颌骨	不成对的颌骨
desktop.playerReadme	LOWMOOR: AN ADVENTURER'S CHRONICLE\nVersion {version}\nhttps://lawmoore.vercel.app\n\nThank you for taking a copy of the game. The whole of it ships in this\none program: no account, no telemetry, and the chronicle keeps itself\non this machine. The adventure conducts itself; yours is the chronicle.\n\nWindows may hold the door on the first run and say it protected your\nPC. That is SmartScreen remarking that the program carries no paid\nsignature, and it is a remark about the paperwork rather than about the\nprogram: choose More info, then Run anyway. The game asks for no\nadministrator rights and does not require a network connection.\n\nThe window scales, which a wide screen will want. Hold Ctrl and press\n+ or - to make the whole of it larger or smaller, Ctrl and 0 to set it\nback to its plain size, or hold Ctrl and turn the mouse wheel. What you\nchoose is kept for the next time you play, and a large screen opens a\nlittle larger of its own accord.\n\nThe window also keeps its place. Give it the size and the corner of the\ndesk you want it in, and that is where the next descent opens, whether\nyou left it small in a corner or spread across the screen. F11 fills\nthe screen with the game, and F11 gives the frame back.\n\nThe same game runs in the browser upon the itch page, and a save code\n(Export Save, in the menu) carries an adventurer between browser and\ndesktop, written plainly enough for paper.\n\nIf the descent pleases you, two small things carry the game further\nthan any coin:\n\n  1. A rating upon the itch page:\n     https://bogurodzica.itch.io/lowmoor\n  2. A chair at the Guild's hall on Discord, where the next floors are\n     planned in the open and every petition is read:\n     https://discord.com/invite/9wbuVjFukE\n\nIf the game displeases you, or a fault trips you on the stair, I am\nsorry for it, and I would hear of it: file it at #the-assay-counter in\nthe hall, or leave a comment upon the itch page. Say what happened,\nwhat you looked for instead, and where you were standing when it went\nwrong, and I will work the game toward the state you wanted of it.\n\nMay fortune attend the descent.\n	LOWMOOR：冒险者纪事\n版本 {version}\nhttps://lawmoore.vercel.app\n\n感谢你下载游戏。完整游戏包含在这一个程序中，无需账户，\n不收集遥测数据，纪事自动保存在本机。冒险自动进行，\n你可以观看并保存这段旅程。\n\nWindows首次运行时可能提示已保护你的电脑。这是SmartScreen\n对程序没有付费数字签名的提示，针对签名信息，而非程序本身。\n选择「更多信息」，再选择「仍要运行」。游戏无需管理员权限，\n也无需联网即可游玩。\n\n窗口支持缩放，适合大屏幕。按住Ctrl再按+或-可放大或缩小\n整个界面，Ctrl与0恢复原始大小，也可按住Ctrl滚动鼠标滚轮。\n选择会保留到下次游玩，大屏幕上首次打开时也会自动略微放大。\n\n窗口也会记住位置。将它调整到你想要的大小和桌面位置，\n下次启动时就会恢复，无论你把它缩在角落，还是铺满屏幕。\n按F11可全屏，再按F11恢复窗口边框。\n\nitch页面的浏览器版运行同一款游戏。菜单中的「导出存档」\n生成存档码，可在浏览器与桌面版之间转移冒险者，也可抄到纸上。\n\n如果你喜欢这次冒险，以下两件小事能帮助游戏找到更多玩家：\n\n  1. 在itch页面评分：\n     https://bogurodzica.itch.io/lowmoor\n  2. 加入Discord公会大厅。后续楼层会在那里公开讨论，\n     每条反馈都会阅读：\n     https://discord.com/invite/9wbuVjFukE\n\n如果游戏不合你的期待，或途中遇到故障，我很抱歉，也想了解\n具体情况。请在Discord的#the-assay-counter频道报告，\n或在itch页面留言。说明发生了什么、你期望怎样，以及出错时\n进行到哪里，我会根据这些信息改进游戏。\n\n愿你的下探一路好运。\n	LOWMOOR：冒险者纪事\n版本 {version}\nhttps://lawmoore.vercel.app\n\n感谢你下载游戏。完整游戏包含在这一个程序中，无需账户，\n不收集遥测数据，纪事自动保存在本机。冒险自行推进，\n纪事则归你所有。\n\nWindows首次运行时可能提示已保护你的电脑。这是SmartScreen\n在提醒程序没有付费签名，说的是手续，而非程序本身。\n选择「更多信息」，再选择「仍要运行」。游戏无需管理员权限，\n也无需联网即可游玩。\n\n窗口支持缩放，适合大屏幕。按住Ctrl再按+或-可放大或缩小\n整个界面，Ctrl与0恢复原始大小，也可按住Ctrl滚动鼠标滚轮。\n选择会保留到下次游玩，大屏幕上首次打开时也会自动略微放大。\n\n窗口也会记住位置。将它调整到你想要的大小和桌面位置，\n下次启动时就会恢复，无论你把它缩在角落，还是铺满屏幕。\n按F11可全屏，再按F11恢复窗口边框。\n\nitch页面的浏览器版运行同一款游戏。菜单中的「导出存档」\n生成存档码，可在浏览器与桌面版之间转移冒险者，也可抄到纸上。\n\n如果你喜欢这次冒险，以下两件小事能帮助游戏找到更多玩家：\n\n  1. 在itch页面评分：\n     https://bogurodzica.itch.io/lowmoor\n  2. 在Discord的公会大厅占一席之位。后续各层在那里公开筹划，\n     每份请愿都会有人阅读：\n     https://discord.com/invite/9wbuVjFukE\n\n如果游戏不合你的期待，或途中遇到故障，我很抱歉，也想了解\n具体情况。请在Discord的#the-assay-counter频道报告，\n或在itch页面留言。说明发生了什么、你期望怎样，以及出错时\n进行到哪里，我会根据这些信息改进游戏。\n\n愿好运伴你下行。\n
display.26-audio-music-and-game-state.labels.0007	The Undergate	深层之门	深门
display.26-audio-music-and-game-state.labels.0008	Grey Warrens	灰色巢穴	灰巢
display.26-audio-music-and-game-state.labels.0040	The Kennels	猎犬舍	犬舍
display.26-audio-music-and-game-state.soundNudge.0064	This machine is fitted with a speaker, should you wish to hear the descent.	这台机器配有扬声器，你可以听见冒险中的声音。	这台机器装有扬声器，如你愿意，可以听一听下行途中的声响。
display.27-dom-log-dice-and-menu-bar.labels.0017	The descent	深入地下	下行
display.27-dom-log-dice-and-menu-bar.labels.0018	Floors, chapters, capstones and the plot.	楼层、章节、关底强敌与进程。	楼层、章节、关底首领与进程。
display.27-dom-log-dice-and-menu-bar.labels.0022	Weather, the town, hirelings and the noticeboard.	天气、城镇、帮手与告示板。	天气、城镇、帮手与布告板。
display.27-dom-log-dice-and-menu-bar.labels.0067	Master Pell keeps the counter against your return. The {tag1}Shop{tag2} (menu) sells timed boons, a turn at the drill yard, and a recovery party endowed for prestige. Work upon the kit itself is the Guild forge's, in the Armoury.	佩尔先生在柜台等你回来。菜单中的{tag1}商店{tag2}出售限时祝福、训练场练习，以及用声望资助的救援队。装备加工则由军械库里的公会锻炉负责。	佩尔先生在柜台等你回来。菜单中的{tag1}商店{tag2}出售限时祝福、训练场练习，以及用声望资助的搜救队。装备加工则由军械库里的公会锻炉负责。
display.27-dom-log-dice-and-menu-bar.labels.0073	The Guild keeps a roll of what walks at a member's heel. {tag1}Pets{tag2} (menu) names every one, what each of them eats, and the door each comes through. One walks with you at a time, and a pet taken once is kept for every chronicle after.	公会为会员身边的宠物另立名册。菜单中的{tag1}宠物{tag2}列出每只宠物、所吃的食物与获取途径。同一时间只能带一只，获得过的宠物会保留到此后的每份纪事。	公会为会员身边的宠物另立名册。菜单中的{tag1}宠物{tag2}列出每只宠物、所吃的食物与获取途径。同一时间只能带一只，获得过的宠物会保留到此后的每部纪事。
display.27-dom-log-dice-and-menu-bar.labels.0075	The treasure is carried up and set behind glass. The {tag1}Trophy Case{tag2} (menu) holds every piece recovered, and the wall of capstones beaten.	宝物被带回地面，放入玻璃柜。菜单中的{tag1}战利品陈列柜{tag2}保存寻回的物件，并展示你击败过的关底强敌。	宝物被带回地面，放入玻璃柜。菜单中的{tag1}战利品陈列柜{tag2}保存寻回的物件，并展示你击败过的关底首领。
display.27-dom-log-dice-and-menu-bar.line.0069	The Guild hangs your name upon its chart of the deep: a skill tree of {value0} skills, in eight quarters, and {value1} of yours to spend. {tag1}Skills{tag2} (menu) opens the wall. The Guild picks for you unless you take the pen there yourself.	公会将你的姓名挂上地下图谱：八个分区，共{value0}项技能，目前有{value1}点供你分配。菜单中的{tag1}技能{tag2}可打开这面墙。默认由公会选择，你也可以在那里收回执笔权。	公会将你的姓名挂上地下图谱：八个分区，共{value0}项技能，目前有{value1}点供你分配。菜单中的{tag1}技能{tag2}可打开这面墙。若你不在那里亲自执笔，便由公会代为挑选。
display.27-dom-log-dice-and-menu-bar.line.0078	{tag1}Feats{tag2} (menu) keeps every feat your deeds have licensed. Prestige unlocks one for good, gold hires it onto the chronicle in hand, and your papers can hold at most {value0} feats.	菜单中的{tag1}专长{tag2}列出你的功绩所解锁的项目。花费声望可永久解锁一项，再花金币将其用于本份纪事；你的档案最多可容纳{value0}项专长。	菜单中的{tag1}专长{tag2}列出你的功绩所解锁的项目。花费声望可永久解锁一项，再花金币将其用于本部纪事；你的档案最多可容纳{value0}项专长。
display.27-dom-log-dice-and-menu-bar.presenceWhere.0055	Arc {value1}	第{value1}篇	第{value1}篇章
display.31-sheet-rendering-and-panels.MP_HELP.0126	The well your workings draw upon. Each firing spends 1 MP. The well refills over about eight minutes. A breath gives back a point for every five of INT.	能力从法力泉取用力量，每次触发消耗1点MP。法力泉约八分钟回满。喘息时，每5点INT恢复1点MP。	法力泉是术法取力之处，每次触发消耗1点MP。法力泉约八分钟回满。喘息时，每5点INT恢复1点MP。
display.31-sheet-rendering-and-panels.WIS.0054	Sets your spot: traps, ambushes, mimics.	决定察觉值，用于发现陷阱、伏击和拟态怪。	决定察觉值，用于发现陷阱、伏击和拟形怪。
display.31-sheet-rendering-and-panels.drawHand.0426	not at study: the Barracks' {value1} stage sets it on	尚未开始研习：营房达到第{value1}阶段后开启	尚未开始研习：兵营达到第{value1}阶段后开启
display.31-sheet-rendering-and-panels.drawHand.0427	no experience: needs Barracks stage {value1}	尚不能获得经验：需要营房第{value1}阶段	尚不能获得经验：需要兵营第{value1}阶段
display.31-sheet-rendering-and-panels.labels.0001	The Guild licenses its singers; this one sings without papers.	公会要求歌者持有执照；这一位还没有执照就开唱了。	公会为歌者发放执照；这一位无照开唱。
display.31-sheet-rendering-and-panels.labels.0002	The pact is struck and the terms of it are still with the patron's clerks, who are in no hurry.	契约已经订立，条款仍在宗主的书记手中。他们迟迟没有办完手续。	契约已经订立，条款仍在宗主的书记手里，而书记们并不着急。
display.31-sheet-rendering-and-panels.labels.0125	Your hit points. A beast's blow takes its toll and nothing knits it upon the march. Only rest answers a wound: a breath against the wall, a camp, a Guildhouse bed or the Infirmary. A new rank mends all. Below seven tenths you take a breath; below half you make camp.	你的生命值。怪物的攻击会使其减少，行进途中不会自行恢复。靠墙喘息、扎营、睡公会馆的床铺或去医务室都能疗伤。升级会完全恢复HP。HP低于七成时会喘息，低于一半时会扎营。	你的生命值。怪物的攻击会使其减少，行进途中不会自行恢复。唯有休息能疗伤：靠墙喘息、扎营、睡公会馆的床铺，或去医务所。升级会完全恢复HP。HP低于七成时会喘息，低于一半时会扎营。
display.31-sheet-rendering-and-panels.line.0466	The first posting is done and paid, and the {tag1}Guild Noticeboard{tag2} unfolds to keep the record.	第一份委托已完成，报酬已经结清。{tag1}公会告示板{tag2}展开，记下这桩事。	第一份委托已办妥结款，{tag1}公会布告板{tag2}随之展开，以备记录。
display.31-sheet-rendering-and-panels.petDoorSay.0443	One mimic in {value1} put down that way gives it up.	每{value1}只以此方式击败的拟态怪中，约有一只会掉落它。	每以此方式击败{value1}只拟形怪，约有一只会交出它。
display.31-sheet-rendering-and-panels.petDoorSay.0444	{value1}% of mimics killed in the surprise round drop it.	在突袭轮击杀的拟态怪有{value1}%的几率掉落它。	在突袭轮击杀的拟形怪有{value1}%的几率掉落它。
display.31-sheet-rendering-and-panels.petDoorSay.0446	{value1} of {value2} {value3}, counted across every chronicle from the day the roll of pets opened.	自宠物名册开放以来，历次冒险累计{value1}/{value2}份{value3}。	自宠物名册开放之日起，历次纪事累计{value1}/{value2}份{value3}。
display.31-sheet-rendering-and-panels.petTip.0447	 It is kept upon the Roll, and it outlives the chronicle that fed it.	它会记入荣誉名册，本次冒险结束后仍会保留。	它登记在荣誉名册上，喂养它的这部纪事结束后，它仍会留存。
display.31-sheet-rendering-and-panels.petTip.0449	At every million it sits down and will not be moved, and after a while it gives up one of the three artefacts of the pool, which no shop stocks and no ordinary find pays. Once all three stand upon your Roll the hoard has nothing left to pay.	每吃满一百万份，它就会坐下，任凭呼唤也不肯走。过一会儿，它会交出三件特殊神器中的一件，商店不售卖，普通发现也不会产出。三件都记入荣誉名册后，它便不再交出神器。	每吃满一百万份，它便坐下，任凭呼唤也不挪窝。过一阵子，它会交出奖励池三件神器中的一件——商店不售，寻常所得也换不来。三件都记入荣誉名册后，这座宝藏便再无可付。
display.31-sheet-rendering-and-panels.renderGoal.0634	The Guild's fitting stands suspended: nothing is worn until you fit it yourself, out of the Guild's stores in the Armoury. Hand the office back by ticking Auto-equip better gear there. The kit goal stands at {value1} against that day, and clicking here still walks it on.{value2}	公会已暂停自动配装。你需要到军械库中自行穿戴。勾选「自动装备」即可恢复自动配装。目前装备目标为{value1}，点击此处仍可切换目标。{value2}	公会代为配装一事已暂停：在你亲自从军械库的公会库存中取用之前，不会穿戴任何装备。在那里勾选「自动装备」，即可将这项差事交还公会。届时的装备目标暂定为{value1}，点击此处仍可切换。{value2}
display.31-sheet-rendering-and-panels.renderGoal.0636	How your equipment is fitted as it drops. {value1} Nothing is ruled out: a far better piece of the other kind is still worn. Click for the next.	找到装备后如何选择穿戴。{value1}另一类装备若明显更好，仍会穿戴。点击切换。	装备掉落时按何种方针穿戴。{value1}不会完全排除任何装备：另一类中若有明显更好的，仍会穿上。点击切换下一项。
display.31-sheet-rendering-and-panels.renderSheet.0314	Spot = {value1} = {value2}. Traps, ambushes and mimics are seen when their concealment is at or below it.	察觉={value1}={value2}。陷阱、伏击和拟态怪的隐蔽值不高于此数值时，就会被发现。	察觉={value1}={value2}。陷阱、伏击和拟形怪的隐蔽值不高于此数值时，就会被发现。
display.31-sheet-rendering-and-panels.renderSheet.0334	They expire; the run preparation lasts the chronicle.	这些效果会到期；奔行整备持续本次冒险。	这些效果会到期；奔行整备持续本部纪事。
display.31-sheet-rendering-and-panels.renderSheet.0374	{value1}x{value2} XP and x{value3} gold, gross. Beasts are tougher, so the net is about +15% each.	{value1}XP×{value2}，金币×{value3}，为单次收益倍率。怪物也会增强，因此实际获得效率各提高约15%。	{value1}XP×{value2}，金币×{value3}，均为毛收益。怪物也随之增强，折算净收益各约+15%。
display.31-sheet-rendering-and-panels.renderSheet.0375	Bonuses: folk	加成：族裔	加成：种族
display.31-sheet-rendering-and-panels.renderSpells.0479	The small magics your adventurer has picked up upon the descent, which fire on their own as the well of MP allows.	冒险者在地城中学会的小法术。只要法力足够，它们就会自行触发。	冒险者在下行途中学会的小法术。只要法力足够，它们就会自行触发。
display.31-sheet-rendering-and-panels.renderSpells.0480	The tricks your trade has drilled into you upon the descent: trained habit rather than magic, coming to hand on their own as the well allows.	冒险者在地城中练成的职业技巧，凭借训练而非魔法施展。只要法力足够，它们就会自行触发。	冒险者在下行途中练成的职业技巧，凭借训练而非魔法施展。只要法力足够，它们就会自行触发。
display.31-sheet-rendering-and-panels.renderSpells.0482	The small magics your adventurer has picked up upon the descent. Each rises by degrees, from I toward XV, and each fires upon the road of its own accord, as the well of MP allows.	冒险者在地城中学会的小法术，阶位从I逐步升至XV。只要法力足够，它们就会在旅途中自行触发。	冒险者在下行途中学会的小法术，阶位从I逐步升至XV。只要法力足够，它们就会在旅途中自行触发。
display.31-sheet-rendering-and-panels.renderSpells.0483	The tricks your trade has drilled into you upon the descent: trained habit rather than magic. Each rises by degrees, from I toward XV, and each comes to hand upon the road of its own accord, as the well allows.	冒险者在地城中练成的职业技巧，凭借训练而非魔法施展。阶位从I逐步升至XV，只要法力足够，就会在旅途中自行触发。	冒险者在下行途中练成的职业技巧，凭借训练而非魔法施展。阶位从I逐步升至XV，只要法力足够，就会在旅途中自行触发。
display.31-sheet-rendering-and-panels.renderSpells.0503	{value1}, {value2} degree	{value1}，第{value2}级	{value1}，第{value2}阶
display.31-sheet-rendering-and-panels.renderStats.0138	The watch upon the road, and Wisdom sets it: ten, and your Wisdom, and every lens and lesson bought on top of them. A trap or an ambush hidden at this figure or lower is seen before it springs, and a chest that is not a chest is known by its tooth. Yours: 10, and {value1} of Wisdom, {value2} of kit and charter, and {value3} of the Watchhouse, which comes to {value4}.	感知决定你在路上的守望本领：基础10点，加上感知调整值，以及镜片、训练和其他加值。陷阱或伏击的隐蔽值不高于此数值时，你会在它们发动前发现；伪装成宝箱的怪物也会露出破绽。你的数值：10，加上感知的{value1}、装备和宪章的{value2}、哨所的{value3}，共{value4}。	感知决定你在路上的守望本领：基础10点，加上感知调整值，以及镜片、训练和其他加值。陷阱或伏击的隐蔽值不高于此数值时，你会在它们发动前发现；伪装成宝箱的怪物也会被你认出獠牙。你的数值：10，加上感知的{value1}、装备和宪章的{value2}、哨所的{value3}，共{value4}。
display.31-sheet-rendering-and-panels.renderStats.0139	Spot = 10 + WIS mod + spot bonuses + Watchhouse. Yours: 10 {value1} {value2} {value3} = {value4}. Traps, ambushes and mimics roll against it.	察觉=10+WIS调整值+察觉加值+哨所加值。你的数值：10 {value1} {value2} {value3}={value4}。用于判定能否发现陷阱、伏击和拟态怪。	察觉=10+WIS调整值+察觉加值+哨所加值。你的数值：10 {value1} {value2} {value3}={value4}。用于判定能否发现陷阱、伏击和拟形怪。
display.31-sheet-rendering-and-panels.renderTraits.0014	{tag1}{tag2}Name{tag3}{tag4}{value0}{tag5}{tag6}{tag7}{tag8}Folk{tag9}{tag10}{value2}{tag11}{tag12}{tag13}{tag14}Trade{tag15}{tag16}{value4}{value5}{tag17}{tag18}{value6}{tag19}{tag20}Rank{tag21}{tag22}{value9}{value10}{tag23}{tag24}{tag25}{tag26}Mastery{tag27}{tag28}{value12}{tag29}{tag30}{value13}	{tag1}{tag2}姓名{tag3}{tag4}{value0}{tag5}{tag6}{tag7}{tag8}族裔{tag9}{tag10}{value2}{tag11}{tag12}{tag13}{tag14}职业{tag15}{tag16}{value4}{value5}{tag17}{tag18}{value6}{tag19}{tag20}等级{tag21}{tag22}{value9}{value10}{tag23}{tag24}{tag25}{tag26}熟练加值{tag27}{tag28}{value12}{tag29}{tag30}{value13}	{tag1}{tag2}姓名{tag3}{tag4}{value0}{tag5}{tag6}{tag7}{tag8}种族{tag9}{tag10}{value2}{tag11}{tag12}{tag13}{tag14}职业{tag15}{tag16}{value4}{value5}{tag17}{tag18}{value6}{tag19}{tag20}等级{tag21}{tag22}{value9}{value10}{tag23}{tag24}{tag25}{tag26}熟练加值{tag27}{tag28}{value12}{tag29}{tag30}{value13}
display.31-sheet-rendering-and-panels.renderTraits.0015	Your adventurer's people, {value1} upon the Guild rolls. The gift of the {value2}: {value3}	冒险者所属的族裔。公会名册共有{value1}种族裔。{value2}的天赋：{value3}	冒险者所属的种族。公会名册共载{value1}个种族。{value2}的天赋：{value3}
display.31-sheet-rendering-and-panels.renderTraits.0025.attribute1	Your standing upon the Guild rolls. Each rank attained grants +1 to an ability, a spell learned or deepened, more HP and MP, and it refills the well and knits every wound. At the 5th, the 11th, the 20th and the 30th a choice is entered against the rank and kept for the chronicle. The sword may be hung up at any rank, and from the 5th the retirement pays prestige.	你在公会名册上的等级。每升一级，一项属性+1，学会或精进一道法术，HP和MP上限提高，并完全恢复。在5、11、20和30级各做一次升级选择，效果持续本次冒险。任何等级都可退休，达到5级后退休可获得声望。	你在公会名册上的等级。每升一级，一项属性+1，学会或精进一道法术，HP和MP上限提高，并完全恢复。在5、11、20和30级各做一次升级选择，效果持续本部纪事。任何等级都可退休，达到5级后退休可获得声望。
display.31-sheet-rendering-and-panels.renderTraits.0026	{value1} upon every stroke you make. The drill yard raises it, {value2} times a chronicle, and the Guild issues {value3} to everybody.	每次攻击获得{value1}。训练场可提高此数值，每次冒险限{value2}次；所有冒险者的初始加值为{value3}。	每次攻击获得{value1}。训练场可提高此数值，每部纪事限{value2}次；所有冒险者的初始加值为{value3}。
display.31-sheet-rendering-and-panels.renderTraits.0027	{value1} to hit, on every attack roll. Base {value2}, bought up to {value3} more times a chronicle at the drill yard.	每次攻击检定的命中加值为{value1}。初始为{value2}，每次冒险可在训练场再提升{value3}次。	每次攻击检定的命中加值为{value1}。初始为{value2}，每部纪事可在训练场再提升{value3}次。
display.31-sheet-rendering-and-panels.statStats.0093	Workings fire {value1}% oftener a point of modifier.	每点调整值使能力触发频率提高{value1}%。	每点调整值使术法触发频率提高{value1}%。
display.32-kit-tooltips-and-arc-endings.arc2Victory.0166	Rank at the shard-field	抵达碎晶地时的等级	抵达碎碑原时的等级
display.32-kit-tooltips-and-arc-endings.arc2Victory.0171	Total gold earned by completion	获得金币	累计获得金币
display.32-kit-tooltips-and-arc-endings.arc2Victory.0176	{tag1}{value0} is silent, and the riven obelisk stands as plain stone!{tag2}{tag3}Thus closes {value1}, the long descent below the hoard, and the shards go up under seal, one wagon to a piece. {value2}{tag4}{tag5}The road runs on, and it is posted plainly at the counter. The survey's drills, cutting the quarry below the shard-field, have met worked stone: a lintel, and under the lintel, stairs. The Guild has entered the descent as {tag6}{value3}{tag7}, six halls charted at about two days all told, ending upon the observatory of the mage Vastian at the bottom. Adventurers of the 5th rank may instead {tag8}Retire{tag9} (menu) with full honours and endow every chronicle after; achievements are kept either way. Either road is entered in the same ledger.	{tag1}{value0}归于寂静，裂开的方尖碑已成普通石头！{tag2}{tag3}{value1}至此结束，这段宝藏之下的漫长下行已完成。碎片逐一封好运上去，每片装满一车。{value2}{tag4}{tag5}道路仍向前延伸，柜台已将消息张贴。勘测队在碎晶地下面开采时，钻头碰到人工石作：一道门楣，门楣下是阶梯。公会将这条下行路线登记为{tag6}{value3}{tag7}，共六座厅堂，预计约两天，终点在法师瓦斯蒂安的天文台。五级及以上冒险者也可从菜单选择{tag8}退休{tag9}，荣誉归来，为后来的每部纪事留下资助；无论走哪条路，成就都保留。两条路同记一本账。	{tag1}{value0}归于寂静，破裂方尖碑已成寻常石头！{tag2}{tag3}{value1}至此结束，宝藏之下的漫长下行告一段落。碎片加封运上，一片一车。{value2}{tag4}{tag5}道路仍向前延伸，柜台已将消息张贴。勘测队在碎碑原下开凿采石场时，钻头碰到人工石作：一道门楣，门楣下是阶梯。公会将这条下行路线登记为{tag6}{value3}{tag7}，共六座厅堂，全程预计约两天，终点在底层法师瓦斯蒂安的观测所。五级及以上冒险者也可从菜单选择{tag8}退休{tag9}，荣誉归来，为后来的每部纪事留下资助；无论走哪条路，成就都保留。两条路同记一本账。
display.32-kit-tooltips-and-arc-endings.arc3Victory.0181	Rank at the observatory	抵达天文台时的等级	抵达观测所时的等级
display.32-kit-tooltips-and-arc-endings.arc3Victory.0186	Total gold earned by completion	获得金币	累计获得金币
display.32-kit-tooltips-and-arc-endings.arc3Victory.0191	{tag1}{value0} is undone, and the Manifold Halls go unwatched!{tag2}{tag3}Thus closes {value1}. The master's charts go up under the survey's seal, your own column entered fair at the edge. {value2}{tag4}{tag5}The road runs on, and it is posted plainly at the counter. Below the observatory begins {tag6}Arc IV: The Roll Below{tag7}. Its six charted floors lead to the Last Vault, where the Lich keeps watch. Adventurers of the 5th rank or higher may instead {tag8}Retire{tag9} (menu) with full honours and endow every chronicle after; achievements are kept either way. Either road is entered in the same ledger.	{tag1}{value0}已被摧毁，重影厅室再无窥视者！{tag2}{tag3}{value1}至此结束。主人的图纸加盖勘测印运回，边缘清楚记着你的那一栏。{value2}{tag4}{tag5}柜台已张贴继续下行的路线。观测台下方通往{tag6}篇章IV：地下名册库{tag7}。六层楼面均已绘入地图，尽头是巫妖看守的最后密室。五级及以上冒险者也可从菜单选择{tag8}退休{tag9}，荣誉归来，为后来的每部纪事留下资助；无论走哪条路，成就都保留。两条路同记一本账。	{tag1}{value0}已被摧毁，重影厅室再无窥视者！{tag2}{tag3}{value1}至此结束。观测所主人的图表加盖勘测所印运上，边缘工整记着你的那一栏。{value2}{tag4}{tag5}柜台已张贴继续下行的路线。观测所下方通往{tag6}篇章IV：地下名册库{tag7}。六层楼面均已绘入地图，尽头是巫妖看守的最后密室。五级及以上冒险者也可从菜单选择{tag8}退休{tag9}，荣誉归来，为后来的每部纪事留下资助；无论走哪条路，成就都保留。两条路同记一本账。
display.32-kit-tooltips-and-arc-endings.arc4Victory.0205	Rank at the Last Vault	抵达末库时的等级	抵达最后密室时的等级
display.32-kit-tooltips-and-arc-endings.arc4Victory.0210	Total gold earned by completion	获得金币	累计获得金币
display.32-kit-tooltips-and-arc-endings.arc4Victory.0215	{tag1}{value0} is ended, and the count is left off at his name!{tag2}{tag3}Thus closes {value1}, and the last honest warden upon the Roll lies still in the Last Vault. He told you plainly what the jar is, the lock upon the last door, and he was ended all the same, and the keeping of the count is yours now to take up or to lay down. {value2}{tag4}{tag5}The road runs on, and it is posted plainly at the counter. The jar has unlocked the last door at the foot of the servants' stair, and it stands open upon a stair going down into the deep the Maw was dug to bury. The Guild has entered the descent as {tag6}{value3}{tag7}, six floors to the Bottom of the Maw, the longest of the charted descents and the close of the module. Adventurers of the 5th rank may instead {tag8}Retire{tag9} (menu) with full honours and endow every chronicle after; achievements are kept either way. Either road is entered in the same ledger.	{tag1}{value0}已被终结，计数在他的名字处中断！{tag2}{tag3}{value1}至此结束，名册上最后一位尽职的守卫静卧末库。他已清楚告诉你，罐子就是最后一道门的锁，却仍死于此处。此后是否接下计数，由你决定。{value2}{tag4}{tag5}道路仍向前延伸，柜台已将消息张贴。罐子打开了仆役阶梯底端的最后一道门，门后石阶通往巨口当初为掩埋它而开凿的深处。公会将此路线登记为{tag6}{value3}{tag7}，再下六层抵达巨口之底，这是所绘最长的下行，也是模组的结尾。五级及以上冒险者也可从菜单选择{tag8}退休{tag9}，荣誉归来，为后来的每部纪事留下资助；无论走哪条路，成就都保留。两条路同记一本账。	{tag1}{value0}已被终结，计数在他的名字处中断！{tag2}{tag3}{value1}至此结束，名册上最后一位恪守职分的守封者静卧于最后密室。他曾明白告诉你罐子是什么——最后一道门的锁，却仍被你终结；计数之守，如今由你接起或放下。{value2}{tag4}{tag5}道路仍向前延伸，柜台已将消息张贴。罐子打开了仆役阶梯底端的最后一道门，门已洞开，石阶直下深处；当初开凿巨口，正是为了埋葬这片深处。公会将此路线登记为{tag6}{value3}{tag7}，再下六层抵达巨口之底，是已绘路线中最长的一段下行，也是本模组的终章。五级及以上冒险者也可从菜单选择{tag8}退休{tag9}，荣誉归来，为后来的每部纪事留下资助；无论走哪条路，成就都保留。两条路同记一本账。
display.32-kit-tooltips-and-arc-endings.arc5Victory.0220	Rank at the Bottom	抵达底部时的等级	抵达巨口之底时的等级
display.32-kit-tooltips-and-arc-endings.arc5Victory.0225	Total gold earned by completion	获得金币	累计获得金币
display.32-kit-tooltips-and-arc-endings.arc5Victory.0230	You set the lock with a working of your own schooling, spoken over the jar as the wardens before you spoke theirs. 	你以所属学派的术法锁紧封印，对罐子念咒，如前任守卫曾念出他们的咒语。	你以本门所学的术法落锁，对着罐子念诵，一如先前的守封者各念其术。
display.32-kit-tooltips-and-arc-endings.arc5Victory.0239	You bring the jar up from the Bottom and set it upon the mantel of the Last Vault, centred, as the last warden kept it. You enter your own name at the head of the new Roll in a steady hand. Above, the Guild rules your numbered tag returned, and posts the Maw held for another age. At the rim, the windlass turns for the next name on the roll.	你把罐子从底部带回，放在最后密室壁炉台正中，摆在最后一任守卫原本安放它的位置。你稳稳地将自己的名字写在新名册首位。上方，公会将你的编号身份牌记作已归，公告巨口又受控一个时代。井沿绞盘转动，为名册上的下一人放绳。	你把罐子从巨口之底带回，放在最后密室的壁炉台正中，一如最后一任守封者的摆法。你稳稳地将自己的名字写在新名册首位。上方，公会将你的编号身份牌记作已归，并公告巨口再守一个时代。井口的绞盘转动，为名册上的下一人放绳。
display.32-kit-tooltips-and-arc-endings.arc5Victory.0240	The drum is silent, and the water stands where it lay. You climb through floors that are only stone now, past thrones and beds and cages that hold their dust in peace. The Guild strikes the Maw from its charter, pays the last bounties at the counter, and rules every outstanding tag recovered. In time the noticeboard fills with work in other country, and the windlass is taken down for its timber.	鼓声已停，水仍留在原处。你攀过如今只剩石头的楼层，经过静静积尘的王座、床铺和牢笼。公会从宪章划去巨口，在柜台付清最后赏金，将所有尚未归还的身份牌记作寻回。渐渐，布告板填上别处的差事，绞盘也被拆下作木料。	鼓声已停，水仍留在原处。你攀过如今只剩石头的楼层，经过静静积尘的王座、床铺和牢笼。公会从章程中划去巨口，在柜台付清最后赏金，将所有尚未归还的身份牌记作寻回。渐渐，布告板填上别处的差事，绞盘也被拆下作木料。
display.32-kit-tooltips-and-arc-endings.arc5Victory.0241	{tag1}{value0} is {value1}, and the module of the Maw is closed!{tag2}{tag3}{value3}{value5}{value4}{tag4}{tag5}{value2}{value6}{tag6}{tag7}The whole descent stands charted at last, the Prologue to the Bottom, and your name will be entered upon the Roll of Honour beside the ending you chose: {value7}. Below the last chair the seasons keep their turn still, {tag8}{value8}{tag9}, a season at a time. The first twelve seasons of a chronicle pay one prestige point apiece. Later payments grow rarer and eventually exhaust this chronicle's season allowance. Other rewards continue, and a new chronicle starts a fresh allowance. Adventurers of the 5th rank may {tag10}Retire{tag11} (menu) with full honours, the ending recorded upon the Roll; achievements are kept either way. Either road is entered in the same ledger.	{tag1}{value0}{value1}，巨口模组至此结束！{tag2}{tag3}{value3}{value5}{value4}{tag4}{tag5}{value2}{value6}{tag6}{tag7}从序章到最底层，整条下行终于绘完。你的名字将与所选结局同记荣誉名册：{value7}。最后座椅之下，季节仍轮流延续于{tag8}{value8}{tag9}。本次纪事前十二季，每季支付1声望点数；此后支付渐稀，最终用尽本次纪事的季节额度。其他奖励继续，新纪事会重获额度。五级及以上冒险者可从菜单选择{tag10}退休{tag11}，荣誉归来，结局留在名册；无论走哪条路，成就都保留。两条路同记一本账。	{tag1}{value0}{value1}，巨口模组至此结束！{tag2}{tag3}{value3}{value5}{value4}{tag4}{tag5}{value2}{value6}{tag6}{tag7}从序章直至巨口之底，整条下行终于绘完。你的名字将与所选结局同记荣誉名册：{value7}。最后那把椅子之下，季节仍一季接一季地轮转：{tag8}{value8}{tag9}。本部纪事前十二季，每季支付1声望点数；此后支付渐稀，最终用尽本部纪事的季节额度。其他奖励继续，新纪事会重获额度。五级及以上冒险者可从菜单选择{tag10}退休{tag11}，荣誉归来，结局留在名册；无论走哪条路，成就都保留。两条路同记一本账。
display.32-kit-tooltips-and-arc-endings.arc5Victory.0245	the debt discharged, and the Maw struck from the charter	债务清偿，巨口自宪章划去	债务清偿，巨口自章程划去
display.32-kit-tooltips-and-arc-endings.arcVictory.0156	Total gold earned by completion	获得金币	累计获得金币
display.32-kit-tooltips-and-arc-endings.chroniclePage.0144	The ledger records {value1} beasts put down and {value2} critical killing blows; {value3} trophies sold at the counter; {value4} gold pieces earned and {value5} laid out; and {value6} quests completed from the noticeboard. Rank {value7} was attained upon the road, with {value8} of {value9} achievements, in {value10} below the rim.	账册记载：击杀野兽{value1}只，打出暴击终结{value2}次；在柜台售出战利品{value3}件；挣得金币{value4}枚，花去{value5}枚；完成布告板任务{value6}项。在井沿之下共度{value10}，达到等级{value7}，取得{value8}/{value9}项成就。	账册记载：击杀野兽{value1}只，打出暴击终结{value2}次；在柜台售出战利品{value3}件；挣得金币{value4}枚，花去{value5}枚；完成布告板任务{value6}项。在井口之下共度{value10}，达到等级{value7}，取得{value8}/{value9}项成就。
display.32-kit-tooltips-and-arc-endings.endDemo.0278	Total gold earned by completion	获得金币	累计获得金币
display.32-kit-tooltips-and-arc-endings.endDemo.0287	{tag1}{value0} is behind you, and here the demo ends.{tag2}{tag3}{value1}{tag4}{tag5}The lower levels will open in time, free of charge, upon this very page. Keep your save code safe: your numbered tag remains good, and the Guild honours its own.	{tag1}{value0}已在身后，试玩到此结束。{tag2}{tag3}{value1}{tag4}{tag5}更深楼层日后会在本页免费开放。请妥善保存存档代码，你的编号身份牌仍有效，公会会承认自己的凭据。	{tag1}{value0}已在身后，试玩到此结束。{tag2}{tag3}{value1}{tag4}{tag5}更深楼层日后会在本页免费开放。请妥善保存存档代码：你的编号身份牌依然有效，公会不亏待自己人。
display.32-kit-tooltips-and-arc-endings.invTip.0059	{value1} of the deep, weighing one stone the piece against the pack's limit. The Guildhouse counter should pay about {value2}{value3} apiece{value4}.	来自地底的{value1}，每件占背包负载一石。公会馆柜台每件约付{value2}{value3}{value4}。	来自地底的{value1}，每件计入背包负重一英石。公会馆柜台每件约付{value2}{value3}{value4}。
display.32-kit-tooltips-and-arc-endings.labels.0109	The tags taken from the trophy wall have gone up the shaft ahead of you, bound for the families, and the bearer who stayed with the lamps keeps his own tag by his fire. Your page closes upon a stamped square of Guild iron: tag No. 41, sent home at last.	从战利品墙取回的身份牌已先你一步升上竖井，送往家属手中。留下照灯的那人仍在火边保管自己的牌。你的这一页以一方冲印公会铁牌作结：第41号身份牌终于归家。	从战利品墙取回的身份牌已先你一步升上竖井，送往各家。留守灯火的那名脚夫，把他自己的身份牌收在火边。你的这一页以一方冲印的公会铁牌作结：第41号身份牌，终于归家。
display.32-kit-tooltips-and-arc-endings.labels.0112	The account closes upon the bell at the rim of the Maw, rung home in a full peal, the first in living memory.	账目以巨口井沿的一阵齐钟作结，为归来而鸣，活人记忆中尚无前例。	账目以巨口井口的钟声作结：为归来者全钟齐鸣，活人记忆中尚无前例。
display.32-kit-tooltips-and-arc-endings.labels.0119	You write the deeds to the last line and swear the page open beneath them, in the old form, against the day you take up the tag again. The Guild binds the oath, files it among the living, and keeps the nail warm.	你写下事迹直到末行，再按古式在下方立誓，留这一页等你再次拿起身份牌。公会将誓言装订，归入生者档案，保留那枚挂钉。	你把事迹写到末行，再按古式在其下立誓，言明此页不结，以待你重拾身份牌之日。公会将誓言装订，归入生者档案，那枚挂钉也替你留着，不教它冷下去。
display.32-kit-tooltips-and-arc-endings.labels.0194	Vhorren's hoard lies before you. Among the coins you find one last prize.	Vhorren的宝藏堆在你面前。你在钱币间找到最后一件珍宝。	沃伦的宝藏堆在你面前。你在钱币间找到最后一件珍宝。
display.32-kit-tooltips-and-arc-endings.renderPlot.0075	The Seasons Past the Bottom	底层之后的诸季	巨口之底以后的诸季
display.32-kit-tooltips-and-arc-endings.valeVictory.0257	Total gold earned by completion	获得金币	累计获得金币
display.32-kit-tooltips-and-arc-endings.valeVictory.0261	Time in the Vale	山谷时间	谷地时间
display.32-kit-tooltips-and-arc-endings.valeVictory.0264	{value1} carries the last of it down the crag road, as it has carried the pack the whole way. 	{value1}将最后的东西驮下峭壁路，一如一路驮着背包。	{value1}将最后的东西驮下峭崖路，一如一路驮着背包。
display.32-kit-tooltips-and-arc-endings.valeVictory.0265	{value1} lights the crag road down with a steady lantern. 	{value1}提着火光稳定的灯笼，照亮下山的岩路。	{value1}提着一盏稳定的灯笼，照亮下行的峭崖路。
display.32-kit-tooltips-and-arc-endings.valeVictory.0267	{tag1}{value0} {value1}, and the Mourning Vale is answered!{tag2}{tag3}{value3}{value5}{value4}{tag4}{tag5}{value2}{value6}{tag6}{tag7}The whole valley stands charted, the moor road to the hall, and your name will be entered upon the Roll of Honour beside the answer you gave: {tag8}{value7}{tag9}, {value8}. Past the hall the Vale keeps its nights still, {tag10}{value9}{tag11}, a night at a time. The first twelve nights of a chronicle pay one prestige point apiece. Later payments grow rarer and eventually exhaust this chronicle's night allowance. Other rewards continue, and a new chronicle starts a fresh allowance. Adventurers of the 5th rank may {tag12}Retire{tag13} (menu) with full honours, the answer recorded upon the Roll; achievements are kept either way. The other three answers stand open to the next chronicle, and the {tag14}Modules{tag15} window (menu) keeps the roll of the ones you have given.	{tag1}{value0}{value1}，哀恸谷得到了答复！{tag2}{tag3}{value3}{value5}{value4}{tag4}{tag5}{value2}{value6}{tag6}{tag7}从荒原路到大厅，整座山谷已绘入图中。你的名字将与回答同记荣誉名册：{tag8}{value7}{tag9}，{value8}。大厅之后，哀恸谷仍一夜接一夜地延续，{tag10}{value9}{tag11}。本次纪事前十二夜，每夜支付1声望点数；此后支付渐稀，最终用尽本次纪事的夜间额度。其他奖励继续，新纪事会重获额度。五级及以上冒险者可从菜单选择{tag12}退休{tag13}，荣誉归来，回答留在名册；无论走哪条路，成就都保留。其余三种回答仍可在下次纪事选择，菜单的{tag14}模组{tag15}窗口会列出你已给过的回答。	{tag1}{value0}{value1}，哀恸谷得到了答复！{tag2}{tag3}{value3}{value5}{value4}{tag4}{tag5}{value2}{value6}{tag6}{tag7}从荒原路到大厅，整座山谷已绘入图中。你的名字将与回答同记荣誉名册：{tag8}{value7}{tag9}，{value8}。大厅之后，哀恸谷仍一夜接一夜地延续，{tag10}{value9}{tag11}。本部纪事前十二夜，每夜支付1声望点数；此后支付渐稀，最终用尽本部纪事的夜数额度。其他奖励继续，新纪事会重获额度。五级及以上冒险者可从菜单选择{tag12}退休{tag13}，荣誉归来，回答留在名册；无论走哪条路，成就都保留。其余三种回答仍可在下次纪事选择，菜单的{tag14}模组{tag15}窗口会列出你已给过的回答。
display.32-sea-chart.renderSeaChart.0112	Your adventurer continues automatically. Choose a route only if you want to change the voyage.	冒险者会自动前行。若想改变航程，可以选择路线。	冒险者会自动前行。只有想改变航程时，才需选择路线。
display.32-sea-chart.renderSeaExtras.0073	Storm petrel: a rare pet that improves difficult terrain checks as it grows.	风暴海燕：稀有宠物，随成长提高困难地形检定。	暴风海燕：稀有宠物，随成长提高困难地形检定。
display.32-sea-chart.renderSeaExtras.0076	{tag1}{tag2}{tag3}The lost cutter{tag4}{tag5}{value0}/3 rewards recovered{tag6}{tag7}{tag8}{value1}{tag9}{tag10}{tag11}Next reward:{tag12} {value2}{tag13}{tag14}Optional detour. All three rewards stay unlocked after retirement. The chapter voyage resumes afterward.{tag15}{tag16}{value5}{tag17}{tag18}	{tag1}{tag2}{tag3}失踪快帆船{tag4}{tag5}已找回{value0}/3项奖励{tag6}{tag7}{tag8}{value1}{tag9}{tag10}{tag11}下一项奖励：{tag12}{value2}{tag13}{tag14}可选支线。三项奖励解锁后均在退休后保留。完成后继续本章航程。{tag15}{tag16}{value5}{tag17}{tag18}	{tag1}{tag2}{tag3}失踪快帆船{tag4}{tag5}已找回{value0}/3项奖励{tag6}{tag7}{tag8}{value1}{tag9}{tag10}{tag11}下一项奖励：{tag12}{value2}{tag13}{tag14}可选支线。三项奖励退休后仍保持解锁。完成后继续本章航程。{tag15}{tag16}{value5}{tag17}{tag18}
display.32-sea-chart.seaVictory.0126	The Chronicle: The Last Anchorage, Complete	最后的锚地纪事：完结	纪事：最后的锚地，已完成
display.32-sea-chart.seaVictory.0132	Total gold earned by completion	所得金币	累计获得金币
display.33-main-loop-enrollment-and-dialogs.labels.0070	A plate may stand mastered at a count of none: the count is this chronicle's, and the mastery is the Guild's book, which outlives it.	一张图鉴的击杀数为零，也可能已达精通：击杀数只计本次冒险，公会记下的精通则会保留到此后的每次冒险。	图鉴某页的击杀数为零，也可能已标为精通：击杀数只属于本部纪事，精通则记在公会簿上，比纪事更长久。
display.33-main-loop-enrollment-and-dialogs.labels.0072	{value1} of {value2} beasts recorded this chronicle. Mastered ({value3} kills): {value4}, each worth +0.5% speed. A mastery, once entered, stands in the Guild's book for every chronicle after, and it enters the practical note upon the plate. {value5}	本次冒险已记录{value1}/{value2}种怪物。已精通（击杀{value3}只）：{value4}种，每种使速度+0.5%。精通一经登记，即保留到此后的每次冒险，并在图鉴上附上公会的实用注记。{value5}	本部纪事已记录{value1}/{value2}种怪物。已精通（击杀{value3}只）：{value4}种，每种使速度+0.5%。精通一经登记，便留在公会簿上，此后每部纪事皆有效，并在图鉴页上附上公会的实用注记。{value5}
display.33-main-loop-enrollment-and-dialogs.labels.0077	mastered in an earlier chronicle	已在先前的冒险中精通	已在先前的纪事中精通
display.33-main-loop-enrollment-and-dialogs.renderArmoury.0092	The count is the Guild's own and outlives every chronicle: a pattern entered in the book stands entered for the adventurer who signs after you, and the book pays nothing for standing there.	样式记录属于公会，跨冒险保留。你登记的样式会留给下一位冒险者查阅，册子本身不提供加成。	此计数归公会所有，比任何一部纪事都长久：样式一经录入图录，便为在你之后签名的冒险者留存；录在册上，并不因此付你分毫。
display.33-main-loop-enrollment-and-dialogs.renderArmoury.0104	No depth hands one of these over and no counter has ever stocked one. Each is won at a named door, and the book says which.	这些神器不会在普通探索中出现，柜台也不曾出售。每件都有特定来源，册中逐一列明。	没有哪一层会交出这些神器，也没有哪家柜台进过货。每件都得在指定的门前赢取，册中写明是哪一扇。
display.33-main-loop-enrollment-and-dialogs.renderHonour.0040	The first set of papers is yours from the first chronicle, each level of the Warden's Papers cuts another, and {value1} is all any papers hold.	首次冒险就有一份文书。每级守卫者文书再备一份，最多可记{value1}项专长。	首部纪事便发给你第一份文书，守卫文书每升一级再裁一份，文书至多{value1}份。
display.33-main-loop-enrollment-and-dialogs.renderHonour.0041	You hold 1 feat slot from the start and the Warden's Papers gives 1 more per level, {value1} at most.	初始有1个专长栏位，守卫者文书每级再增加1个，最多{value1}个。	初始有1个专长栏位，守卫文书每级再增加1个，最多{value1}个。
display.33-main-loop-enrollment-and-dialogs.renderHonour.0042	Prestige points are earned by retiring adventurers, by post-game seasons, nights or coastal patrols, and by recovery parties endowed at the Guild Shop. A chronicle's first 12 post-game cycles pay 1 point each. Later cycle payments become rarer and eventually stop for that chronicle. A new chronicle starts a fresh cycle allowance. Retirement and Guild Shop recovery parties can still award prestige; each recovery party pays 1 point.{value1} An upgrade, once bought, is permanent, and stands for every adventurer who signs after. Achievements, beast mastery and the trophy case are likewise kept across chronicles, and cost nothing here. {value2}	声望点数可通过冒险者退休、通关后的季次、夜晚或沿岸巡逻，以及在公会商店资助打捞队获得。每次冒险的前12个通关后循环各奖励1点；此后的奖励逐渐稀疏，最终在本次冒险中停止。新冒险会重新获得这份循环奖励额度。退休和公会商店的打捞队仍可提供声望，每支打捞队奖励1点。{value1}购买的升级永久保留，惠及此后每位冒险者。成就、怪物精通和陈列柜也跨冒险保留，无须在此支付费用。{value2}	声望点数可通过冒险者退休、通关后的季次、夜晚或沿岸巡逻，以及在公会商店资助搜救队获得。每部纪事的前12个通关后循环各奖励1点；此后的奖励逐渐稀疏，最终在该纪事中停止。新纪事会重新获得一份循环奖励额度。退休和公会商店的搜救队仍可提供声望，每支搜救队奖励1点。{value1}升级一经购买即永久保留，惠及此后登记的每位冒险者。成就、怪物精通和战利品陈列柜同样跨纪事保留，在此无须花费。{value2}
display.33-main-loop-enrollment-and-dialogs.renderHonour.0056	This one tells at the next enrolment, and not upon the chronicle in hand.	此项将在下次登记冒险时生效，不影响当前冒险。	此项于下次登记时生效，不影响手头这部纪事。
display.33-main-loop-enrollment-and-dialogs.renderHonour.0068	Every upgrade is unbought and every prestige point returns to the purse, exactly as it was paid. Titles are earned, not bought, and stand. An upgrade already enjoyed at this enrolment keeps its effect for the chronicle in hand.	撤回全部升级，按原购买价格返还每一点声望。头衔依据累计所得授予，因此保留。登记本次冒险时已经获得的升级效果，将持续到本次冒险结束。	撤回全部升级，每一点声望按原价退回钱袋。头衔凭累计所得授予，并非购得，故照旧保留。本次登记时已生效的升级，在手头这部纪事中效果不变。
display.34-forge-window.smithFigures.0006	The smith owes you a refusal	已累计1次锻造失败	铁匠欠你1次失手
display.34-forge-window.smithFigures.0007	The smith owes you {value1} refusals	已累计{value1}次锻造失败	铁匠欠你{value1}次失手
display.34-forge-window.smithFigures.0016	the odds climb, and are certain by the {value1} heat	概率逐次提高，第{value1}炉前必成	成功率逐炉提高，至迟第{value1}炉必成
display.34-forge-window.smithFigures.0017	odds stack; certain by strike {value1}	成功率累积，第{value1}次前必成	成功率累积，至迟第{value1}次必成
display.34-forge-window.smithRevealBody.0055	Bad heat. The fire's fault, not yours -- your coin comes back across the counter.	火候坏了。铁匠把错归于炉火，将钱从柜台退还。	火候不对。错在炉火，不在你——钱从柜台那头推了回来。
display.35-records-memorial-and-trophy-windows.chapterLabel.0204	on the sea patrols	海岸巡逻中	海上巡逻中
display.35-records-memorial-and-trophy-windows.chapterLabel.0206	in the seasons past the Bottom	世界之底后的季次	巨口之底后的季次
display.35-records-memorial-and-trophy-windows.chapterLabel.0209	in Arc V, Chapter {value1}	篇章V第{value1}章	第V篇章第{value1}章
display.35-records-memorial-and-trophy-windows.chapterLabel.0210	in Arc IV, Chapter {value1}	篇章IV第{value1}章	第IV篇章第{value1}章
display.35-records-memorial-and-trophy-windows.chapterLabel.0211	in Arc III, Chapter {value1}	篇章III第{value1}章	第III篇章第{value1}章
display.35-records-memorial-and-trophy-windows.chapterLabel.0212	in Arc II, Chapter {value1}	篇章II第{value1}章	第II篇章第{value1}章
display.35-records-memorial-and-trophy-windows.labels.0100	A critical killing blow pays half again the experience, a second trophy, and 35% more descent credit. Critical hits double the damage dice and apply the critical damage multiplier from your gifts, weapon and skills. The range begins at twenty; each bonus point widens it by one face of the die.	以暴击终结敌人，会获得一点五倍经验、第二件战利品，以及多三成半的下降进度。暴击会使伤害骰数量翻倍，再应用天赋、武器和技能提供的暴击伤害倍率。暴击范围起初只有二十点，每点范围加成使它向下扩展一个点数。	以暴击终结敌人，会获得一点五倍经验、第二件战利品，以及多三成半的下行进度。暴击会使伤害骰数量翻倍，再应用天赋、武器和技能提供的暴击伤害倍率。暴击范围起于骰面二十，每点范围加成使其再扩一个骰面。
display.35-records-memorial-and-trophy-windows.labels.0101	A critical killing blow pays 1.5x experience, a second trophy and 1.35x descent credit. Critical hits double the damage dice and apply your critical damage multiplier. Crit range starts at 20 and widens by 1 per range bonus point.	暴击终结敌人时获得1.5倍经验、第二件战利品和1.35倍下降进度。暴击使伤害骰数量翻倍，再应用暴击伤害倍率。暴击范围从20开始，每点范围加成扩展1点。	暴击终结敌人时获得1.5倍经验、第二件战利品和1.35倍下行进度。暴击使伤害骰数量翻倍，再应用暴击伤害倍率。暴击范围从20开始，每点范围加成扩展1点。
display.35-records-memorial-and-trophy-windows.labels.0107	Every trophy ever carried up to a counter, across every chronicle upon your Roll. The coin that will not stay spent counts itself against this and no other figure.	荣誉名册各次纪事中，所有送到柜台卖出的战利品总数。归来钱币只按这个数目计算。	你名册上历次纪事中，送上柜台卖出的每一件战利品。那枚花出去总会回来的钱币只认此数，不认其他。
display.35-records-memorial-and-trophy-windows.labels.0109	Gold earned, this chronicle	本次纪事获得的金币	本部纪事获得的金币
display.35-records-memorial-and-trophy-windows.labels.0110	Gold spent, this chronicle	本次纪事花费的金币	本部纪事花费的金币
display.35-records-memorial-and-trophy-windows.labels.0113	Floors cleared (bosses)	清理楼层（首领）	已清楼层（首领）
display.35-records-memorial-and-trophy-windows.labels.0116	Choices made on the descent	下探途中作出的选择	下行途中作出的选择
display.35-records-memorial-and-trophy-windows.labels.0129	Experience entered over the last {value1} minutes of the deep, reckoned to the hour.	按最近{value1}分钟地下冒险所得经验值折算每小时收入。	按最近{value1}分钟地下冒险所得经验值，折算为每小时数值。
display.35-records-memorial-and-trophy-windows.labels.0132	The shares above multiply rather than add, so the whole stands above their sum. This is the figure your speed is reckoned by.	以上各项相乘，不是相加，因此总效果高于简单求和。速度使用这一结果。	以上各项相乘而非相加，故总效果高于简单求和。下行速度即按此数计算。
display.35-records-memorial-and-trophy-windows.labels.0133	Marks in force, off that	当前减益印记	当前印记（由此扣除）
display.35-records-memorial-and-trophy-windows.labels.0134	Boons in force, atop that	当前额外增益	当前增益（在此之上）
display.35-records-memorial-and-trophy-windows.labels.0136	Timed boons from the counter and the road. Each runs its clock out; the run preparation above ends with this chronicle.	来自柜台与旅途的限时增益，各自到期结束；上方的冒险准备效果在本次纪事结束时终止。	来自柜台与旅途的限时增益，各自到期结束；上方的冒险准备效果在本部纪事结束时终止。
display.35-records-memorial-and-trophy-windows.labels.0140	Stretches walked	走过旅途段	已走路段
display.35-records-memorial-and-trophy-windows.labels.0141	Shortcuts read aright	正确辨读捷径	辨明的捷径
display.35-records-memorial-and-trophy-windows.labels.0148	Mimics known by the tooth	从齿认出拟形怪	凭牙认出的拟形怪
display.35-records-memorial-and-trophy-windows.labels.0149	You see the tooth in the hinge before opening the chest and take the surprise round. The Finding sharpens that eye. Only a mimic killed in that round can become the pet.	你在开箱前看见铰链中的牙齿，获得一轮突袭。寻宝分区使你更容易识破它。只有在这一轮被杀死的拟态怪才可能成为宠物。	你在开箱前看见铰链里的牙，抢得突袭回合。寻获分区使你更易识破。只有在这一回合被杀死的拟形怪才可能成为宠物。
display.35-records-memorial-and-trophy-windows.labels.0156	Traps that sprang on you. The Hard Way counts these across every chronicle. A trap is sprung when its concealment is above your Spot, and about {value1}% spring whatever your Spot.	对你触发的陷阱。艰险之路跨纪事累计此数。隐藏值高于察觉时触发，此外约{value1}%的陷阱无论察觉多高都会触发。	在你身上触发的陷阱。艰险之路跨纪事累计此数。隐藏值高于察觉时触发，此外约{value1}%的陷阱无论察觉多高都会触发。
display.35-records-memorial-and-trophy-windows.labels.0168	Lost expeditions found on road legs. They appear only once the Road quarter's seeking seals are signed: {value1}% of legs a seal, to {value2}% at three.	旅途中找到的失踪远征队。签下旅途分区寻人印章后才会出现，每枚印章提供{value1}%的旅途段概率，三枚达到{value2}%。	旅途中找到的失踪远征队。签下旅途分区寻人印章后才会出现：每签一枚，{value1}%的路段会遇上，三枚时达{value2}%。
display.35-records-memorial-and-trophy-windows.labels.0170	The names struck off the memorial wall in Mereward, counted across every chronicle: each is a hand found alive in a lost party, and each pays its gift upon your Roll from the day it walks up.	跨纪事统计从梅尔沃德纪念墙划去的名字。每个都曾是失踪队伍中被发现的活人，从回到地面那天起，就向你的名册提供天赋。	跨纪事统计从梅尔沃德纪念墙上划去的名字。每个名字都是在失踪队伍中寻得的活着的帮手，自走上地面那天起，便为你的名册带来其馈赠。
display.35-records-memorial-and-trophy-windows.labels.0174	The fire banked against the stone holds to morning, and the camp goes back into the pack whole. With the Mending quarter's final seal, a true dream also returns the camp.	石壁前守住的火燃到清晨，营地完整收回背包。持有疗愈分区的最后一道封印时，真梦也会返还营地。	靠着石壁封好的火撑到清晨，营地完整收回背包。持有疗伤分区的最后一道印章时，预示梦之夜也会返还营地。
display.35-records-memorial-and-trophy-windows.labels.0178	Not every breath is only a breath: some go deep enough that the floor finds you in them.	有时喘息会渐渐入梦，足够深处在梦里找到你。	喘息未必只是喘息：有些沉得够深，本层便在其中找到了你。
display.35-records-memorial-and-trophy-windows.labels.0185	Trips to the Infirmary avoided by spending a camp supply. The Mending quarter's deep seal grants this.	消耗一份扎营补给，免去前往医务室的次数。由疗伤分区深层印章提供。	消耗一份扎营补给而免去的医务所之行。由疗伤分区深层印章提供。
display.35-records-memorial-and-trophy-windows.labels.0188	You sleep as a tired body sleeps, and the dark keeps its own counsel.	你如疲倦的人一般睡去，黑暗没有入梦。	你如疲倦的人一般睡去，黑暗缄口不言。
display.35-records-memorial-and-trophy-windows.labels.0191	Plain dreams. They come on {value1}. Well-rested then runs 1.5 times as long, or twice as long and twice as deep with the deep sleeper's seal.	普通梦境，出现于{value1}。充分休息持续时间变为1.5倍；拥有深眠者印章时，持续时间与效果均翻倍。	普通梦境，出现于{value1}。休息充足持续时间变为1.5倍；拥有深眠者印章时，持续时间与效果均翻倍。
display.35-records-memorial-and-trophy-windows.labels.0199	A weapon out of the night, entered at the Guildhouse as found upon the road, which is a lie everyone agrees to.	一件从夜里带出的武器，在公会馆登记为路上拾得，这个说法得到所有人默认。	一件从夜里带出的武器，在公会馆登记为“路上拾得”——这是人人默认的谎话。
display.35-records-memorial-and-trophy-windows.labels.0202	{tag1}The rate of the descent{tag2}{value0}{tag3}Where your speed comes from{tag4}{value1}{tag5}The chronicle in figures{tag6}{value2}{tag7}The road{tag8}{value3}{tag9}The night{tag10}{value4}	{tag1}下探速度{tag2}{value0}{tag3}速度来源{tag4}{value1}{tag5}纪事统计{tag6}{value2}{tag7}旅途{tag8}{value3}{tag9}夜晚{tag10}{value4}	{tag1}下行速度{tag2}{value0}{tag3}速度来源{tag4}{value1}{tag5}纪事统计{tag6}{value2}{tag7}旅途{tag8}{value3}{tag9}夜晚{tag10}{value4}
display.35-records-memorial-and-trophy-windows.renderChoiceResult.0248	Rolling the die...	正在掷骰...	正在掷骰……
display.35-records-memorial-and-trophy-windows.renderHands.0029	The quartermaster's yard stands open: ask the house for the faces you want, and enter a face standing at its ceiling upon a higher stand, which opens {value1} rungs more.	军需官院已开放：可向公会点名指定帮手，也可为达到当前上限的帮手提升档位，增加{value1}级成长空间。	军需院已开放：可向公会点名指定帮手，也可为达到当前上限的帮手提升档位，增加{value1}级成长空间。
display.35-records-memorial-and-trophy-windows.renderHands.0031	The Barracks at its {value1} stage opens the quartermaster's yard, where hands are asked for by name and entered upon higher stands.	兵营{value1}阶段开放军需官院，可点名召请帮手，提升编制档位。	兵营{value1}阶段开放军需院，可点名召请帮手，提升编制档位。
display.35-records-memorial-and-trophy-windows.renderHands.0033	{value1} of {value2} hands recorded across your chronicles. Each hireling works one passive job and betters at it, rank by rank, and the study is kept upon the Roll: a face takes up in the next chronicle where it left off. Any hand at your side now is marked.{value3}	历次纪事已记录{value1}/{value2}个帮手。每个只从事一项被动工作，效果随等级提高；研习进度保留在名册，下一次纪事接续原有进度。当前随行者已标出。{value3}	历次纪事已记录{value1}/{value2}个帮手。每个帮手只从事一项被动工作，效果随等级提高；研习进度保留在名册，下一部纪事接续原有进度。当前随行者已标出。{value3}
display.35-records-memorial-and-trophy-windows.renderHands.0035	Torchbearers	提火帮手	持炬手
display.35-records-memorial-and-trophy-windows.renderHands.0038	{tag1}{tag2}Rescue Neris aboard the lost cutter in Sea.{tag3}{tag4}{tag5}{tag6}	{tag1}{tag2}在海上模组的失踪快帆船远征中营救奈里斯。{tag3}{tag4}{tag5}{tag6}	{tag1}{tag2}在最后的锚地模组中登上失踪快帆船，营救奈里斯。{tag3}{tag4}{tag5}{tag6}
display.35-records-memorial-and-trophy-windows.renderHands.0040	{tag1}{tag2}{value2}{tag3}{tag4}{tag5}{value3}{value4}{value5}{tag6}{tag7}{value6}{tag8}{tag9}{tag10}{value7}{tag11}{tag12}{tag13}{tag14}Guild note:{tag15} {value8}{tag16}{value9}{value10}{tag17}{tag18}	{tag1}{tag2}{value2}{tag3}{tag4}{tag5}{value3}{value4}{value5}{tag6}{tag7}{value6}{tag8}{tag9}{tag10}{value7}{tag11}{tag12}{tag13}{tag14}公会笔记：{tag15}{value8}{tag16}{value9}{value10}{tag17}{tag18}	{tag1}{tag2}{value2}{tag3}{tag4}{tag5}{value3}{value4}{value5}{tag6}{tag7}{value6}{tag8}{tag9}{tag10}{value7}{tag11}{tag12}{tag13}{tag14}公会注记：{tag15}{value8}{tag16}{value9}{value10}{tag17}{tag18}
display.35-records-memorial-and-trophy-windows.renderLost.0094	The wall keeps the name of every hand the deep has taken and not given back. The Road's seeking seals begin the search: each seal puts a lost party on {value1}% of road legs, with at most {value2} seals. Of every hundred parties found, {value3} have a survivor; that chance rises by a tenth of its current value for every name already struck off. Each hand brought home grants its gift to every chronicle after.	纪念墙记着每个失踪在深处的人。签下旅途分区的寻人封印后，你才会搜寻他们：每道封印使{value1}%的路段出现失踪队伍，最多计入{value2}道封印。每一百支找到的队伍中，有{value3}支仍有幸存者；每救回一人，这个概率便在当前数值上增加一成。救回的人会将恩惠留给此后的每次纪事。	纪念墙记着每个失踪在深处的人。签下旅途分区的寻人封印后，你才会搜寻他们：每道封印使{value1}%的路段出现失踪队伍，最多计入{value2}道封印。每一百支找到的队伍中，有{value3}支仍有幸存者；每救回一人，这个概率便在当前数值上增加一成。救回的人会将恩惠留给此后的每部纪事。
display.35-records-memorial-and-trophy-windows.renderLost.0095	Lost expeditions appear on road legs only after the Road quarter's seeking seals are signed: {value1}% chance per seal, with at most {value2} seals. {value3}% of expeditions have a survivor, multiplied by 1.1 for each one already rescued. A rescued survivor's bonus is permanent and applies to every run.	签下旅途分区的寻人封印后，路段才会出现失踪远征队：每道封印提供{value1}%概率，最多计入{value2}道。{value3}%的队伍有幸存者；每救回一人，此概率乘以1.1。幸存者提供的加成永久保留，对每次纪事生效。	签下旅途分区的寻人封印后，路段才会出现失踪远征队：每道封印提供{value1}%概率，最多计入{value2}道。{value3}%的队伍有幸存者；每救回一人，此概率乘以1.1。幸存者提供的加成永久保留，对每部纪事生效。
display.35-records-memorial-and-trophy-windows.renderStory.0262	Without your standing order, a story choice waits for your answer. Only when the chronicle closes does the Guild take its first road and record the answer below. A full satchel settles a road choice on its first option without recording it.	未开启自动代答时，剧情抉择会等你答复。只有纪事结束时，公会才会选择第一条路，并将答案记在下方。信袋已满时，道路抉择会以第一项解决，不留下记录。	未开启自动代答时，剧情抉择会等你答复。只有纪事结束时，公会才会选择第一条路，并将答案记在下方。信囊已满时，旅途抉择会以第一项解决，不留下记录。
display.35-records-memorial-and-trophy-windows.renderStory.0266	{tag1}Nothing has yet happened upon the road worth the writing. Go down, and the book will fill.{tag2}	{tag1}旅途中还没有值得记下的事。继续下探，书页便会渐渐写满。{tag2}	{tag1}旅途中还没有值得记下的事。继续下行，书页便会渐渐写满。{tag2}
display.35-records-memorial-and-trophy-windows.sendForHelp.0016	The Barracks at its {value1} stage sends for a hand where you stand, without waiting for the next chronicle. This {value2} walks in at rank {value3}, which is where the Roll left it, 	兵营{value1}阶段可直接召请帮手，无需等下一次纪事。该{value2}按名册保留的等级{value3}入队，	兵营{value1}阶段可直接召请帮手，无需等下一部纪事。该{value2}按名册保留的等级{value3}入队，
display.35-records-memorial-and-trophy-windows.standHelp.0002	no stand yet, so it may be raised to rank {value1}	尚未提升上限，最高可达等级{value1}	尚无档位，最高可达等级{value1}
display.35-records-memorial-and-trophy-windows.syncHandsGold.0075	{tag1}Guild note:{tag2} {value0}	{tag1}公会笔记：{tag2}{value0}	{tag1}公会注记：{tag2}{value0}
display.36-charter-window.chartCloseRing.0034	You set the pen to the middle of the wheel and take it round the rim. With one stroke you take {tag1}{value0}{tag2} skills, including "{tag3}{value1}{tag4}" at the middle of the ring.	你把笔尖落在轮心，沿轮缘画过一圈，一笔取得{tag1}{value0}{tag2}项技能，其中包括轮心的"{tag3}{value1}{tag4}"。	你把笔尖落在轮心，沿轮缘画过一圈，一笔取得{tag1}{value0}{tag2}项技能，其中包括轮心的“{tag3}{value1}{tag4}”。
display.36-charter-window.chartInfoHtml.0103	{tag1}An oath already stands, and the Guild allows one to a chronicle.{tag2}	{tag1}已有一项誓言，公会规定每次冒险只许一项。{tag2}	{tag1}已有一项誓言，公会规定每部纪事只许一项。{tag2}
display.36-charter-window.chartInfoHtml.0120	Open, once a point stands to your account.	已有点数即可选取。	有点数入账后即开放。
display.36-charter-window.chartInfoHtml.0125	Open, once a point stands to your account.	已有点数即可选取。	有点数入账后即开放。
display.37-focus-window-and-module-shelf.heroDeed.0079	, having kept the count	，继续守封计数	，已续守计数
display.37-focus-window-and-module-shelf.moduleProgressLine.0081	The module stands open upon the Roll, and its ends are still to be given.	此模组已在荣誉名册中开放，尚未记录结局。	此模组已在名册中开放，尚未记录结局。
display.37-focus-window-and-module-shelf.paintChartAmend.0025	{value1} skill struck and all {value2} points returned. The price is 6,000 gold pieces a rank, and 1.6 times higher after every reset this chronicle. Your first reset in a chronicle is free, taking the pen off a tree the Guild built pays for another, and so does closing an arc. Click twice to confirm.	{value1}技能均会撤回，返还全部{value2}点。基础费用为每级6,000金币，本次冒险每重置一次，费用再乘以1.6。每次冒险的首次重置免费；从公会接过自动分配的技能树，以及完成一个篇章，各增加一次免费机会。点击两次确认。	{value1}技能均会撤回，返还全部{value2}点。基础费用为每级6,000金币，本部纪事每重置一次，费用再乘以1.6。每部纪事的首次重置免费；从公会手中接过其代配的技能树，以及完成一个篇章，各增加一次免费机会。点击两次确认。
display.37-focus-window-and-module-shelf.renderChart.0033	Pick the quarters the Guild spends your points in first. The first one you tick is also the oath it offers you. With nothing ticked it follows your trade's road. It changes nothing you have already taken.	选择公会优先投入点数的分区。第一个勾选的分区也决定将向你提供哪份誓约。未勾选时遵循职业路线。已选择的技能不受影响。	选择公会优先投入点数的分区。第一个勾选的分区也决定将向你提供哪份誓言。未勾选时遵循职业路线。已选择的技能不受影响。
display.37-focus-window-and-module-shelf.renderChart.0038	The Guild picks as the road of your trade runs, and spends every point you hold, while the game keeps running. Stops when no further skills are available. The pen stays yours. Click twice to confirm.	公会按职业路线使用你现有的全部点数，游戏会继续运行。没有可选技能时停止。分配模式仍保持手动。点击两次确认。	公会按职业路线使用你现有的全部点数，游戏会继续运行。没有可选技能时停止。笔仍在你手中。点击两次确认。
display.37-focus-window-and-module-shelf.renderFocus.0002	{tag1}Tick a quarter and the Guild spends your points there first, and offers that quarter's oath.{tag2}{tag3}With nothing ticked it follows your trade's road: {value0}.{tag4}	{tag1}勾选分区后，公会会优先在此使用点数，并向你提供该区的誓约。{tag2}{tag3}未勾选时，将遵循你的职业路线：{value0}。{tag4}	{tag1}勾选分区后，公会会优先在此使用点数，并向你提供该区的誓言。{tag2}{tag3}未勾选时，将遵循你的职业路线：{value0}。{tag4}
display.37-focus-window-and-module-shelf.renderFocus.0005	 (the oath it will offer)	（将提供此区誓约）	（将提供此区誓言）
display.37-focus-window-and-module-shelf.renderModules.0083	{value1} of {value2} modules opened upon the Roll, and {value3} of {value4} ends recorded. A module is one whole adventure; the Roll of Honour, the bestiary and the trophy case are shared by all of them, and an ending is recorded the moment a chronicle gives it.	荣誉名册已开放{value1}/{value2}个模组，记录{value3}/{value4}个结局。每个模组是一场完整冒险，共用荣誉名册、图鉴和陈列柜。冒险抵达结局时，记录即刻写入。	名册已开放{value1}/{value2}个模组，记录{value3}/{value4}个结局。每个模组是一场完整冒险，共用荣誉名册、图鉴和陈列柜。纪事一旦给出结局，即刻记录在册。
display.37-focus-window-and-module-shelf.renderModules.0088	{tag1}{tag2}·{tag3}an ending not yet given{tag4}A place is kept upon the roll, and the label is written in pencil.{tag5}{tag6}	{tag1}{tag2}·{tag3}尚未抵达的结局{tag4}名册上已留出位置，标签用铅笔写着。{tag5}{tag6}	{tag1}{tag2}·{tag3}尚未写定的结局{tag4}名册上已留出位置，标签用铅笔写着。{tag5}{tag6}
display.38-muster-board.collectionRows.0225	This chronicle	本次纪事	本部纪事
display.38-muster-board.collectionRows.0229	Kept upon the Roll, for every chronicle after	留在荣誉名册中，传给此后的每次纪事	留在荣誉名册中，传给此后的每部纪事
display.38-muster-board.collectionRows.0239	Patterns in the armoury book	军械谱中的图样	军械库图鉴中的图样
display.38-muster-board.collectionRows.0241	A pattern is entered at the first copy taken, and the entry stands for every chronicle after.	首次取得某种装备，便将其图样记入谱中，此后的每次纪事均会保留。	首次取得某件装备，其图样便记入图鉴，此后每部纪事均会保留。
display.38-muster-board.collectionRows.0249	Found alive in a lost party on the road, and kept upon the Roll for every chronicle after.	在旅途中失踪的远征队里找到的生还者，永久记入荣誉名册。	在路上寻获的失踪队伍生还者，记入荣誉名册，此后每部纪事均会保留。
display.38-muster-board.labels.0003	A goblin host is out of the birchwood and stands upon the fields north of Mereward. The Guild has called every member above ground to the town wall, and the call takes no account of rank: an hour stood at the wall counts the same for a first-rank enrolment as for a veteran of the Bottom.	一支地精大军走出桦树林，列阵于梅尔沃德以北的田野。公会召集所有尚在地上的成员前往城墙，不论等级：新入会者在墙上守一小时，与巨口最深处归来的老手守一小时，功劳相同。	一支地精大军已出桦树林，列阵于梅尔沃德以北的田野。公会召集所有尚在地面的成员登上城墙，且不论等级：在墙上守一小时，一级新入会者与到过巨口之底的老手记数相同。
display.38-muster-board.musterCall.0057	{value1} It opens {value2}.	{value1}将于{value2}开始。	{value1}集结将于{value2}开始。
display.38-muster-board.musterCall.0061	The Guild stands you down before {value1}	公会在{value1}面前命你撤下	{value1}之前，公会命你撤下
display.38-muster-board.musterNotice.0080	{value1} The descent is untouched by it, and the window will fill itself when the board answers again.	{value1}冒险不受影响。活动板恢复响应后，此窗口会自行显示内容。	{value1}下行不受影响。活动板恢复响应后，此窗口会自行显示内容。
display.38-muster-board.renderCollections.0261	{value1} of {value2} entries filled, across every collection the Guild keeps.	公会全部藏录中，已填入{value1}/{value2}条记录。	公会保存的全部收藏中，已填入{value1}/{value2}条记录。
display.38-muster-board.renderProfile.0197	You stand as {value1} upon the board. {value2} stood in all, across {value3}{value4}, and {value5} of {value6} badges taken. This record is the board's and not the save's: it stands whichever chronicle you are walking, and retirement does not touch it.	你以{value1}之名登上活动榜，累计坚守{value2}，参加过{value3}{value4}，获得{value5}/{value6}枚徽章。这份记录由活动板保存，不随存档转移；无论进行哪场冒险，退休也不会影响它。	你以{value1}之名登上活动榜，累计坚守{value2}，参加过{value3}{value4}，获得{value5}/{value6}枚徽章。这份记录属于活动板而非存档：无论你在进行哪部纪事，它都保留，退休也不会影响它。
display.38-muster-board.showModuleOpen.0266	module	module	模组
display.39-guildhouse-shop-and-feats-panels.addPreparations.0094	{tag1}Preparations for this chronicle{tag2}	{tag1}本次纪事的准备{tag2}	{tag1}本部纪事的准备{tag2}
display.39-guildhouse-shop-and-feats-panels.boonClimbSay.0057	Every boon bought this chronicle raises its own price by a tenth, to ten times over.	本次纪事中，每购买一次增益，它自己的价格便提高一成，最多涨至十倍。	本部纪事中，每购买一次增益，它自己的价格便提高一成，最多涨至十倍。
display.39-guildhouse-shop-and-feats-panels.buy.0070	Appraiser's Favour	鉴定员照顾	鉴定员关照
display.39-guildhouse-shop-and-feats-panels.buy.0073	The Guild fields a recovery party upon your coin, tags, lamps and litter all found, and enters {tag1}one prestige point{tag2} against your name upon the Roll of Honour.	公会用你的钱派出收殓队，身份牌、灯具、担架全部备妥，并在荣誉名册你的名下记入{tag1}1声望点数{tag2}。	公会用你的钱派出搜救队，身份牌、灯具、担架一应备齐，并在荣誉名册你的名下记入{tag1}1点声望{tag2}。
display.39-guildhouse-shop-and-feats-panels.desc.0075	The master-at-arms has taught you everything a chronicle allows.	本次纪事允许的课程，教头已全部教完。	本部纪事允许的课程，教头已全部教完。
display.39-guildhouse-shop-and-feats-panels.desc.0076	Proficiency is at its cap for this chronicle ({value1}).	本次冒险的熟练加值已达上限（{value1}）。	本部纪事的熟练加值已达上限（{value1}）。
display.39-guildhouse-shop-and-feats-panels.desc.0077	+1 to every stroke you make, for the rest of this chronicle. {value1} of {value2} bouts left to you.	此后本次纪事的每次攻击检定+1。还可上{value1}/{value2}堂课。	本部纪事余下的时间里，每次攻击检定+1。尚可讨教{value1}/{value2}场。
display.39-guildhouse-shop-and-feats-panels.desc.0081	The back shelves, where the Guild keeps what the deep has stopped handing up (common and uncommon work only): {value1}, item level {value2}, entered in the armoury book and yours to keep.	后排货架留着地底已不再掉落的装备，仅普通和精良品质：{value1}，物品等级{value2}，将记入军械库图样书，永久归你。	后排货架留着地底已不再掉落的装备，仅普通和精良品质：{value1}，物品等级{value2}，将记入军械库图鉴，永久归你。
display.39-guildhouse-shop-and-feats-panels.desc.0082	Buys one pattern the draw window has left behind (common and uncommon only): {value1}, item level {value2}, entered in the armoury book.	购买一份已低于当前掉落范围的图样，仅限普通和精良：{value1}，物品等级{value2}，记入军械库图样书。	购买一份已低于当前掉落范围的图样，仅限普通和精良：{value1}，物品等级{value2}，记入军械库图鉴。
display.39-guildhouse-shop-and-feats-panels.desc.0083	The back shelves (common and uncommon work only) hold nothing your book does not already carry.	后排货架上的普通与精良装备，你的图样书中已全部收录。	后排货架上的普通与精良装备，你的图鉴中已全部收录。
display.39-guildhouse-shop-and-feats-panels.featOrder.0087	Per the standing order, the house hires {tag1}{value0}{tag2} onto this chronicle, for {value1} gold pieces.	依常设指令，公会馆收取{value1}枚金币，准你在本次纪事使用{tag1}{value0}{tag2}。	依常设指令，公会馆收取{value1}枚金币，准你在本部纪事使用{tag1}{value0}{tag2}。
display.39-guildhouse-shop-and-feats-panels.labels.0068	Appraiser's Favour	鉴定员照顾	鉴定员关照
display.39-guildhouse-shop-and-feats-panels.labels.0071	Endow a recovery party	资助收殓队	资助搜救队
display.39-guildhouse-shop-and-feats-panels.labels.0072	+1 prestige point at once, in full every time. Each party endowed this chronicle raises the next one's price.	立即获得完整的1声望点数。本次纪事中，每次资助都会提高下一队的费用。	立即获得1点声望，每次足额计入。本部纪事中，每资助一队，下一队的费用便会提高。
display.39-guildhouse-shop-and-feats-panels.renderFeats.0039	The house hires {tag1}{value0}{tag2} onto this chronicle, for {value1} gold pieces.	公会馆收取{value1}枚金币，准你在本次纪事使用{tag1}{value0}{tag2}。	公会馆收取{value1}枚金币，准你在本部纪事使用{tag1}{value0}{tag2}。
display.39-guildhouse-shop-and-feats-panels.standingOrder.0086	Per the standing order, Master Pell lays out {value1} gold pieces at the counter and renews the boon.	依长期订单，佩尔先生在柜台付出{value1}枚金币，续购增益。	依常设指令，佩尔先生在柜台付出{value1}枚金币，续购增益。
display.40-calendar-start-and-retire.labels.0064	Retire now and each takes its first option automatically, recorded as the Guild's answer.	现在退休后，各项将自动选择第一项，并记为公会的答复。	若现在退休，各项将自动选择第一项，并记为公会的答复。
display.40-calendar-start-and-retire.labels.0067	Retire now and each of these takes its first option automatically, recorded as the Guild's answer.	现在退休后，这些事件将自动选择第一项，并记为公会的答复。	若现在退休，这些事件将自动选择第一项，并记为公会的答复。
display.40-calendar-start-and-retire.labels.0077	{value1} (Rank {value2}, {value3}) would retire without a pension: the Guild endows no adventurer below the 5th rank. The chronicle closes and the name is entered upon the Roll of Retired Names; achievements, the trophy case and the Guildhouse works are all kept. Reach the 5th rank first, and the same door pays prestige.	{value1}（{value2}级，{value3}）退休将不获声望，公会不向未满5级的冒险者发放退休奖励。纪事会结束，姓名记入退休名册，成就、陈列柜和公会馆设施全部保留。先达到5级，再退休即可获得声望。	{value1}（{value2}级，{value3}）退休将不获声望，公会不向未满5级的冒险者发放退休奖励。纪事会结束，姓名记入退役者名册，成就、陈列柜和公会馆设施全部保留。先达到5级，再退休即可获得声望。
display.40-calendar-start-and-retire.labels.0078	Hang up the sword?	要挂起佩剑吗？	要就此挂剑吗？
display.40-calendar-start-and-retire.labels.0080	You keep the sword, and the Guildmaster nods with quiet approval.	你留下佩剑，公会长点头赞许。	你仍佩着剑，公会长默默点头，面露赞许。
display.40-calendar-start-and-retire.labels.0081	Retire without honours	不获声望地退休	无声望退休
display.40-calendar-start-and-retire.labels.0084	{tag1}{value0}{tag2} retires to the Roll of Retired Names	{tag1}{value0}{tag2}退休，记入退休名册	{tag1}{value0}{tag2}退休，记入退役者名册
display.40-calendar-start-and-retire.labels.0085	The Guild endows a descent, and this one has not made one yet: every line of the pension but the deep itself is paid at the share of the deep you walked, and the rim is no share at all.	公会按下行的深度发放退休奖励，而这次冒险尚未深入。除深度本身的奖励外，每一项都按已走过的比例支付，停在入口没有份额。	公会的退休奖励是按下行发放的，而这次冒险尚未真正下行：除深度一项外，其余各项都按你走过的深度比例支付，停在井口则不计份额。
display.40-calendar-start-and-retire.labels.0086	The pension scales with the depth reached: rank, bosses, gold and the rest all pay in proportion to how far down you got, and Arc I is the doorstep.	退休奖励随抵达的深度缩放。等级、首领、金币等各项均按下行进度支付，第一篇章仍属入口。	退休奖励按抵达的深度折算：等级、首领、金币等各项均按你下行的深度比例支付，第I篇章只算门槛。
display.40-calendar-start-and-retire.labels.0096	This chronicle closes; achievements, the trophy case and the Guildhouse works are all kept.	本次纪事将结束，成就、陈列柜和公会馆设施全部保留。	本部纪事将结束，成就、陈列柜和公会馆设施全部保留。
display.40-calendar-start-and-retire.labels.0108	Hang up the sword?	要挂起佩剑吗？	要就此挂剑吗？
display.40-calendar-start-and-retire.labels.0112	You keep the sword, and the Guildmaster nods with quiet approval.	你留下佩剑，公会长点头赞许。	你仍佩着剑，公会长默默点头，面露赞许。
display.40-calendar-start-and-retire.pensionLedger.0053	capstones felled	击败的关底强敌	击败的关底首领
display.40-calendar-start-and-retire.renderCalendar.0023	The hall keeps {value1} today. Next after it comes {value2}, upon {value3}.	今天是公会的{value1}。下一个节日是{value2}，在{value3}。	今天是公会的{value1}。其后是{value3}的{value2}。
display.40-calendar-start-and-retire.renderCalendar.0024	The next day the Guild keeps is {value1}, upon {value2}.	公会的下一个节日是{value1}，在{value2}。	公会的下一个节日是{value2}的{value1}。
display.40-calendar-start-and-retire.startGame.0040	A fresh chronicle is ruled in the Guild's books: one adventurer, one chronicle. When it closes, your prestige, achievements, the trophy case and the Guildhouse works all stand for every chronicle after.	公会为你另起一部纪事，一位冒险者对应一部。结束后，声望、成就、陈列柜和公会馆设施都将保留给此后的冒险者。	公会账簿上新开一部纪事：一位冒险者，一部纪事。纪事结束后，声望、成就、陈列柜和公会馆设施都将留存，惠及此后每一部纪事。
display.40-calendar-start-and-retire.startGame.0042	The gift of your folk: {value1} The gift of your trade: {value2}{value3}	族裔天赋：{value1}职业天赋：{value2}{value3}	种族天赋：{value1}职业天赋：{value2}{value3}
display.40-calendar-start-and-retire.startGame.0047	The Guild library provides {value1} plates for your bestiary, copied fair before the descent begins.	公会图书馆在冒险开始前为你的图鉴誊好了{value1}张图版。	下行开始前，公会图书馆已为你的图鉴誊清{value1}张图版。
display.41-layout.labels.0015	Guild Noticeboard	公会告示板	公会布告板
display.41-menus-options-and-strip.help.0045	One choice at ranks 5, 11, 20 and 30, kept for the rest of the chronicle. Each offers the arm, the body or the well; the box says who takes it.	在5、11、20和30级各做一次选择，持续本次冒险。每次可选臂力、体魄或法力泉；复选框决定由谁选择。	在5、11、20和30级各做一次选择，本部纪事内始终有效。每次可选臂力、体魄或法力泉；复选框决定由谁选择。
display.41-menus-options-and-strip.help.0046	One choice at ranks 5, 11, 20 and 30, kept for the rest of the run. Each offers Damage, Toughness or MP; the box says who takes it.	在5、11、20和30级各做一次选择，持续本次冒险。每次可选伤害、坚韧或MP；复选框决定由谁选择。	在5、11、20和30级各做一次选择，本次冒险内始终有效。每次可选伤害、坚韧或MP；复选框决定由谁选择。
display.41-menus-options-and-strip.labels.0002	Sends the window down to the taskbar. The descent carries on regardless. Fold, on the menu bar, sets the chronicle in the corner of the screen instead, where it can be watched.	将窗口缩至任务栏，冒险仍会继续。菜单栏的「折叠」则将纪事缩成屏幕角落的小条，方便随时查看。	将窗口收至任务栏，下行照常继续。若想随时看着纪事，可改用菜单栏的「折叠」，把纪事收到屏幕一角。
display.41-menus-options-and-strip.orderHelp.0085	Ticked, the Guild answers each road decision at once, taking the first offered road, which asks no check. If the Safe Road feat is equipped, its bonus applies. This commission is separate from the Auto/Manual master setting and waits for your order.	勾选后，公会会立即替你回答每个路途抉择，始终选择不需检定的第一个选项。装备"安全道路"专长时，其加成才会生效。这项委托独立于自动/手动总开关，须由你下令启用。	勾选后，公会会立即替你回答每个路途抉择，始终选择不需检定的第一个选项。若装备了「安全的道路」专长，其加成照常生效。这项委托独立于自动/手动总开关，须由你下令启用。
display.41-menus-options-and-strip.setupShow.0013	Next	下一项	下一步
display.41-menus-options-and-strip.wolfGift.0139	The counter is shut and the lamp is out, and Master Pell fetches a thing up from under it without a word written anywhere: {tag1}{value1}{tag2}. He says the name you gave him is a name he has not heard since before the Guild kept a roll, and asks that you do not say it again.	柜台已经关张，灯也熄了。佩尔先生从台下取出{tag1}{value1}{tag2}，没有在任何册子上留下字迹。他说，自公会尚未设立名册的年代以来，就再没听过你报出的那个名字。他请你别再说第二遍。	柜台已经打烊，灯也熄了。佩尔先生从柜台底下取出一样东西，不在任何册子上记下一笔：{tag1}{value1}{tag2}。他说，你报出的那个名字，他上一次听到还是在公会立名册之前，并请你别再说出口。
display.42-save-load-and-migrations.labels.0054	Copy this code somewhere safe and paste it into Import Save to resume. If the code is too long for your browser to copy, Download writes it out to a file instead. The browser keeps its own copy, but a code written out on paper outlasts any machine. Time passes in the deep while you are away, and the Guild keeps the account of it.	请将这段代码保存在安全的地方，之后粘贴至「导入存档」即可继续。如果代码太长，浏览器无法复制，可选择「下载」保存为文件。浏览器也会自动保存一份，但另存副本能在更换设备后保留进度。离开期间地城中的时间仍会流逝，游戏会结算离线进度。	请将这段代码保存在安全的地方，之后粘贴至「导入存档」即可继续。如果代码太长，浏览器无法复制，可选择「下载」保存为文件。浏览器也会自存一份，但抄在纸上的代码比任何机器都长久。你离开期间，地下的时间照常流逝，公会会替你记账。
display.42-save-load-and-migrations.restoreChronicle.0018	{tag1}The Warden's Papers are re-cut:{tag2} the line ran to {value0} further sets and now runs to {value1}, so {value2} feats is all any papers hold. {value3}Open {tag3}Feats{tag4} (menu) to choose which {value4} you carry.	{tag1}守卫者文书已调整：{tag2}原先可增加{value0}份，现在可增加{value1}份，专长栏位上限因此为{value2}。{value3}打开菜单中的{tag3}专长{tag4}，选择随身携带的{value4}项。	{tag1}守卫文书已调整：{tag2}原先可增加{value0}份，现在可增加{value1}份，专长栏位上限因此为{value2}。{value3}打开菜单中的{tag3}专长{tag4}，选择随身携带的{value4}项。
display.42-save-load-and-migrations.restoreChronicle.0021	{value1} prestige {value2} returned to your account for the sets that came off. 	取消的文书份数已返还{value1}{value2}声望。	撤下的几份文书已返还{value1}{value2}声望。
display.42-save-load-and-migrations.restoreChronicle.0025	{tag1}Pets are re-cut:{tag2} the housebroken chest grew one pack slot per 10,000 commons to a cap of 50, and now climbs the same 20 levels every pet climbs, at +1 pack slot a level. Your chest keeps everything it has eaten. Open {tag3}Pets{tag4} (menu) to read where it stands.	{tag1}宠物已调整：{tag2}驯化宝箱原先每吃10,000件普通物品增加1格背包，最多50格；现在改为与其他宠物相同的20级成长，每级+1格。它吃过的全部食物仍保留。打开菜单中的{tag3}宠物{tag4}可查看当前进度。	{tag1}宠物已调整：{tag2}驯顺的宝箱原先每吃10,000件普通物品增加1格背包，最多50格；现在改为与其他宠物相同的20级成长，每级+1格。它已吃下的东西全部保留。打开菜单中的{tag3}宠物{tag4}可查看当前进度。
display.42-save-load-and-migrations.restoreChronicle.0031	{tag1}The Guild settles an old account.{tag2} The first reset of your skills is free in every chronicle now, and yours was enrolled before that was so. The Guild owes you {value0}{value1}, to be taken whenever you choose, at {tag3}Skills{tag4} (menu).	{tag1}公会结清了一笔旧账。{tag2}现在每次冒险的首次技能重置免费，而你的冒险开始于此规则之前。你因此获得{value0}{value1}，可随时在菜单中的{tag3}技能{tag4}使用。	{tag1}公会结清了一笔旧账。{tag2}现在每部纪事的首次技能重置免费，而你登记在此规则之前。公会欠你{value0}{value1}，可随时在菜单中的{tag3}技能{tag4}领取。
display.42-save-load-and-migrations.restoreChronicle.0036	The court stands adjourned while the Guild charts the elder stair below the hoard: you are posted to the Undergate, first floor of {value1}. Every season concluded and every record set stays entered, and the court resumes past the new floors.	公会正在勘测宝藏下方的古老阶梯，庭议暂时休会。你被调至{value1}的第一层深层之门。已完成的庭议季次和全部纪录保留，新楼层之后将恢复庭议。	公会正在勘测宝藏下方的古老阶梯，庭议暂时休会。你被调往深门，即{value1}的第一层。已完成的庭议季次和全部纪录保留，新楼层之后将恢复庭议。
display.42-save-load-and-migrations.restoreChronicle.0037	The court stands adjourned while the Guild charts the halls below the quarry: you are posted to the Counterfeit Town, first hall of {value1}. Every season concluded and every record set stays entered, and the court resumes past the new halls.	公会正在勘测采石场下方的厅室，庭议暂时休会。你被调至{value1}的第一厅仿造镇。已完成的庭议季次和全部纪录保留，新厅室之后将恢复庭议。	公会正在勘测采石场下方的厅室，庭议暂时休会。你被调往仿造镇，即{value1}的第一厅。已完成的庭议季次和全部纪录保留，新厅室之后将恢复庭议。
display.42-save-load-and-migrations.restoreChronicle.0038	The court stands adjourned while the Guild charts the offices below it: you are posted to the Adjournment, first floor of {value1}. Every season concluded and every record set stays entered, and the court resumes past the new floors.	公会正在勘测巫妖宫廷下方的各间署室，庭议暂时休会。你被调至{value1}的第一层休庭厅。已完成的庭议季次和全部纪录保留，新楼层之后将恢复庭议。	公会正在勘测巫妖宫廷下方的各间署室，庭议暂时休会。你被调往休庭厅，即{value1}的第一层。已完成的庭议季次和全部纪录保留，新楼层之后将恢复庭议。
display.42-save-load-and-migrations.restoreChronicle.0039	The court stands adjourned while the Guild charts the deep below the last door: you are posted to the Broken Seal, first floor of {value1}. Every season concluded and every record set stays entered, and the seasons resume past the new floors.	公会正在勘测最后一道门下方的深处，庭议暂时休会。你被调至{value1}的第一层破碎封印。已完成的庭议季次和全部纪录保留，新楼层之后将恢复庭议季次循环。	公会正在勘测最后一道门下方的深处，庭议暂时休会。你被调往破碎封印，即{value1}的第一层。已完成的庭议季次和全部纪录保留，新楼层之后将恢复庭议季次循环。
display.42-save-load-and-migrations.restoreChronicle.0041	The Guild strikes the workings of magic from your papers, for your trade keeps no spellbook. In their place stand the knacks of your calling, learned the hard way and set down at the degree your spells had reached.	你的职业不使用法术书，公会因此撤下档案中的魔法，改记苦练而成的职业战技。各项阶位与原先法术相同。	你的职业不备法术书，公会遂将档案中的术法划去，改记本行苦练而得的技艺，阶位按你法术原已达到的等级登记。
display.42-save-load-and-migrations.restoreChronicle.0042	The clerk of the Roll strikes {tag1}{value0}{tag2} from your papers: the pattern was entered against a door that was never yours, and the Guild will not stand behind it. You are issued plain steel in its place, and the next thing the deep gives up is better.	名册书记从你的档案中撤下{tag1}{value0}{tag2}：这个样式被误记在了不属于你的来源之下，公会无法认定。你获得一件普通钢制品代用，后续探索可找到更好的装备。	名册书记从你的档案中划去{tag1}{value0}{tag2}：此图样登记在一扇从不属于你的门下，公会不予担保。现发给你一件普通钢制品顶替，地下交出的下一件东西会更好。
display.42-save-load-and-migrations.restoreChronicle.0047	{tag1}The Guild has hung a new chart upon the Guildhouse wall: a skill tree with {value0} skills.{tag2} Your descent is reckoned against it and {value1} points stand to your account, for the ranks attained, the capstones felled and the beasts studied. Open {tag3}Skills{tag4} (menu) to spend them yourself, or leave the pen to the Guild, which will pick for you.	{tag1}公会馆墙上挂起了新的宪章，共有{value0}项技能。{tag2}根据你已获得的等级、击败的关底强敌和研习的怪物，已补记{value1}点技能点。打开菜单中的{tag3}技能{tag4}可亲自分配，也可以交给公会代选。	{tag1}公会馆墙上挂出一张新图：一棵共{value0}项技能的技能树。{tag2}你的下行已照此重新核算，按所得等级、所斩关底首领与所研习的怪物，你名下记有{value1}点。打开菜单中的{tag3}技能{tag4}可亲自分配，也可以把笔交给公会，由公会代选。
display.43-boot-and-wiring.labels.0004	That chronicle belongs to the full game. The demo cannot hold it.	这份纪事来自完整版，试玩版无法载入。	这部纪事来自完整版，试玩版无法载入。
display.43-boot-and-wiring.labels.0005	That chronicle was written in the demo. The full Chronicle keeps its own books.	这份纪事来自试玩版，完整版使用独立的纪事。	这部纪事写于试玩版，完整版另有自己的账簿。
display.44-fyrbal-minigame.fyrDrawDead.0034	[SPACE] AGAIN   [S] SHOPPE	[SPACE] 再来一局   [S] 商店	[SPACE] 再来一局   [S] 小店
display.44-fyrbal-minigame.fyrDrawShoppe.0035	EMBER SHOPPE	余烬商店	余烬小店
display.44-fyrbal-minigame.fyrDrawTitle.0026	[S] EMBER SHOPPE	[S] 余烬商店	[S] 余烬小店
display.44-fyrbal-minigame.fyrShoppe.0045	shoppe	商店	小店
display.44-fyrbal-minigame.fyrbalFound.0046	After hours, somebody in the guild hall has left a game running upon the clerk's machine: a black screen, a wizard, and a fireball that wants keeping up. It stands under {tag1}Extras{tag2} upon the menu bar, and it will stand there for every chronicle you sign after this one.	公会下班后，有人在文书的电脑上留着一局游戏：黑色的屏幕上，一个法师施放火球，你得让它保持飞行。游戏位于菜单栏的{tag1}额外内容{tag2}中，此后的每份纪事都能打开它。	散场之后，公会馆里有人在书记的机器上留了一局游戏没关：黑屏、一名法师，还有一颗得一直托在空中的火球。它列在菜单栏的{tag1}额外内容{tag2}下，此后你签下的每部纪事里都会留着。
display.44-fyrbal-minigame.fyrbalFound.0047	{tag1}Extras:{tag2} The Guild, After Hours	{tag1}额外内容：{tag2}公会下班后	{tag1}额外内容：{tag2}公会散场之后
display.layout.height	{height} px	{height} px	{height}像素
display.muster.plateLoading	the plate is on its way	插图尚待补齐	插图送来途中
display.muster.voice.025	{n} pulls a fallen member out from under the press.	{n}从拥挤的人群下拖出一名倒下的成员。	{n}从混战的人堆下拖出一名倒下的成员。
display.muster.voice.026	{n} holds the left while the line comes round the chief.	{n}守住左翼，队列从两侧围向酋长。	{n}守住左翼，战线向酋长合围。
display.retire.gold.world	{"one":"Your purse holds {purse} gold pieces, and no purse is carried out of a chronicle: what the Guildhouse is not endowed with goes with the name. {count} work has a stage this purse would pay for, and what is endowed there stands for every chronicle after.","other":"Your purse holds {purse} gold pieces, and no purse is carried out of a chronicle: what the Guildhouse is not endowed with goes with the name. {count} works have a stage this purse would pay for, and what is endowed there stands for every chronicle after."}	{"other":"你的钱袋里有{purse}枚金币。钱袋无法带出这份纪事，未投入公会馆的金币会随冒险者退休而散去。眼下有{count}项设施的下一阶段是你付得起的，捐建后的成果会保留到今后的每份纪事。"}	{"other":"你的钱袋里有{purse}枚金币。钱袋无法带出这部纪事，未投入公会馆的金币会随冒险者退休而散去。眼下有{count}项设施的下一阶段是你付得起的，捐建后的成果会保留到今后的每部纪事。"}
display.school.intro.crit.cantrip	A cantrip of the stroke. When it fires upon a kill, the stroke goes true: half again the experience, a second trophy, and 35% more descent credit.	一道破绽一击戏法。击杀时触发，使一击正中要害：经验增加一半，多得一份战利品，深入进度额外增加35%。	一道破绽一击戏法。击杀时触发，使一击正中要害：经验增加一半，多得一份战利品，下行进度额外增加35%。
display.school.intro.crit.trick	A trick of the stroke. When it fires upon a kill, the stroke goes true: half again the experience, a second trophy, and 35% more descent credit.	一门破绽一击技巧。击杀时触发，使一击正中要害：经验增加一半，多得一份战利品，深入进度额外增加35%。	一门破绽一击技巧。击杀时触发，使一击正中要害：经验增加一半，多得一份战利品，下行进度额外增加35%。
display.school.intro.fury.cantrip	A cantrip of fury, the martial trades' alone, that no spell can match. When it fires upon a kill it stokes a battle-fury, +{value}% speed the stack to {FURY_MAX}, and every kill while it burns feeds it higher; a wound that carries you below half your HP breaks the rush and scatters it whole.	一道狂怒戏法。这是武技职业独有的本领。击杀时触发便会燃起战意，每层增加{value}%速度，最多{FURY_MAX}层。战意未熄时，每次击杀都会再添一层；受伤使生命低于一半时，战意会全部消散。	一道狂怒戏法，唯武技职业独有，任何法术都比不上。击杀时触发便会燃起战意，每层增加{value}%速度，最多{FURY_MAX}层；战意未熄时，每次击杀都会再添一层。受伤使生命低于一半时，冲劲即断，战意全部消散。
display.school.intro.fury.trick	A trick of fury, the martial trades' alone, that no spell can match. When it fires upon a kill it stokes a battle-fury, +{value}% speed the stack to {FURY_MAX}, and every kill while it burns feeds it higher; a wound that carries you below half your HP breaks the rush and scatters it whole.	一门狂怒技巧。这是武技职业独有的本领。击杀时触发便会燃起战意，每层增加{value}%速度，最多{FURY_MAX}层。战意未熄时，每次击杀都会再添一层；受伤使生命低于一半时，战意会全部消散。	一门狂怒技巧，唯武技职业独有，任何法术都比不上。击杀时触发便会燃起战意，每层增加{value}%速度，最多{FURY_MAX}层；战意未熄时，每次击杀都会再添一层。受伤使生命低于一半时，冲劲即断，战意全部消散。
display.school.intro.sight.cantrip	A cantrip of seeing. When it fires as a hunt begins, the way to the beast stands lit, and the hunt runs a fifth shorter.	一道洞察戏法。狩猎开始时触发，会照明通往野兽的道路，使狩猎耗时缩短五分之一。	一道洞察戏法。狩猎开始时触发，通往野兽之路随之照亮，狩猎耗时缩短五分之一。
display.school.intro.sight.trick	A trick of seeing. When it fires as a hunt begins, the way to the beast stands lit, and the hunt runs a fifth shorter.	一门洞察技巧。狩猎开始时触发，会照明通往野兽的道路，使狩猎耗时缩短五分之一。	一门洞察技巧。狩猎开始时触发，通往野兽之路随之照亮，狩猎耗时缩短五分之一。
display.school.intro.ward.cantrip	A cantrip of warding. When it fires as a beast's stroke lands, a fifth of the wound is turned aside; when it fires as a capstone takes its toll, a fifth of that toll goes likewise.	一道护佑戏法。怪物攻击命中时触发，可挡下五分之一的伤害；关底强敌造成伤害时触发，也能抵去五分之一。	一道护佑戏法。怪物攻击命中时触发，可挡下五分之一的伤害；关底首领造成伤害时触发，也能抵去五分之一。
display.school.intro.ward.trick	A trick of warding. When it fires as a beast's stroke lands, a fifth of the wound is turned aside; when it fires as a capstone takes its toll, a fifth of that toll goes likewise.	一门护佑技巧。怪物攻击命中时触发，可挡下五分之一的伤害；关底强敌造成伤害时触发，也能抵去五分之一。	一门护佑技巧。怪物攻击命中时触发，可挡下五分之一的伤害；关底首领造成伤害时触发，也能抵去五分之一。
display.static.attribute.0001	Prestige points are earned by retiring adventurers and spent on permanent upgrades that stand for every chronicle after. The Roll also keeps a lifetime tally of points earned, and Guild titles are entered at fixed marks upon it, each +3% speed for good.	冒险者退休时可获得声望点数，用于购买对以后每份纪事生效的永久升级。荣誉名册也会记录历来获得的点数总额；达到指定数额便授予公会头衔，每个头衔永久增加3%速度。	冒险者退休时可获得声望点数，用于购买对以后每部纪事生效的永久升级。名册也会记录历来获得的点数总额；达到指定数额便授予公会头衔，每个头衔永久增加3%速度。
display.static.attribute.0016	The Guild's book of notices: the moments worth keeping across every chronicle, newest first, twenty kept and the oldest let go. The count upon the bell is those not yet read; opening the book marks them read.	公会的通知簿，保留值得传给后世的时刻，最新的列在前面。最多保留二十条，超出时移除最旧的。铃铛上的数字表示未读条目数，打开通知簿便会标为已读。	公会的通知簿，记下历份纪事中值得留存的时刻，最新的在前，只存二十条，最旧的随之删去。铃铛上的数字是未读条数，打开通知簿即标为已读。
display.static.attribute.0018	The mark of your calling, cut for the rolls in the ink the Guild gives that trade. It stands beside the beast's own plate in the folded strip.	公会以各职业专用的墨色绘制的标志。在折叠后的悬浮条中，它列在怪物画像旁。	你本行的标志，按公会给该职业定的墨色刻入名册。折叠为悬浮条时，它立在怪物画像旁。
display.static.attribute.0022	The well your workings draw upon. Each firing spends 1 MP. A word spends three and is spoken once a fight. The well refills over about eight minutes. A breath gives back a point for every five of INT.	施展能力所需的法力。每次能力触发消耗1 MP，真言消耗3 MP，每场战斗使用一次。法力约八分钟回满。短休时，每5点智力回复1 MP。	你的术法所汲取的法力之泉。术法每次触发消耗1 MP；真言消耗3 MP，每场战斗念诵一次。法力泉约八分钟回满。短休时，每5点智力回复1 MP。
display.static.attribute.0028	The Guild sends a hand down with you on the first climb to market: a beast of burden, a torchbearer, or an apprentice of the Guild school. It works one passive job and betters at it, rank by rank. Rest the pointer on the panel for its exact figures. Click the name to fold the panel away.	首次返回集市时，公会会派帮手与你同行：驮兽、持炬者或公会学徒。帮手承担一项被动工作，随着等级提高而愈加熟练。将指针停在面板上可查看具体数值。点击名称可折叠面板。	首次返回集市时，公会会派帮手与你同行：驮兽、持炬者或公会学堂的学徒。帮手承担一项被动工作，随着等级提高而愈加熟练。将指针停在面板上可查看具体数值。点击名称可折叠面板。
display.static.attribute.0041	Click to open it. Points come as you rank up, and the Guild spends them for you unless you take the pen.	点击打开。升级可获得点数，默认由公会分配；你也可以收回执笔权。	点击打开。升级时获得点数，由公会代为分配，除非你亲自执笔。
display.static.attribute.0049	Elapsed time for this chronicle. The calendar shows the date in the game world.	本份纪事已持续的时间。历法显示游戏世界中的日期。	本部纪事已持续的时间。历法显示游戏世界中的日期。
display.static.attribute.0055	Opens and shuts the forge beside the book. The smith raises the register's own copy of a pattern one rung at a time, and the work is kept for every chronicle after.	打开或收起簿册旁的锻炉。铁匠逐级提升登记册中的装备版本，成果会保留到今后的每份纪事。	打开或收起簿册旁的锻炉。铁匠将登记册所存的图样逐级提升，成果会保留到今后的每部纪事。
display.static.attribute.0068	Takes the answers as they stand and closes the sheet. Every answer can be changed later, in Options.	确认当前回答并关闭此页。以后可在选项中更改每项设置。	确认当前回答并关闭此页。每项回答日后都可在选项中更改。
display.static.body.0013	Descent	深入地下	下行
display.static.body.0014	Guild Noticeboard	公会告示板	公会布告板
display.static.body.0027	Choose a pattern in the book, and the smith will look at it.	在簿册中选择一件装备，铁匠便会查看它。	在簿册中选择一份图样，铁匠便会过目。
display.static.body.0080	The Guild calls a muster	公会召集成员	公会发起集结
display.static.body.0091	). A zero-player role-playing game in the manner of 	）。一款无人操作的角色扮演游戏，借鉴了	）。一款零玩家角色扮演游戏，借鉴了
display.static.body.0093	. The adventure conducts itself from enrolment to the wyrm at the bottom; the player keeps the chronicle and watches the descent unfold.	的玩法。冒险从登记入会开始，自行推进，直至地下最深处的巨龙。玩家保留纪事，看着这段深入地下的旅程展开。	的玩法。冒险从登记入会起自行推进，直抵底下的巨龙；玩家执掌纪事，静观下行展开。
display.static.body.0101	\n          A LilChill Games chronicle.	\n          LilChill Games出品。	\n          LilChill Games纪事一部。
display.static.body.0105	, by Eric Fredricksen, master of the form.	启发，原作为Eric Fredricksen创作。	启发，原作者为此类游戏的宗师Eric Fredricksen。
display.static.body.0109	\n          under the licences below. Every plate is drawn by a hand.	\n          依据下方列出的许可使用。每幅图均为手绘。	\n          依据下方列出的许可使用。每幅图均出自人手。
display.static.body.0113	\n          the plates of the hands taken on, the marks upon the wall of	\n          帮手插图、大宪章墙上的标记	\n          帮手插图、长宪章墙上的标记
display.static.body.0119	\n          Holloway 	\n          Holloway 	\n          霍洛威 
display.static.body.0120	 Sons keep the forge.	 Sons经营锻炉。	 父子铺照看锻炉。
display.static.body.0159	Requires the Minstrel's Fee. This choice is kept while music is off.	需要支付乐师酬金。音乐关闭期间会保留此选择。	需要「乐师的报酬」。音乐关闭期间仍保留此选择。
equipment.grammar.item.a.tarn.soaked.mantle.dative	a tarn-soaked mantle	湖水浸透的披风	潭水浸透的披风
equipment.grammar.item.a.tarn.soaked.mantle.instrumental	a tarn-soaked mantle	湖水浸透的披风	潭水浸透的披风
equipment.grammar.item.a.tarn.soaked.mantle.locative	a tarn-soaked mantle	湖水浸透的披风	潭水浸透的披风
equipment.grammar.item.a.tarn.soaked.mantle.vocative	a tarn-soaked mantle	湖水浸透的披风	潭水浸透的披风
equipment.grammar.item.animated.shield.dative	animated shield	舞动盾	活化盾
equipment.grammar.item.animated.shield.instrumental	animated shield	舞动盾	活化盾
equipment.grammar.item.animated.shield.locative	animated shield	舞动盾	活化盾
equipment.grammar.item.animated.shield.vocative	animated shield	舞动盾	活化盾
equipment.grammar.item.corvane.s.own.cuirass.dative	Corvane's Own Cuirass	科尔文的亲身胸铠	科尔文的贴身胸铠
equipment.grammar.item.corvane.s.own.cuirass.instrumental	Corvane's Own Cuirass	科尔文的亲身胸铠	科尔文的贴身胸铠
equipment.grammar.item.corvane.s.own.cuirass.locative	Corvane's Own Cuirass	科尔文的亲身胸铠	科尔文的贴身胸铠
equipment.grammar.item.corvane.s.own.cuirass.vocative	Corvane's Own Cuirass	科尔文的亲身胸铠	科尔文的贴身胸铠
equipment.grammar.item.silvered.walking.stave.dative	silvered walking stave	镀银步行杖	镀银手杖
equipment.grammar.item.silvered.walking.stave.instrumental	silvered walking stave	镀银步行杖	镀银手杖
equipment.grammar.item.silvered.walking.stave.locative	silvered walking stave	镀银步行杖	镀银手杖
equipment.grammar.item.silvered.walking.stave.vocative	silvered walking stave	镀银步行杖	镀银手杖
equipment.grammar.item.the.guildmaster.s.commendation.dative	The Guildmaster's Commendation	公会会长的嘉奖	公会长的嘉奖
equipment.grammar.item.the.guildmaster.s.commendation.instrumental	The Guildmaster's Commendation	公会会长的嘉奖	公会长的嘉奖
equipment.grammar.item.the.guildmaster.s.commendation.locative	The Guildmaster's Commendation	公会会长的嘉奖	公会长的嘉奖
equipment.grammar.item.the.guildmaster.s.commendation.vocative	The Guildmaster's Commendation	公会会长的嘉奖	公会长的嘉奖
equipment.grammar.item.the.tarnwood.stave.dative	the tarnwood stave	湖木长杖	潭木长杖
equipment.grammar.item.the.tarnwood.stave.instrumental	the tarnwood stave	湖木长杖	潭木长杖
equipment.grammar.item.the.tarnwood.stave.locative	the tarnwood stave	湖木长杖	潭木长杖
equipment.grammar.item.the.tarnwood.stave.vocative	the tarnwood stave	湖木长杖	潭木长杖
equipment.grammar.item.the.warden.s.own.shield.dative	the warden's own shield	首任守卫的盾牌	守封者亲持的盾牌
equipment.grammar.item.the.warden.s.own.shield.instrumental	the warden's own shield	首任守卫的盾牌	守封者亲持的盾牌
equipment.grammar.item.the.warden.s.own.shield.locative	the warden's own shield	首任守卫的盾牌	守封者亲持的盾牌
equipment.grammar.item.the.warden.s.own.shield.vocative	the warden's own shield	首任守卫的盾牌	守封者亲持的盾牌
equipment.grammar.item.vicious.felling.axe.dative	vicious felling axe	凶厉伐木斧	凶厉伐木巨斧
equipment.grammar.item.vicious.felling.axe.instrumental	vicious felling axe	凶厉伐木斧	凶厉伐木巨斧
equipment.grammar.item.vicious.felling.axe.locative	vicious felling axe	凶厉伐木斧	凶厉伐木巨斧
equipment.grammar.item.vicious.felling.axe.vocative	vicious felling axe	凶厉伐木斧	凶厉伐木巨斧
event.profile.summary	{"one":"You stand as {name} upon the board. {standing} stood in all, across {number} event, and {had} of {all} badges taken. This record is the board's and not the save's: it stands whichever chronicle you are walking, and retirement does not touch it.","other":"You stand as {name} upon the board. {standing} stood in all, across {number} events, and {had} of {all} badges taken. This record is the board's and not the save's: it stands whichever chronicle you are walking, and retirement does not touch it."}	{"other":"你以{name}之名登上活动榜，参加过{number}场活动，累计坚守{standing}，获得{had}/{all}枚徽章。这份记录由活动板保存，不随存档转移；无论进行哪场冒险，退休也不会影响它。"}	{"other":"你以{name}之名登上活动板，参加过{number}场活动，累计坚守{standing}，获得{had}/{all}枚徽章。这份记录归活动板所有，不属于存档：无论你在走哪部纪事，它都作数，退休也不会动它。"}
glossary.heading.plain.capstone	Boss (a capstone)	首领（关底强敌）	首领（关底首领）
glossary.heading.plain.working	Ability (a working)	能力（一门本领）	能力（一道术法）
glossary.heading.world.capstone	A capstone (boss)	关底强敌（首领）	关底首领（首领）
glossary.heading.world.working	A working (ability)	一门本领（能力）	一道术法（能力）
grammar.hireling.navigator.of.the.lost.cutter.accusative	navigator of the lost cutter	失踪快艇的领航员	失踪快帆船的领航员
grammar.hireling.navigator.of.the.lost.cutter.genitive	navigator of the lost cutter	失踪快艇的领航员	失踪快帆船的领航员
grammar.item.a.tarn.soaked.mantle.accusative	a tarn-soaked mantle	湖水浸透的披风	潭水浸透的披风
grammar.item.a.tarn.soaked.mantle.genitive	a tarn-soaked mantle	湖水浸透的披风	潭水浸透的披风
grammar.item.animated.shield.accusative	animated shield	舞动盾	活化盾
grammar.item.animated.shield.genitive	animated shield	舞动盾	活化盾
grammar.item.corvane.s.own.cuirass.accusative	Corvane's Own Cuirass	科尔文的亲身胸铠	科尔文的贴身胸铠
grammar.item.corvane.s.own.cuirass.genitive	Corvane's Own Cuirass	科尔文的亲身胸铠	科尔文的贴身胸铠
grammar.item.silvered.walking.stave.accusative	silvered walking stave	镀银步行杖	镀银手杖
grammar.item.silvered.walking.stave.genitive	silvered walking stave	镀银步行杖	镀银手杖
grammar.item.the.guildmaster.s.commendation.accusative	The Guildmaster's Commendation	公会会长的嘉奖	公会长的嘉奖
grammar.item.the.guildmaster.s.commendation.genitive	The Guildmaster's Commendation	公会会长的嘉奖	公会长的嘉奖
grammar.item.the.tarnwood.stave.accusative	the tarnwood stave	湖木长杖	潭木长杖
grammar.item.the.tarnwood.stave.genitive	the tarnwood stave	湖木长杖	潭木长杖
grammar.item.the.warden.s.own.shield.accusative	the warden's own shield	首任守卫的盾牌	守封者亲持的盾牌
grammar.item.the.warden.s.own.shield.genitive	the warden's own shield	首任守卫的盾牌	守封者亲持的盾牌
grammar.item.vicious.felling.axe.accusative	vicious felling axe	凶厉伐木斧	凶厉伐木巨斧
grammar.item.vicious.felling.axe.genitive	vicious felling axe	凶厉伐木斧	凶厉伐木巨斧
grammar.monster.anchorite.accusative	anchorite	锚系苦修者	隐修者
grammar.monster.anchorite.dative	anchorite	锚系苦修者	隐修者
grammar.monster.anchorite.genitive	anchorite	锚系苦修者	隐修者
grammar.monster.anchorite.instrumental	anchorite	锚系苦修者	隐修者
grammar.monster.anchorite.locative	anchorite	锚系苦修者	隐修者
grammar.monster.anchorite.plural	anchorites	锚系苦修者	隐修者
grammar.monster.anchorite.pluralAccusative	anchorites	锚系苦修者	隐修者
grammar.monster.anchorite.pluralGenitive	anchorites	锚系苦修者	隐修者
grammar.monster.anchorite.sentence	Anchorite	锚系苦修者	隐修者
grammar.monster.anchorite.sentenceAccusative	Anchorite	锚系苦修者	隐修者
grammar.monster.anchorite.sentenceDative	Anchorite	锚系苦修者	隐修者
grammar.monster.anchorite.sentenceGenitive	Anchorite	锚系苦修者	隐修者
grammar.monster.anchorite.sentenceInstrumental	Anchorite	锚系苦修者	隐修者
grammar.monster.anchorite.sentenceLocative	Anchorite	锚系苦修者	隐修者
grammar.monster.anchorite.sentenceVocative	Anchorite	锚系苦修者	隐修者
grammar.monster.anchorite.vocative	anchorite	锚系苦修者	隐修者
grammar.monster.reef.merrow.accusative	reef merrow	礁海巨人	礁石海渊鱼人
grammar.monster.reef.merrow.dative	reef merrow	礁海巨人	礁石海渊鱼人
grammar.monster.reef.merrow.genitive	reef merrow	礁海巨人	礁石海渊鱼人
grammar.monster.reef.merrow.instrumental	reef merrow	礁海巨人	礁石海渊鱼人
grammar.monster.reef.merrow.locative	reef merrow	礁海巨人	礁石海渊鱼人
grammar.monster.reef.merrow.plural	reef merrows	礁海巨人	礁石海渊鱼人
grammar.monster.reef.merrow.pluralAccusative	reef merrows	礁海巨人	礁石海渊鱼人
grammar.monster.reef.merrow.pluralGenitive	reef merrows	礁海巨人	礁石海渊鱼人
grammar.monster.reef.merrow.sentence	Reef merrow	礁海巨人	礁石海渊鱼人
grammar.monster.reef.merrow.sentenceAccusative	Reef merrow	礁海巨人	礁石海渊鱼人
grammar.monster.reef.merrow.sentenceDative	Reef merrow	礁海巨人	礁石海渊鱼人
grammar.monster.reef.merrow.sentenceGenitive	Reef merrow	礁海巨人	礁石海渊鱼人
grammar.monster.reef.merrow.sentenceInstrumental	Reef merrow	礁海巨人	礁石海渊鱼人
grammar.monster.reef.merrow.sentenceLocative	Reef merrow	礁海巨人	礁石海渊鱼人
grammar.monster.reef.merrow.sentenceVocative	Reef merrow	礁海巨人	礁石海渊鱼人
grammar.monster.reef.merrow.vocative	reef merrow	礁海巨人	礁石海渊鱼人
grammar.monster.spirit.naga.accusative	spirit naga	幽魂娜迦	幽魂纳迦
grammar.monster.spirit.naga.dative	spirit naga	幽魂娜迦	幽魂纳迦
grammar.monster.spirit.naga.genitive	spirit naga	幽魂娜迦	幽魂纳迦
grammar.monster.spirit.naga.instrumental	spirit naga	幽魂娜迦	幽魂纳迦
grammar.monster.spirit.naga.locative	spirit naga	幽魂娜迦	幽魂纳迦
grammar.monster.spirit.naga.plural	spirit nagas	幽魂娜迦	幽魂纳迦
grammar.monster.spirit.naga.pluralAccusative	spirit nagas	幽魂娜迦	幽魂纳迦
grammar.monster.spirit.naga.pluralGenitive	spirit nagas	幽魂娜迦	幽魂纳迦
grammar.monster.spirit.naga.sentence	Spirit naga	幽魂娜迦	幽魂纳迦
grammar.monster.spirit.naga.sentenceAccusative	Spirit naga	幽魂娜迦	幽魂纳迦
grammar.monster.spirit.naga.sentenceDative	Spirit naga	幽魂娜迦	幽魂纳迦
grammar.monster.spirit.naga.sentenceGenitive	Spirit naga	幽魂娜迦	幽魂纳迦
grammar.monster.spirit.naga.sentenceInstrumental	Spirit naga	幽魂娜迦	幽魂纳迦
grammar.monster.spirit.naga.sentenceLocative	Spirit naga	幽魂娜迦	幽魂纳迦
grammar.monster.spirit.naga.sentenceVocative	Spirit naga	幽魂娜迦	幽魂纳迦
grammar.monster.spirit.naga.vocative	spirit naga	幽魂娜迦	幽魂纳迦
grammar.monster.unbound.working.accusative	unbound working	失控法术	失控术法
grammar.monster.unbound.working.dative	unbound working	失控法术	失控术法
grammar.monster.unbound.working.genitive	unbound working	失控法术	失控术法
grammar.monster.unbound.working.instrumental	unbound working	失控法术	失控术法
grammar.monster.unbound.working.locative	unbound working	失控法术	失控术法
grammar.monster.unbound.working.plural	unbound workings	失控法术	失控术法
grammar.monster.unbound.working.pluralAccusative	unbound workings	失控法术	失控术法
grammar.monster.unbound.working.pluralGenitive	unbound workings	失控法术	失控术法
grammar.monster.unbound.working.sentence	Unbound working	失控法术	失控术法
grammar.monster.unbound.working.sentenceAccusative	Unbound working	失控法术	失控术法
grammar.monster.unbound.working.sentenceDative	Unbound working	失控法术	失控术法
grammar.monster.unbound.working.sentenceGenitive	Unbound working	失控法术	失控术法
grammar.monster.unbound.working.sentenceInstrumental	Unbound working	失控法术	失控术法
grammar.monster.unbound.working.sentenceLocative	Unbound working	失控法术	失控术法
grammar.monster.unbound.working.sentenceVocative	Unbound working	失控法术	失控术法
grammar.monster.unbound.working.vocative	unbound working	失控法术	失控术法
grammar.monster.werebear.accusative	werebear	熊人	熊化人
grammar.monster.werebear.dative	werebear	熊人	熊化人
grammar.monster.werebear.genitive	werebear	熊人	熊化人
grammar.monster.werebear.instrumental	werebear	熊人	熊化人
grammar.monster.werebear.locative	werebear	熊人	熊化人
grammar.monster.werebear.plural	werebears	熊人	熊化人
grammar.monster.werebear.pluralAccusative	werebears	熊人	熊化人
grammar.monster.werebear.pluralGenitive	werebears	熊人	熊化人
grammar.monster.werebear.sentence	Werebear	熊人	熊化人
grammar.monster.werebear.sentenceAccusative	Werebear	熊人	熊化人
grammar.monster.werebear.sentenceDative	Werebear	熊人	熊化人
grammar.monster.werebear.sentenceGenitive	Werebear	熊人	熊化人
grammar.monster.werebear.sentenceInstrumental	Werebear	熊人	熊化人
grammar.monster.werebear.sentenceLocative	Werebear	熊人	熊化人
grammar.monster.werebear.sentenceVocative	Werebear	熊人	熊化人
grammar.monster.werebear.vocative	werebear	熊人	熊化人
grammar.monster.wererat.accusative	wererat	鼠人	鼠化人
grammar.monster.wererat.dative	wererat	鼠人	鼠化人
grammar.monster.wererat.genitive	wererat	鼠人	鼠化人
grammar.monster.wererat.instrumental	wererat	鼠人	鼠化人
grammar.monster.wererat.locative	wererat	鼠人	鼠化人
grammar.monster.wererat.plural	wererats	鼠人	鼠化人
grammar.monster.wererat.pluralAccusative	wererats	鼠人	鼠化人
grammar.monster.wererat.pluralGenitive	wererats	鼠人	鼠化人
grammar.monster.wererat.sentence	Wererat	鼠人	鼠化人
grammar.monster.wererat.sentenceAccusative	Wererat	鼠人	鼠化人
grammar.monster.wererat.sentenceDative	Wererat	鼠人	鼠化人
grammar.monster.wererat.sentenceGenitive	Wererat	鼠人	鼠化人
grammar.monster.wererat.sentenceInstrumental	Wererat	鼠人	鼠化人
grammar.monster.wererat.sentenceLocative	Wererat	鼠人	鼠化人
grammar.monster.wererat.sentenceVocative	Wererat	鼠人	鼠化人
grammar.monster.wererat.vocative	wererat	鼠人	鼠化人
grammar.race.dragonborn.lapsed.accusative	Dragonborn (Lapsed)	龙裔（订阅失效）	龙裔（资格失效）
grammar.race.dragonborn.lapsed.genitive	Dragonborn (Lapsed)	龙裔（订阅失效）	龙裔（资格失效）
grammar.region.the.bottom.accusative	The Bottom	世界之底	巨口之底
grammar.region.the.bottom.genitive	The Bottom	世界之底	巨口之底
grammar.region.the.undergate.accusative	The Undergate	深层之门	深门
grammar.region.the.undergate.genitive	The Undergate	深层之门	深门
grammar.special.a.creditor.s.tally.stick.notched.past.reading.accusative	a creditor's tally-stick, notched past reading	一根刻痕密得无法辨读的债权筹	一根刻痕密到无从辨读的债主记账筹
grammar.special.a.creditor.s.tally.stick.notched.past.reading.genitive	a creditor's tally-stick, notched past reading	一根刻痕密得无法辨读的债权筹	一根刻痕密到无从辨读的债主记账筹
grammar.special.a.page.of.your.own.chronicle.in.another.hand.accusative	a page of your own chronicle, in another hand	一页由他人手写的你的纪事	你的纪事中的一页，出自他人之手
grammar.special.a.page.of.your.own.chronicle.in.another.hand.genitive	a page of your own chronicle, in another hand	一页由他人手写的你的纪事	你的纪事中的一页，出自他人之手
grammar.special.a.portrait.miniature.of.a.lady.long.dead.accusative	a portrait-miniature of a lady long dead	一幅早已死去的贵妇肖像小画	一幅故去已久的贵妇的微型肖像
grammar.special.a.portrait.miniature.of.a.lady.long.dead.genitive	a portrait-miniature of a lady long dead	一幅早已死去的贵妇肖像小画	一幅故去已久的贵妇的微型肖像
grammar.special.a.season.s.docket.from.the.court.of.the.lich.accusative	a season's docket from the court of the Lich	巫妖法庭一季的案目	巫妖宫廷一季的议程表
grammar.special.a.season.s.docket.from.the.court.of.the.lich.genitive	a season's docket from the court of the Lich	巫妖法庭一季的案目	巫妖宫廷一季的议程表
grammar.special.a.struck.through.page.of.the.roll.accusative	a struck-through page of the Roll	荣誉名册上被划去的一页	名册中被划销的一页
grammar.special.a.struck.through.page.of.the.roll.genitive	a struck-through page of the Roll	荣誉名册上被划去的一页	名册中被划销的一页
grammar.special.a.tooth.of.the.observatory.rings.accusative	a tooth of the observatory rings	天文台巨环上的一枚齿	观测所巨环上的一枚齿
grammar.special.a.tooth.of.the.observatory.rings.genitive	a tooth of the observatory rings	天文台巨环上的一枚齿	观测所巨环上的一枚齿
grammar.special.a.warden.s.seal.struck.through.in.lead.accusative	a warden's seal struck through in lead	一枚以铅划销的守卫印章	一枚以铅划销的守封者印章
grammar.special.a.warden.s.seal.struck.through.in.lead.genitive	a warden's seal struck through in lead	一枚以铅划销的守卫印章	一枚以铅划销的守封者印章
grammar.special.a.waxling.s.errand.list.accusative	a waxling's errand-list	蜡人的差事清单	一份蜡造怪的差事清单
grammar.special.a.waxling.s.errand.list.genitive	a waxling's errand-list	蜡人的差事清单	一份蜡造怪的差事清单
grammar.special.the.barrow.reeve.s.spare.seal.accusative	the Barrow-Reeve's spare seal	丘冢执事的备用印章	墓冢领主的备用印章
grammar.special.the.barrow.reeve.s.spare.seal.genitive	the Barrow-Reeve's spare seal	丘冢执事的备用印章	墓冢领主的备用印章
grammar.special.the.copyist.general.s.ribbon.accusative	the Copyist-General's ribbon	总誊写官的缎带	总抄写官的缎带
grammar.special.the.copyist.general.s.ribbon.genitive	the Copyist-General's ribbon	总誊写官的缎带	总抄写官的缎带
grammar.special.the.false.guildmaster.s.pen.accusative	the False Guildmaster's pen	冒牌公会会长的笔	假公会长的笔
grammar.special.the.false.guildmaster.s.pen.genitive	the False Guildmaster's pen	冒牌公会会长的笔	假公会长的笔
grammar.trophy.a.mason.s.chalked.line.accusative	a mason's chalked line	沾粉笔的墨斗线	石匠的弹粉线
grammar.trophy.a.mason.s.chalked.line.genitive	a mason's chalked line	沾粉笔的墨斗线	石匠的弹粉线
grammar.trophy.a.pen.worn.to.the.nib.accusative	a pen worn to the nib	磨至笔尖的笔	磨得只剩笔尖的笔
grammar.trophy.a.pen.worn.to.the.nib.genitive	a pen worn to the nib	磨至笔尖的笔	磨得只剩笔尖的笔
grammar.trophy.a.reef.merrow.s.coral.barb.accusative	a reef merrow's coral barb	礁海巨人的珊瑚倒钩	礁石海渊鱼人的珊瑚倒钩
grammar.trophy.a.reef.merrow.s.coral.barb.genitive	a reef merrow's coral barb	礁海巨人的珊瑚倒钩	礁石海渊鱼人的珊瑚倒钩
grammar.trophy.a.vial.of.quieted.spittle.accusative	a vial of quieted spittle	一瓶止声的涎液	一小瓶噤了声的涎液
grammar.trophy.a.vial.of.quieted.spittle.genitive	a vial of quieted spittle	一瓶止声的涎液	一小瓶噤了声的涎液
grammar.trophy.a.warden.s.grave.mask.accusative	a warden's grave-mask	守墓者的葬面	守封者的葬面
grammar.trophy.a.warden.s.grave.mask.genitive	a warden's grave-mask	守墓者的葬面	守封者的葬面
grammar.trophy.a.wererat.s.ringed.tail.accusative	a wererat's ringed tail	鼠人的环纹尾巴	鼠化人的环纹尾巴
grammar.trophy.a.wererat.s.ringed.tail.genitive	a wererat's ringed tail	鼠人的环纹尾巴	鼠化人的环纹尾巴
grammar.trophy.boulder.callused.thumb.accusative	boulder-callused thumb	磨出厚茧的拇指	搬石磨茧的拇指
grammar.trophy.boulder.callused.thumb.genitive	boulder-callused thumb	磨出厚茧的拇指	搬石磨茧的拇指
grammar.trophy.mismatched.jawbone.accusative	mismatched jawbone	不相称的颌骨	不成对的颌骨
grammar.trophy.mismatched.jawbone.genitive	mismatched jawbone	不相称的颌骨	不成对的颌骨
grammar.trophy.shed.naga.fang.accusative	shed naga fang	脱落的娜迦尖牙	脱落的纳迦尖牙
grammar.trophy.shed.naga.fang.genitive	shed naga fang	脱落的娜迦尖牙	脱落的纳迦尖牙
grammar.trophy.vein.of.grown.stone.accusative	vein of grown stone	长出的石脉	一道增生的石脉
grammar.trophy.vein.of.grown.stone.genitive	vein of grown stone	长出的石脉	一道增生的石脉
loot.dream.found	You wake with a weapon beside your bedroll. The Guild clerk enters {item} upon the sheet as found upon the road.	你醒来时，铺盖旁放着一件武器。公会书记员把{item}记入档案，注明是在路上发现。	你醒来时，铺盖旁放着一件武器。公会书记员将{item}登记在册，注明途中拾得。
mechanic.cre.locks.swashbuckler.ask	Complete Module III with The Hidden Haven.	以「隐秘避风港」结局完成模组III。	以「隐蔽避风港」结局完成模组III。
mechanic.cre.locks.tideborn.ask	Complete either ending of Module III, The Last Anchorage.	完成模组III最后的锚地的任意结局。	完成模组III「最后的锚地」的任一结局。
mechanic.mech.add.collector	+{value}% chance of a legendary at capstones.	关底强敌掉落传说装备的概率+{value}%。	关底首领掉落传说装备的概率+{value}%。
mechanic.mech.add.collector.inline	+{value}% chance of a legendary at capstones	关底强敌掉落传说装备的概率+{value}%	关底首领掉落传说装备的概率+{value}%
mechanic.mech.add.hoard	{value}% chance a slain mimic yields a chest.	被击杀的拟态怪有{value}%概率掉落宝箱。	被击杀的拟形怪有{value}%概率掉落宝箱。
mechanic.mech.add.hoard.inline	{value}% chance a slain mimic yields a chest	被击杀的拟态怪有{value}%概率掉落宝箱	被击杀的拟形怪有{value}%概率掉落宝箱
mechanic.mech.add.leash	+{value}% chance a mimic gives up the companion.	拟态怪掉落伙伴的概率+{value}%。	拟形怪交出伙伴的概率+{value}%。
mechanic.mech.add.leash.inline	+{value}% chance a mimic gives up the companion	拟态怪掉落伙伴的概率+{value}%	拟形怪掉落伙伴的概率+{value}%
mechanic.mech.add.stair	{value}% of road legs find the Forgotten Stair, one a floor.	每段旅行有{value}%概率发现遗忘阶梯，每层一次。	每段旅行有{value}%概率发现遗忘阶梯，每层至多一处。
mechanic.mech.add.tooth	{value}% chance to spot a mimic and strike first.	有{value}%概率识破拟态怪并先手攻击。	有{value}%概率识破拟形怪并先手攻击。
mechanic.mech.add.tooth.inline	{value}% chance to spot a mimic and strike first	有{value}%概率识破拟态怪并先手攻击	有{value}%概率识破拟形怪并先手攻击
mechanic.word.lines.strokes.world	The opening spends every hand there is.	开场时双手接连出击。	开场一回合，所有出手之机尽数用上。
mechanic.world.add.campcatch	A camp still standing catches the fall, and the long climb is spared.	仍在的营地接住你的倒下，免去漫长上行。	营地尚在，倒下时便有它接住，免去漫长的攀爬。
mechanic.world.add.collector	The collector's eye: a capstone gives up its legend {value}% oftener.	收藏家的眼力使关底强敌交出传说装备的概率提高{value}%。	收藏家的眼力使关底首领交出传说装备的概率提高{value}%。
mechanic.world.add.dreamlore	The floor has something to say to a sleeper on {value} nights in a hundred, and says it plainly on {value1}.	每百夜有{value}夜做梦，其中{value1}%会清楚应验。	每百夜中有{value}夜，此层会向睡者透露些什么，其中{value1}夜说得明明白白。
mechanic.world.add.dreams.variant1	You make one additional dream roll during each long rest.	每次长休再问梦境一次，多作一次梦境判定。	每次长休额外进行1次梦境判定。
mechanic.world.add.dreams.variant2	You make {value} additional dream rolls during each long rest.	每次长休再问梦境{value}次，增加同样次数的判定。	每次长休额外进行{value}次梦境判定。
mechanic.world.add.firecatch	The fire that catches: {value}% of breaths kindle to a whole night, and no camp is spent.	有{value}%的喘息休整会延成长夜安眠，不耗营地。	引燃之火：{value}%的靠墙喘息会延续为整夜安眠，且不消耗营地。
mechanic.world.add.hoard	A mimic put down had swallowed a chest's worth, {value}% of the time.	击倒拟态怪后，有{value}%概率发现它吞下一整箱财物。	击倒拟形怪后，有{value}%概率发现它吞下一整箱财物。
mechanic.world.add.keeneye.variant1	And the second look is the keener for it.	二次查看时，察觉再提高2点。	再看一眼时，也看得更准。
mechanic.world.add.waywise	The known ways: the ambush walked around and the shortcut found, {value} in a hundred.	熟路使伏击减少、近路增多，两项概率各变化{value}个百分点。	熟知路径：绕开伏击、寻得近路的概率各增加{value}个百分点。
mechanic.world.mult.boss.time.variant1	Each contest with a lord runs a further {value}% shorter.	与领主较量的每个阶段耗时额外缩短{value}%。	每场与领主的较量耗时额外缩短{value}%。
mechanic.world.mult.boss.time.variant2	Each contest with a lord runs a further {value}% longer.	与领主较量的每个阶段耗时额外延长{value}%。	每场与领主的较量耗时额外延长{value}%。
mechanic.world.mult.boss.time.variant3	Each contest with a lord runs {value}% shorter.	与领主较量的每个阶段耗时缩短{value}%。	每场与领主的较量耗时缩短{value}%。
mechanic.world.mult.boss.time.variant4	Each contest with a lord runs {value}% longer.	与领主较量的每个阶段耗时延长{value}%。	每场与领主的较量耗时延长{value}%。
name.race.dragonborn-lapsed	Dragonborn (Lapsed)	龙裔（订阅失效）	龙裔（资格失效）
narrative.away.progress.descent.and.dispatches.FATE_EVENTS.023	In a dry side-cell dwells Brother Aldous, a hermit of venerable years, the lamps about his door trimmed and burning. He greets you by name before you have given it, for he has read the number of your tag at ten paces, as once he read the numbers of his own company upon a warren wall. His own tag hangs at his neck, polished bright: No. 41, the fourth of its issue. He bids you sit by his small fire.	年迈的隐士奥尔德斯修士住在一间干燥侧室，门边的灯都修好灯芯，亮着火。你尚未自报，他已叫出你的名字：十步外，他就读出了身份牌的编号，正如当年在巢穴墙上读出同队人的编号。他自己的牌挂在颈上，擦得锃亮，编号41，是这一批发出的第四块。他请你到小火堆旁坐下。	年迈的隐士奥尔德斯修士住在一间干燥侧室，门边的灯都修好灯芯，亮着火。你尚未自报，他已叫出你的名字：十步外，他就读出了身份牌的编号，正如当年在巢穴墙上读出同队人的编号。他自己的牌挂在颈上，擦得锃亮，编号41，他是这一号牌的第四位佩戴者。他请你到小火堆旁坐下。
narrative.away.progress.descent.and.dispatches.FATE_EVENTS.037	The passage ends at a chasm of great depth, spanned only by the stumps of an old bridge. A rope of dwarf-make hangs bolted to the far wall, a long leap away.	通道尽头是一道极深的裂隙，旧桥只剩断桩。对面墙上栓着一根矮人造的绳索，须奋力一跃才能够到。	通道尽头是一道极深的裂隙，旧桥只剩断桩。对面墙上钉着一根矮人造的绳索，须奋力一跃才能够到。
narrative.away.progress.descent.and.dispatches.FATE_EVENTS.061	The rest is short and poor; something upstream has fouled the water, and you drink less than you meant to before pressing on.	这次休息短促而不舒适。上游有东西污了水，你没喝够原定的份量便继续赶路。	这次休息短促而不舒适。上游有东西污了水，你没喝够原定的分量便继续赶路。
narrative.away.progress.descent.and.dispatches.FATE_EVENTS.063	The passage narrows beneath a ceiling that has already fallen once, the rubble of it pushed aside by hands now gone. As you weigh the crossing the rock overhead lets down a thin patter of grit, then a stone the size of a fist, then a stillness you do not trust.	通道在一处曾经塌过的顶棚下收窄，碎石已被如今不在的人推到两旁。你正估量能否通过，头顶先落下一阵细砂，又掉下一块拳头大的石头，随后安静下来，让你难以放心。	通道在一处曾经塌过的顶棚下收窄，塌下的碎石早被人推到两旁，推石的人已不知去向。你正估量能否通过，头顶先落下一阵细砂，又掉下一块拳头大的石头，随后是一片令你不敢放心的寂静。
narrative.away.progress.descent.and.dispatches.FATE_EVENTS.065	You withdraw from the narrow place and take the longer road. Better the extra mile than the account closed here, with the roof for a headstone.	你退出狭窄处，改走更长的路。多走一段，总比在此丧命、让顶棚成为墓碑要好。	你退出狭窄处，改走更长的路。多走一段，总好过账目就此了结、拿顶棚当墓碑。
narrative.away.progress.descent.and.dispatches.FATE_EVENTS.085	You take the scree at a controlled run, weight back and feet dancing over the moving stone, and come up at the bottom upright and grinning, a good hour of the descent saved in a breath.	你将重心后移，控制着奔跑的速度，双脚在活动碎石上迅速换步。到底时仍稳稳站着，露出笑容，转眼省去近一小时路程。	你将重心后移，控制着奔跑的速度，双脚在活动碎石上迅速换步。到底时仍稳稳站着，露出笑容，转眼省去足足一小时路程。
narrative.away.progress.descent.and.dispatches.FATE_EVENTS.092	Shared Counsel	交换的指点	互通指点
narrative.away.progress.descent.and.dispatches.FATE_EVENTS.096	A strongbox of dwarf-make	矮人造的保险箱	矮人造的钱箱
narrative.away.progress.descent.and.dispatches.FATE_EVENTS.097	Set into the wall behind a slab of false rock stands a strongbox of dwarf-make, its lock a puzzle of sliding wards the miners trusted to keep their pay. The dwarves are gone, and their pay, if pay it holds, has waited a long age for a hand to work the wards aright.	一块假岩板后，墙里嵌着矮人造的保险箱。锁由滑动锁障组成，矿工曾靠这道机关看守工钱。矮人早已离去；若里面还存着工钱，也已等了漫长岁月，等一双懂得依序拨锁的手。	一块假岩板后，墙里嵌着矮人造的钱箱。锁由滑动锁障组成，矿工曾靠这道机关看守工钱。矮人早已离去；若里面还存着工钱，也已等了漫长岁月，等一双懂得依序拨锁的手。
narrative.away.progress.descent.and.dispatches.FATE_EVENTS.104	Fresh chalk-marks run along the wall at shoulder height, the private cant of some other Guild party gone down before you: arrows, tallies, and a sign that means good ground ahead, or means a warning, by whose hand set it. The chalk is not a day old.	墙上齐肩高处一路留下新鲜粉笔记号，是先你下行的另一支公会队伍自用的暗语。有箭头、计数划线，还有一个符号，在不同的人手里，可能表示前路稳妥，也可能是警告。这些记号写下还不到一天。	墙上齐肩高处一路留下新鲜粉笔记号，是先你下行的另一支公会队伍自用的暗语。有箭头、计数痕，还有一个符号，视画符者而定，可能表示前路稳妥，也可能是警告。这些记号写下还不到一天。
narrative.away.progress.descent.and.dispatches.FATE_EVENTS.106	You leave the other party's marks to the other party and hold to your own reckoning of the descent. A stranger's shorthand has led many a good reader wrong.	你把那些记号留给原来的队伍，按自己的判断下行。陌生人的简记，曾让许多识字的好手认错路。	你把那些记号留给原来的队伍，按自己的判断下行。生人的简记，曾把许多善于辨读的人引入歧途。
narrative.away.progress.descent.and.dispatches.FATE_EVENTS.107	Read the marks and follow them down	辨读记号，循着下行	辨读记号，循之下行
narrative.away.progress.descent.and.dispatches.FATE_EVENTS.109	You read the cant aright: the arrows mark the sound floor and the tallies count the safe turnings, and the road runs quick and kind for a while.	你读懂了暗语：箭头标明坚实的地面，划线数着安全的转角。接下来一段路走得轻快顺利。	你读懂了暗语：箭头标明坚实的地面，计数痕数着安全的转角。接下来一段路走得轻快顺利。
narrative.away.progress.descent.and.dispatches.FATE_EVENTS.115	You leave the snared thing to whoever set the snare and keep to your road. The deep feeds the deep, and it is no quarrel of yours this night.	你把被套住的小兽留给布索者，继续赶路。今夜你无意插手深处生物之间的捕食。	你把被套住的小兽留给布索者，继续赶路。深处自食其类，今夜此事与你无干。
narrative.away.progress.descent.and.dispatches.FATE_EVENTS.121	A sliver of the riven obelisk stands up from the floor where the field threw it, and the lantern-light goes into the black stone and does not come out. The duergar fence such shards behind votive stakes and amend their toll for them upward, quarter by quarter. This one stands unclaimed.	破裂的方尖碑抛出一块薄片，斜立在原野地面上。灯光照进黑石，却没有反光。灰矮人用祈愿木桩围住这种碎片，每季度都因此提高通行费。眼前这一片还无人认领。	一片破裂方尖碑的碎片立在地上，是碎碑原当初抛落于此的。灯光照进黑石，有去无回。灰矮人会用祈愿木桩把这类碎片围起，并为之逐季上调通行费。眼前这一片还无人认领。
narrative.away.progress.descent.and.dispatches.FATE_EVENTS.122	Stake it for the survey and leave it be	为勘测队立桩标记，不去碰它	立桩供勘测，不去碰它
narrative.away.progress.descent.and.dispatches.FATE_EVENTS.131	You count the posted toll into the slotted box{value1} and the grey keeper waves you through with no word wasted.	你将公告所列的钱数投入箱中{value1}，灰色收费员不多说，挥手放行。	你将公告所列的钱数投入箱中{value1}，灰矮人收费员一字不多，挥手放行。
narrative.away.progress.descent.and.dispatches.FATE_EVENTS.139	You leave the drowned gallery and cast about until you find the dry way round, a longer stair but a stair with air above it. The tarn keeps what the tarn takes.	你离开淹水长廊，四下查找，终于找到可绕行的干路。楼梯虽长些，头上总还透着空气，也避开了深潭。	你离开淹水长廊，四下查找，终于找到可绕行的干路。楼梯虽长些，头上总还透着空气。深潭收下的，从不归还。
narrative.away.progress.descent.and.dispatches.FATE_EVENTS.146	The assay office of the counterfeit town stands open at the hour, its window painted upon the stone and a clerk painted behind the painted glass, its ledger open at today's date in a hand very like the Guild's own. As you approach, the painted figure lifts its painted pen and gives you the hour aloud, courteously, and the hour it gives runs seven minutes fast, timed to the bell of the counterfeit Guildhouse.	仿造镇的鉴价所准时开放。窗户画在石上，书记员也画在玻璃后，账册翻到今天，笔迹极像公会的字。你走近时，画中人抬起画中笔，客气地报出时刻。他报出的时刻比真实时间早七分钟，依的是仿造公会堂的钟。	仿造镇的验金所准时开放。窗户画在石上，书记员也画在玻璃后，账册翻到今天，笔迹极像公会的字。你走近时，画中人抬起画中笔，客气地报出时刻。他报出的时刻快了七分钟，依的是仿造公会堂的钟。
narrative.away.progress.descent.and.dispatches.FATE_EVENTS.153	A working come loose	脱缚的法术	脱缚的术法
narrative.away.progress.descent.and.dispatches.FATE_EVENTS.154	A working of the mage's own casting has slipped its leash in this gallery and drifts here still, a knot of half-made spell turning slowly upon itself with no caster to spend it and no shape to settle into. It brushes the edge of your thoughts as you watch, looking for a hand to finish what its maker began.	法师亲自施放的一道法术在这条长廊脱离束缚，至今仍飘着。一团半成的法术缓缓自转，既没有施法者来用，也没有最终形态可定。你注视时，它轻触你的思绪，寻找能完成造物者未竟工作的一只手。	法师亲自施放的一道术法在这条长廊挣脱束缚，至今仍飘荡于此：一团半成的法术缓缓自转，既无施法者将其释放，也无形态可以安定。你注视之际，它轻拂你的思绪边缘，寻一只手来完成其造主未竟之事。
narrative.away.progress.descent.and.dispatches.FATE_EVENTS.156	You keep to the wall and skirt the loose working, and leave it turning for the mage's ghost to come back and claim. A spell without a caster is a snare without a setter, and best left unsprung.	你贴墙绕过脱缚法术，留它继续旋转，等法师的亡魂回来认领。没有施法者的法术如同无主的陷阱，最好别去触发。	你贴墙绕过脱缚的术法，留它继续旋转，等法师的亡魂回来认领。无人施放的法术，如同无人看管的套索，最好别去触发。
narrative.away.progress.descent.and.dispatches.FATE_EVENTS.157	Take the working in hand and finish it	接手法术，将它完成	接过术法，将它完成
narrative.away.progress.descent.and.dispatches.FATE_EVENTS.158	You take the loose working as you would take a dropped tool, read the half of it the mage left off, and finish it your own way. {markup1}{value1}{markup2} is yours, learned from the very air of the halls.	你像拾起掉落工具一样接过法术，读懂法师留下的那一半，按自己的方式补完。你学会了{markup1}{value1}{markup2}，这本领直接来自厅堂中的空气。	你像拾起掉落的工具一样接过这道术法，读懂法师留下的那一半，按自己的方式补完。你学会了{markup1}{value1}{markup2}，这本领直接来自厅堂中的空气。
narrative.away.progress.descent.and.dispatches.FATE_EVENTS.160	You reach for the working and it spends itself through you rather than for you, a cold jolt from crown to heel, and you come away singed in the wit and the sinew both.	你伸手触及法术，它却贯穿你的身体释放，一道冷震从头顶直贯脚跟。抽身时，心智与筋骨都受了创伤。	你伸手去取术法，它却借你的身体自行释放，而非听你驱使。一道寒震从头顶直贯脚跟，抽身时，心智与筋骨都被灼伤。
narrative.away.progress.descent.and.dispatches.FATE_EVENTS.162	In a gallery of standing mirrors one glass holds a figure that is yourself to the last strap and stitch, and it has been waiting. It moves as you move, a half-beat late, as though it leads and you follow. When you stop, it stops, and then it takes one step more, upon its own account.	一条立满镜子的长廊里，有一面镜中站着你的形影，每根背带、每针缝线都一模一样，而且早已等在那里。你一动，它也动，慢半拍，却让人分不清谁在带谁。你停下，它也停下，随后又自己多迈一步。	一条立满镜子的长廊里，有一面镜中站着你的形影，每根背带、每针缝线都一模一样，而且早已等在那里。你一动，它也动，慢了半拍，却仿佛是它在前领、你在后随。你停下，它也停下，随后又自作主张地多迈一步。
narrative.away.progress.descent.and.dispatches.FATE_EVENTS.171	At the market counter the quartermaster has a second hand wanting a party, and offers the exchange at no fee either way: {value1}, {value2}{value3}{value4}	集市柜台前，军需官还有个帮手等着入队，提出双方都不收费的交换。名字是{value1}。{value2}{value3}{value4}	集市柜台前，军需官另有一名帮手想找队伍，提议互换，两边都不收费：{value1}，{value2}{value3}{value4}
narrative.away.progress.descent.and.dispatches.FATE_EVENTS.176	A face not in your book	名册中没有的面孔	帮手册上没有的面孔
narrative.away.progress.descent.and.dispatches.FATE_EVENTS.181	The quartermaster writes to say that your book of hands is complete, every face in the Guild's roster having served at your side, and that {value1} There is nothing the yard can do for you this season but say so.	军需官来信，说你的帮手册已经齐全，公会名册上的每个帮手都曾与你同行，而且{value1}训练场本季能做的，便是向你正式道贺。	军需官来信，说你的帮手册已经齐全，公会帮手名册上的每一个人都曾在你身边效力，且{value1}本季训练场能为你做的，也只有来信告知这一件了。
narrative.away.progress.descent.and.dispatches.FATE_EVENTS.185	Your book of hands is complete, so the quartermaster offers the other thing the yard keeps: a season of drill for one hand of your choosing, at the Guild's own cost, worth up to two rungs of study to whichever you name. The Guild stands one such season a chronicle. The rest of your strength goes down as it stands.	你的帮手册已经齐全，军需官便提出训练场另一项服务：由公会出钱，让你选的一个帮手操练一季，最多提升两级学识。每次纪事只提供一次，其余帮手照常下行。	你的帮手册已经齐全，军需官便提出训练场另一项服务：由公会出钱，让你选的一个帮手操练一季，最多提升两级学识。每部纪事只提供一次，其余帮手照常下行。
narrative.away.progress.descent.and.dispatches.FATE_EVENTS.189	You leave the loaf where it was set and walk on down the row. Whatever the village has arranged with the crag, it has kept the arrangement a long while, and this is not the night to test it.	你将面包留在原处，沿屋前继续走。村庄与山崖之间的约定已经维持许久，今夜你不去试探。	你将面包留在原处，沿这排房屋继续走。村庄与山崖之间的约定已经维持许久，今夜你不去试探。
narrative.away.progress.descent.and.dispatches.FATE_EVENTS.192	You keep the lane until the small hours and see what comes down the row for the bread, and it walks on two legs, and it wears the coat it was buried in. The village pays its tithe to its own dead, and its own dead go up the crag with it. You are the wiser for the watch.	你在巷里守到凌晨，看见来取面包的东西沿街走来。它用两条腿走路，穿着入葬时的外套。村庄向自己的死者缴纳什一税，死者再带着贡品上崖；这夜的守候让你查明了去向。	你在巷里守到凌晨，看见来取面包的东西沿街走来。它用两条腿走路，穿着入葬时的外套。村庄向自己的死者缴纳什一税，死者再带着它上崖。这一夜没有白守。
narrative.away.progress.descent.and.dispatches.FATE_EVENTS.193	You keep the lane half the night and see nothing at all, and in the morning the cloth is folded upon the step and the loaf is gone. Whatever takes it waited you out.	你在巷里守了半夜，什么也没看见。清晨，布已叠好放在门阶，面包却不见了。取面包的东西等到了你离开。	你在巷里守了半夜，什么也没看见。清晨，布已叠好放在门阶，面包却不见了。取走它的东西，比你更耐得住。
narrative.away.progress.descent.and.dispatches.FATE_EVENTS.200	You put the hunting-horn to your lips and give back the call you have heard the Warden give, and the pack breaks off in the middle of the field and mills there, uncertain, and goes home up the crag. The Vale can be spoken to in its own language, and you have just proved it.	你将猎号放到唇边，吹回曾听守卫吹过的号音。猎群在原野中央停下，困惑地打转，随后回到崖上。你现在知道，谷地的号令也能用来遣走猎犬。	你将猎号放到唇边，吹出曾听守猎者吹过的号令。猎群在原野中央停下，困惑地打转，随后回到崖上。谷地听得懂它自己的语言，你刚刚证明了这一点。
narrative.away.progress.descent.and.dispatches.FATE_EVENTS.208	You turn the band to the lantern and read the inside of it, and there is a date cut there, and the date is eleven years old. The rings are recent, all of them, and there are a great many, and the arithmetic of that is worth carrying up the crag with you.	你将戒圈转向灯光，读出内侧刻着的日期，是十一年前。这些戒指全是近年的，却多得惊人；上崖时，你须带着这个数目。	你将戒圈转向灯光，读出内侧刻着的日期，是十一年前。这些戒指全是近年的，却多得惊人；这笔账，值得带上崖去细算。
narrative.away.progress.descent.and.dispatches.FATE_EVENTS.209	You turn the band to the lantern and find the inside worn smooth by the water past any reading. You pocket it with the rest and go on, and the fen keeps whatever the fen keeps.	你将戒圈转向灯光，内侧已被水磨平，无法辨读。你将它与其余戒指一同收起，继续赶路。	你将戒圈转向灯光，内侧已被水磨平，无法辨读。你将它与其余戒指一同收起，继续赶路。泽中所藏，仍归泽中。
narrative.away.progress.descent.and.dispatches.FATE_EVENTS.220	You put back what leaves you disturbed and leave the ground as you found it. Whoever keeps this grave has kept it a long while, and it has stood open for somebody, and it would be well to be somebody else when the keeper comes to fill it.	你放回被碰散的叶子，让地面恢复原样。有人看守这座墓已经很久，它也一直为某个人敞开着；等守墓者来填墓时，你最好站在别处。	你放回被碰散的叶子，让地面恢复原样。有人看守这座墓已经很久，它也一直为某个人敞开着；等守墓人来填墓那天，你最好不是那个人。
narrative.away.progress.descent.and.dispatches.FATE_EVENTS.236	You lift the glass off its nail and turn it to the wall, and the taproom lets out a breath it has been holding for eleven years. The potboy fetches you something without being asked and will not take your coin for it.	你从钉上摘下镜子，转向墙壁。酒馆里的人终于松了口气，十一年来他们一直提防着它。酒童主动端来一份饮品，不肯收你的钱。	你从钉上摘下镜子，转向墙壁。整间酒馆吐出了一口憋了十一年的气。酒童主动端来一份饮品，不肯收你的钱。
narrative.away.progress.descent.and.dispatches.FATE_EVENTS.244	You step over the wet stone and say nothing about the colour of the water, and she says nothing either, and the two of you have understood one another perfectly. The village keeps its arrangement, and the step is clean by breakfast.	你跨过湿石，没有提水的颜色，她也没有开口。村庄继续遵守约定，早饭前，门阶已洗净。	你跨过湿石，对水的颜色只字不提，她也一言不发，彼此心照不宣。村庄继续遵守约定，早饭前，门阶已洗净。
narrative.away.progress.descent.and.dispatches.FATE_EVENTS.248	She looks at you for a long moment, tips the pail into the gutter, and goes in and bars the door, and the whole row of shutters goes quiet in a way that is worse than an answer.	她看了你很久，把桶水倒进沟里，进屋闩门。整排窗板后都静了下来，你再也听不到回应。	她看了你很久，把桶水倒进沟里，进屋闩门。整排窗板后都静了下来，那种静比任何回答都更糟。
narrative.away.progress.descent.and.dispatches.FATE_EVENTS.260	You put the card in the inside of your coat, where it lies flat against the ribs, and go on with the day's work. It is an invitation and not a summons, which means the invitation is the point, and you will keep it until you are the one who chooses the hour.	你将卡片放入外套内侧，平贴肋旁，继续当天的工作。它是一份邀请，前去的时刻仍由你决定，卡片便先留在身上。	你将卡片放入外套内侧，平贴肋旁，继续当天的工作。这是请柬，不是传票；既是请柬，要紧的便是邀请本身。你会一直收着它，直到由你来定下时刻。
narrative.away.progress.descent.and.dispatches.FATE_EVENTS.261	Read the hand against the register	用名册核对笔迹	与登记簿核对笔迹
narrative.away.progress.descent.and.dispatches.FATE_EVENTS.263	You set the card beside the abbey's register and the two hands are one hand, three hundred years apart, with the same broken loop on the same letter. He wrote his own name into the parish book as a boy and he wrote this card last week, and he has not learned a new letter in either. You go on knowing something true about him, which in this valley is a rare kind of ammunition.	你把卡片放在修道院名册旁，两个相隔三百年的笔迹出自同一只手，同一个字母的圈也在同一处断开。他少年时将自己的名字写进教区册，上周又写下这张卡，连写法都没有变。这条确切的旧事，也许能成为你对付他的凭据。	你把卡片放在修道院的登记簿旁，两个相隔三百年的笔迹出自同一只手，同一个字母的圈也在同一处断开。他少年时将自己的名字写进教区册，上周又写下这张卡，其间一个新字母也没学会。你继续上路，手里握着一件关于他的真事；在这山谷里，这是难得的弹药。
narrative.away.progress.descent.and.dispatches.FATE_EVENTS.268	You note the hour in your chronicle and pass on up the orchard rows. The bell rings twice more before you are out of the ground, at the same interval both times, which is the interval a sexton keeps.	你在纪事中记下时刻，沿果园树行继续上行。离开墓地前，钟又响了两次，间隔完全相同，正是司墓人敲钟的节拍。	你在纪事中记下时刻，沿果园树行继续上行。离开墓地前，钟又响了两次，间隔完全相同，正是守墓人敲钟的节拍。
narrative.away.progress.descent.and.dispatches.FATE_EVENTS.271	You sit down in the wet grass and count it out, and the bell is ringing the office. It keeps the hours the abbey kept, to the minute, three hundred years after the last brother who knew them went into the ground beneath you. Something down here has never once been told that the abbey fell, and you know now what hour it will be at prayer.	你坐在湿草中计时，钟敲的是礼拜的时刻。最后一位记得这些时辰的修士已埋在你脚下三百年，钟却仍依修道院旧制，分毫不差。下方某种东西一直维持着旧仪，如今你知道它何时会祈祷。	你坐在湿草中计时，钟敲的是礼拜的时刻。最后一位记得这些时辰的修士已埋在你脚下三百年，钟却仍依修道院旧制，分毫不差。这下面有什么东西，从未有人告诉它修道院已经倒了；如今你知道它几时祈祷。
narrative.away.progress.descent.and.dispatches.FATE_EVENTS.274	A man is sitting on the milestone at the head of the moor road with his pack beside him and his boots off, and he asks you, civilly and in a perfectly ordinary voice, which way is out. He has the Guild's chalk-marks copied fair on a sheet in his hand. The sheet is dated eleven years ago.	荒原道起点的里程石上坐着一个人，行囊放在身旁，靴子脱了。他礼貌地用平常声音问你，哪条路能出去。手中纸上整齐誊着公会粉笔路标，落款是十一年前。	荒原道起点的里程石上坐着一个人，行囊放在身旁，靴子脱了。他客客气气，语气再平常不过，问你出去该走哪条路。他手里一张纸，工整誊着公会的粉笔路标，落款是十一年前。
narrative.away.progress.descent.and.dispatches.FATE_EVENTS.276	You tell him the truth, that the road goes in and comes back in, and he thanks you and puts his boots on and starts up the road anyway, because that is the only thing there is to do. You have said the same thing to yourself a dozen times and started up the road after it.	你告诉他实情：路通向里面，走回去也还是里面。他道谢，穿靴，仍沿路走去，因为眼下只能这样做。你也曾无数次对自己说过这些话，随后继续赶路。	你告诉他实情：路通向里面，走回去也还是里面。他道谢，穿靴，仍沿路走去，因为眼下只能这样做。同样的话，你也对自己说过十几回，说完照样上路。
narrative.away.progress.descent.and.dispatches.FATE_EVENTS.279	You take the sheet and read the north survey's own chalk upon it, eleven years old and in a surveyor's hand you know from the Guild's own books. He walked in the season the mist closed and he has been at this milestone ever since, and he has not aged a day off the date on the sheet. You copy what the chalk is worth and give the sheet back, and he thanks you and puts his boots on.	你接过纸，读出十一年前北方勘测队的粉笔记号。那位勘测员的笔迹，你在公会账册里见过。他在迷雾封谷的季度走进来，此后一直待在这块里程石旁，从纸上所记的那天至今，他的模样一点没变。你抄下有用的路标，将纸还他；他道谢，穿上靴子。	你接过纸，上面正是北方勘测队自己的粉笔记号，已有十一年，出自一位勘测员之手，那笔迹你在公会账册里见过。他在迷雾封谷那一季走进谷来，此后便一直待在这块里程石旁；照纸上的日期算，他一天也没老。你抄下记号中有用的部分，将纸还他；他道谢，穿上靴子。
narrative.away.progress.descent.and.dispatches.FATE_EVENTS.280	The sheet is rain-blurred past the second waystone and gives you nothing the survey has not already got. You give it back and he thanks you and starts up the road, and you go the other way.	纸上第二块路标石之后的内容全被雨水洇开，没提供勘测队尚不知道的东西。你还给他，他道谢，沿路起身，你则向另一边走。	纸上第二块路标石之后的内容全被雨水洇开，没有勘测队尚不知道的东西。你还给他，他道谢，起身上路，你则往另一头走。
narrative.away.progress.descent.and.dispatches.FATE_EVENTS.282	A shepherd on the crag pasture is counting his fold through the gate for the third time, and getting a different number each time, and he is not a man who cannot count. Forty-one, then forty, then forty-two. He asks you to stand at the gate and count them with him, and looks relieved when you agree.	崖地牧场的牧羊人第三次数着羊过栏门，每次却得到不同的数，而他本来会算数。先四十一，再四十，又四十二。他请你站在门边一起数，你答应后，他明显松了口气。	崖地牧场的牧羊人第三次数着羊过栏门，每次却得到不同的数，而他并不是不会数数的人。先四十一，再四十，又四十二。他请你站在门边一起数，你答应后，他明显松了口气。
narrative.away.progress.descent.and.dispatches.FATE_EVENTS.284	You stand at the gate and count them through with him and make it forty-one twice running, and he takes that and pens them and thanks you and does not ask what the third count was. Some arithmetic in this valley is best left at two attempts.	你站在门边陪他数羊，连续两次都数出四十一。他接受这个数，将羊关好，向你道谢，没有再问第三次。你们将清点停在了两遍。	你站在门边陪他数羊，连续两遍都数出四十一。他认了这个数，将羊关好，向你道谢，也不问先前第三遍数的是多少。这山谷里有些算术，最好只算两遍。
narrative.away.progress.descent.and.dispatches.STORY_BOOK.003	You heard the tenth read out, one part in ten held against the recovery of members' remains, and asked Master Pell to waive it.	你听过寻回会员遗骸须留取十分之一的条款，请佩尔先生免除。	你听人宣读了十一抽成：每十份扣留一份，以备寻回会员遗骸之用。你请佩尔先生免去此项。
narrative.away.progress.descent.and.dispatches.STORY_BOOK.005	You took onto your strength the hand the quartermaster assigned you, entered in the Guild's book as your hireling for the descent.	你接纳军需官指派的帮手，公会账册已将其登记为本次下行的雇员。	你收下军需官指派给你的人手，公会账册已将其登记为你本次下行的帮手。
narrative.away.progress.descent.and.dispatches.STORY_BOOK.035	You held at the ladder's first rung, where the lamps had gone out together, and counted the dark before you took the shaft down.	你停在所有灯同时熄灭时踏上的第一根梯档，在继续下井前数过黑暗。	你停在梯子第一档，众灯正是在此一齐熄灭；你先数过黑暗，才沿竖井下去。
narrative.away.progress.descent.and.dispatches.STORY_BOOK.038	You asked Malgrith down the shaft what it was that kept the court below the vault.	你隔着竖井问马尔格里斯，是谁看守着宝窟下的宫廷。	你朝竖井下问马尔格里斯，宝窟之下的宫廷由什么看守。
narrative.away.progress.descent.and.dispatches.STORY_BOOK.046	You gave the last camp to the survey's chart, marked every stair and false floor you learned at cost, and signed it in the corner.	你将最后一营的时间用来补画勘测图，标清每道楼梯、每处花代价识破的虚假地板，并在角上签名。	你把最后一次扎营的时间用来补绘勘测图，标清每道楼梯、每处付出代价才识破的假地板，并在角上签名。
narrative.away.progress.descent.and.dispatches.STORY_BOOK.049	The Guildmaster's letter	公会会长的信	公会长的信
narrative.away.progress.descent.and.dispatches.STORY_BOOK.050	You read the terms enclosed under the Guildmaster's seal: six floors below the hoard, from the Undergate to a field of standing black stone.	你读过会长印下随附的条款：宝藏下六层，从深层之门到黑色立石的原野。	你读过公会长印信下随附的条款：宝藏之下六层，自深门直至黑色立石林立的原野。
narrative.away.progress.descent.and.dispatches.STORY_BOOK.051	You sent word up to Brother Aldous in his side-cell: the wall was down, the tags were home, and his nail had gone to the forge.	你托信给侧室里的奥尔德斯修士：墙已拆，身份牌已归家，为他造的钉子已送进锻炉。	你托信给侧室里的奥尔德斯修士：墙已拆，身份牌已归家，为他预留的那枚钉子已送进锻炉。
narrative.away.progress.descent.and.dispatches.STORY_BOOK.052	The script upon the Undergate	深层之门上的文字	深门上的文字
narrative.away.progress.descent.and.dispatches.STORY_BOOK.053	At a steady pace you went under the untranslated arch, past the broken seal hung beside the gate for the assay office.	你稳步走过尚未译出的拱铭，经过门旁为鉴价所留挂的破损铅封。	你稳步走过铭文尚未译出的拱门，经过门旁挂着、留待验金所查验的破损封印。
narrative.away.progress.descent.and.dispatches.STORY_BOOK.054	You took a rubbing of the lead-filled script cut deep around the arch of the Undergate.	你拓下深层之门拱周深刻填铅的文字。	你拓下深门拱周深刻填铅的文字。
narrative.away.progress.descent.and.dispatches.STORY_BOOK.056	Into your chronicle, beside the Undergate's figure, you copied the broken pillar painted fresh upon the cart's side.	你将车侧新画的断柱记号抄进纪事，放在深层之门的图形旁。	你将车侧新画的断柱记号抄进纪事，放在深门的图形旁。
narrative.away.progress.descent.and.dispatches.STORY_BOOK.060	In trade-tongue you spoke to the eldest of the three grey watchers and waited at the post for its answer.	你用商贸通用语向三名灰眼观察者中最年长的说话，在岗哨前等待回答。	你用商贸通用语向三名灰色守望者中最年长的一位开口，在岗哨前等它回答。
narrative.away.progress.descent.and.dispatches.STORY_BOOK.071	You copied the duergar toll-post's board entire for the Guild's files: the rates, the amendments, and the standing order at its foot.	你为公会档案抄下灰矮人收费站的整张布告，包括费率、修订与底部的长令。	你为公会档案抄下灰矮人收费站的整张布告，包括费率、修订条款与底部的常设令。
narrative.away.progress.descent.and.dispatches.STORY_BOOK.082	You laid your own papers open beside the strange entry on the reading-stand and read the two hands across, the warm pen between them.	你把自己的证件摊在读书架的陌生登记旁，隔着仍温热的笔，来回核读两种笔迹。	你把自己的证件摊在阅读台上那条陌生登记旁，隔着中间仍温热的笔，来回核读两种笔迹。
narrative.away.progress.descent.and.dispatches.STORY_BOOK.115	You noted the sprung doors and the filed locks for the Guild, and kept to the centre of the gallery, out of reach of the open cells.	你为公会记下脱位的门与锉穿的锁，走在长廊中央，避开敞开牢房的触及范围。	你为公会记下被撬开的门与锉穿的锁，走在长廊中央，避开敞开牢房的触及范围。
narrative.away.progress.descent.and.dispatches.STORY_BOOK.125	You answered the letter with the settlement, to break the debt at the Bottom by your own hand and let the count end with you.	你回信选择清偿，准备亲手打破世界之底的债，让计数到你为止。	你回信选择清偿，准备亲手打破巨口之底的债，让计数到你为止。
narrative.away.progress.descent.and.dispatches.STORY_BOOK.131	You went out onto the blank stone by your own reckoning, set on keeping the record of your road in your own hand.	你依自己的判断踏上空白石面，决意亲手保存走过的道路。	你依自己的判断踏上空白石面，决意亲手记下自己走过的路。
narrative.away.progress.descent.and.dispatches.STORY_BOOK.139	You started down the warm coin toward the glow, the last fall of the whole descent, to settle there with the debt the deep was dug to bury.	你沿温热钱币朝光下行，走向全程最后一段，准备在此处置深处本为埋葬的债。	你沿温热钱币朝光下行，走完整个下行的最后一段，准备在那里了结当初凿出这深处所要埋葬的债。
narrative.away.progress.descent.and.dispatches.STORY_BOOK.159	You walked the gallery from the christening to the funeral, three hundred years in forty paces, and the same unaging man watched you out of every frame.	你从洗礼走到葬礼，四十步走过三百年，每个画框里都有同一个不老的男人注视你。	你沿画廊从洗礼走到葬礼，四十步走过三百年，每个画框里都有同一个不老的男人注视着你。
narrative.away.progress.descent.and.dispatches.STORY_EVENTS.002	At the counter Master Pell, clerk of the Guild ledger, rules a fresh page and enters your name at the head of it in a fair round hand. The Guild's terms are read aloud, as the charter requires: all trophies to be sold at the counter's stated rate; all sums to be entered in this ledger and no other; one part in ten held against the cost of recovering members' remains. Pell turns the book toward you and offers the pen.	柜台前，公会账册的书记员佩尔先生划好新页，在页首用工整圆体写下你的姓名。他依宪章要求宣读条款：战利品一律按柜台公示价格出售；所有款项只记本册；每十份留一份，用于寻回会员遗骸。佩尔将册子转向你，递过笔。	柜台前，公会账册的书记员佩尔先生划好新页，在页首用工整圆体写下你的姓名。他依章程规定宣读条款：一切战利品须按柜台公示价格出售；一切款项只记入本册，不记他册；所得十分抽一，留作寻回会员遗骸之费。佩尔将册子转向你，递过笔。
narrative.away.progress.descent.and.dispatches.STORY_EVENTS.007	Pell hears you out, consults a schedule, and initials the margin: the tenth is waived for a term, in consideration of services rendered upon the road.	佩尔听你说完，查过收费表，在页边签下缩写：考虑沿途所立功劳，在一段期限内免收十分之一。	佩尔听你说完，查过费率表，在页边签下缩写：鉴于沿途所效之劳，十分之一抽成暂免一期。
narrative.away.progress.descent.and.dispatches.STORY_EVENTS.008	Pell hears the request through, then reads the charter's clause aloud a second time, more slowly.	佩尔听完请求，又将宪章条款读了一遍，读得更慢。	佩尔听完请求，又将章程条款读了一遍，读得更慢。
narrative.away.progress.descent.and.dispatches.STORY_EVENTS.010	The charter of the Adventurers' Guild provides one hand for every member's descent, and the quartermaster assigns yours {value1}{value2}, {value3} The hand is found at the Guild's own cost and works its one job the whole way{value4}, bettering at it as the road teaches.	冒险者公会的宪章规定，每位会员出行都配一个帮手。军需官为你安排的帮手{value1}{value2}。{value3}费用由公会承担。帮手随你{value4}，专司自己的差事，并在旅途中不断长进。	冒险者公会的章程规定，每位会员下行都配一个帮手。军需官为你安排的帮手{value1}{value2}。{value3}费用由公会承担。帮手随你{value4}，专司自己的差事，并在旅途中不断长进。
narrative.away.progress.descent.and.dispatches.STORY_EVENTS.022	Beside the warren door the tally-marks run in their thousands, scratched knee-high to shoulder-high in the stone. Among them, nailed flat, hangs a numbered Guild tag of the pattern you carry: No. 41, issued to a party of six. The mess-room called them the Tuesday Party, for the day they always signed out, and the Guild bell was tolling for them the week you enrolled. The nail through the tag is new.	巢穴门旁刻着成千上万道计数，从膝高一直到肩高。其间平钉着一块与你同式的公会身份牌：41号，发给一支六人队伍。食堂里都叫他们星期二远征队，因为他们总在那天签出。你入会那一周，公会还在为他们鸣丧钟。穿过身份牌的钉子却是新的。	巢穴门旁刻着成千上万道计数，从膝高一直到肩高。其间平钉着一块与你同式的公会身份牌：41号，发给一支六人队伍。食堂里都叫他们星期二远征队，因为他们总在那天签出。你入会那一周，公会的钟正为他们而鸣。穿过身份牌的钉子却是新的。
narrative.away.progress.descent.and.dispatches.STORY_EVENTS.035	The nail comes free whole, and you keep it. Iron of Guild pattern, cut square, driven this season: whoever it waited for was measured for it lately.	钉子完整拔出，你把它留下。公会制式的铁，切成方形，是本季度钉入的；原本要挂在这里的人，最近才被量好位置。	钉子完整拔出，你把它留下。公会制式的铁钉，方头方身，本季才钉入；它等的是谁，那人是新近才被量好尺寸的。
narrative.away.progress.descent.and.dispatches.STORY_EVENTS.043	The page is a tally of shifts worked, and beneath it a single order in the Forewarden's own hand: the silver stands, the lower door is sealed, and no dwarf is to answer knocking from below. You copy it fair, and knowing what the dwarves fled teaches you where to set your feet.	账页数着做过的轮班，下面有一条前守者亲笔命令：银矿留在原处，下层门封死，任何矮人不得回应下方敲门声。你工整地抄下，知道矮人逃避什么，也就知道该怎样选路。	账页记的是已做的班次，下面有一条前守者亲笔命令：银脉不采，下层门封死，任何矮人不得回应下方的敲门声。你工整地抄下，知道矮人逃避什么，也就知道该怎样落脚。
narrative.away.progress.descent.and.dispatches.STORY_EVENTS.044	The page is written in the mine-tongue of the dwarves, all shaft-numbers and shift-marks, and its meaning stays with the miners.	账页用矮人的矿井术语写成，尽是竖井编号与轮班记号，你读不懂其中的意思。	账页用矮人的矿井术语写成，尽是竖井编号与轮班记号，其中意思仍只有矿工自己知道。
narrative.away.progress.descent.and.dispatches.STORY_EVENTS.050	You read the grain of the rock as a dwarf would and take a clean sample where the vein will give one. The assay counter pays well for proof of standing silver.	你像矮人一样读懂岩石纹理，在银脉可取处凿下干净样本。鉴价柜台为仍存银矿的凭据付了好价。	你像矮人一样读懂岩石纹理，在银脉可取处凿下干净样本。鉴价柜台肯为尚存银脉的凭据出好价。
narrative.away.progress.descent.and.dispatches.STORY_EVENTS.055	You pass the desk at a steady pace and keep your eyes upon the road. Behind you the pen stands upright in its dry well, and the page keeps whatever it keeps.	你保持步速走过书桌，目光留在前路。身后，笔仍竖在干墨槽中，纸页仍摊着。	你保持步速走过书桌，目光留在前路。身后，笔仍竖在干墨槽中，那页纸上记着什么，仍由它记着。
narrative.away.progress.descent.and.dispatches.STORY_EVENTS.058	The wet line is your own name, entered fair in the Guild's own ruling, with the date left blank. You copy nothing, and you walk on the wiser: what stands undated stands unfinished.	未干的一行是你的名字，工整写在公会式格线中，日期却空着。你没有抄录，继续走去，知道未填日期的记录还未完成。	未干的一行是你的名字，工整写在公会式格线中，日期却空着。你什么也没抄，却长了见识：未填日期的，便是尚未了结。
narrative.away.progress.descent.and.dispatches.STORY_EVENTS.083	The chest is sound Guild oak and the mooring ladder is rot, and the climb defeats the load. You leave the provisions sealed under the thwart, and the flood may have the paperwork.	箱子是结实的公会橡木，泊位梯子却已经腐烂，扛着它爬不上去。你将补给原封留在横座下，连箱中的单据也一并留下。	箱子是结实的公会橡木，泊位梯子却已经腐烂，扛着它爬不上去。你将补给原封留在横座下，这笔文书就交给洪水去办。
narrative.away.progress.descent.and.dispatches.STORY_EVENTS.095	You give the offer the silence it was measured for and climb on. Below you the voice laughs once, low and without anger, in the manner of one who has heard that answer before and outlived everyone who made it.	你以沉默回应这份量好了分寸的提议，继续向下爬。下方传来一声低笑，没有怒气，像是它早听过这种答复，也活过了所有这样作答的人。	这份提议本就量着沉默开出，你便以沉默相还，继续向下爬。下方传来一声低笑，没有怒气，像是它早听过这种答复，也活过了所有这样作答的人。
narrative.away.progress.descent.and.dispatches.STORY_EVENTS.122	The Guildmaster's letter	公会会长的信	公会长的信
narrative.away.progress.descent.and.dispatches.STORY_EVENTS.123	A Guild runner finds you upon the hoard itself, breathing hard, with a letter under the Guildmaster's own seal. Item: the wyrm's fall is entered, and the Guild's congratulations are recorded in the minutes. Item: Old Snik's trophy wall has been taken down and the tags sent home to the families; the empty nail was cut for Brother Aldous, fourth bearer of tag No. 41, who is entered in the rolls as living, by his own hand, in a side-cell above. Item: the survey reports an elder stair beneath the hoard, held shut these long years by the wyrm's own weight, with goblin sign upon it going down. The Guild has entered the descent as Arc II: The Riven Obelisk, and the first chapter's terms are enclosed.	公会信使在宝藏上找到你，喘着粗气，递上一封盖着会长私印的信。第一项：巨龙之死已登记，公会的祝贺已记入会议录。第二项：老斯尼克的战利品墙已拆，身份牌已送回家属；空钉原为奥尔德斯修士预备，他是41号身份牌的第四位佩戴者，目前活在上方侧室，已亲笔登记。第三项：勘测队在宝藏下发现更古老的楼梯，多年来被巨龙自身的重量压住，上面有地精向下的踪迹。公会已将这段下行定为第二篇章「破裂的方尖碑」，随信附上首章条款。	公会信使在宝藏上找到你，喘着粗气，递上一封盖着公会长私印的信。第一项：巨龙之死已登记，公会的祝贺已记入会议录。第二项：老斯尼克的战利品墙已拆，身份牌已送回家属；空钉原为奥尔德斯修士预备，他是41号身份牌的第四位佩戴者，已亲笔在名册上登记为在世，现居上方侧室。第三项：勘测队在宝藏下发现更古老的楼梯，多年来被巨龙自身的重量压住，上面有地精向下的踪迹。公会已将这段下行定为第II篇章「破裂方尖碑」，随信附上首章条款。
narrative.away.progress.descent.and.dispatches.STORY_EVENTS.125	The terms chart six floors below the hoard, from the Undergate to a field of standing black stone, at about a day of descent all told. The Guild's memorandum upon retirement is enclosed also, and it is warm. The way down stands open, the sword-hook stands ready, and the choice is entered as yours.	条款列出宝藏下六层，从深层之门到遍布黑色立石的原野，合计约一日下行。公会另附退休备忘录，纸仍温热。下行道路敞开，挂剑的钩也已备好，决定权记在你名下。	条款列出宝藏下六层，从深门到遍布黑色立石的原野，合计约一日下行。公会另附退休备忘录，措辞恳切。下行道路敞开，挂剑的钩也已备好，决定权记在你名下。
narrative.away.progress.descent.and.dispatches.STORY_EVENTS.128	The script upon the Undergate	深层之门上的文字	深门上的文字
narrative.away.progress.descent.and.dispatches.STORY_EVENTS.129	The Undergate stands open at the stair's foot, its broken seal hung beside it for the assay office. Around the arch runs a script older than the dwarves' oldest reckoning, cut deep and filled with lead. The Guild survey has chalked one line beneath it: text untranslated, door predates warren, proceed on the posted terms.	楼梯尽头的深层之门已打开，破损铅封挂在旁边，留给鉴价所。拱上绕着比矮人最早历法更古老的文字，深刻后填铅。公会勘测队在下方写了一行粉笔：文字未译，门早于巢穴，按已公告条款通行。	楼梯尽头的深门已打开，破损铅封挂在旁边，留给验金所。拱上绕着比矮人最早历法更古老的文字，深刻后填铅。公会勘测队在下方写了一行粉笔：文字未译，门早于巢穴，按已公告条款通行。
narrative.away.progress.descent.and.dispatches.STORY_EVENTS.131	You go through under the untranslated arch at a steady pace, as the posted terms advise. Whatever the lead-filled script says, it has said it to every passer for an age, and the passage is wide.	你依公告建议稳步穿过未译的拱门。填铅文字早已向历代过路人陈述了漫长岁月，门下通道仍宽。	你依公告建议稳步穿过未译的拱门。无论那填铅的文字说些什么，它已对每个过路人说了千百年，而门下通道宽敞。
narrative.away.progress.descent.and.dispatches.STORY_EVENTS.135	The lead has weathered past reading, and the rubbing shows only chisel-work. The assay office will want it anyway, for the tool-marks.	铅已风化得无法辨字，拓印只显出凿痕。鉴价所仍会要它，以便研究工具留下的痕迹。	铅已风化得无法辨字，拓印只显出凿痕。验金所仍会要它，以便研究工具留下的痕迹。
narrative.away.progress.descent.and.dispatches.STORY_EVENTS.139	You copy the broken pillar into your chronicle beside the Undergate's figure. The warren's goblins are hauling the black stone down, by order of somebody, and the hand upon that order is steadier than any goblin's.	你将断柱图形抄进纪事，放在深层之门的图形旁。巢穴地精奉某人的命令，正把黑石往下运；下令那只手，比任何地精都稳。	你将断柱图形抄进纪事，放在深门的图形旁。巢穴地精奉某人的命令，正把黑石往下运；下令那只手，比任何地精都稳。
narrative.away.progress.descent.and.dispatches.STORY_EVENTS.155	You leave the crown where the warren has laid it and enter the shrine in your chronicle. A crown with a keeper is intelligence; a crown in your pack is a war.	你将王冠留在巢穴安放之处，把神龛记入纪事。有主保管的王冠能提供情报，装进你的行囊却会招来战争。	你将王冠留在巢穴安放之处，把神龛记入纪事。有人看守的王冠是情报；进了你行囊的王冠，便是一场战争。
narrative.away.progress.descent.and.dispatches.STORY_EVENTS.163	You keep the causeway and let the drowned road keep its traffic. Two roads run to the same place, and the dry one is yours.	你继续走堤道，水下运输照常来往。两条路通往同一处，你选的是干燥的一条。	你继续走堤道，任那条沉没的路照旧来往。两条路通往同一处，干的那条归你。
narrative.away.progress.descent.and.dispatches.STORY_EVENTS.166	You count the walkers against the road's milestones: bearers in relays, every one laden going down, every one empty-handed coming back. Whatever is below wants the stone faster than the stone can walk.	你借路旁里程石清点行者。他们分段接力，下行个个有负重，回来个个空手。下方索要石头的速度，已经超过徒步搬运所能满足的程度。	你借路旁里程石清点行者。他们分段接力，下行个个有负重，回来个个空手。下方不论是什么，要石头要得比石头走得还快。
narrative.away.progress.descent.and.dispatches.STORY_EVENTS.171	You rub the drawing to dust, enter the dream in your chronicle for the Guild's files, and move camp before the next watch. The advice on the tag was bought with somebody's bad night.	你将图画擦成粉末，把梦记入纪事，留给公会档案，并在下次值守前搬离营地。身份牌上的劝告，来自某个会员难熬的一夜。	你将图画擦成粉末，把梦记入纪事，留给公会档案，并在下次值守前搬离营地。身份牌上这条劝告，是拿某人的一个噩夜换来的。
narrative.away.progress.descent.and.dispatches.STORY_EVENTS.174	You study the drawing as a surveyor would, and the dream loses its grip in the measuring: the stone stands upon a field of grown rock, and the water beyond it is drawn deeper than any tarn. You know the ground now, and the knowing is yours alone.	你用勘测员的眼光研究图画。测量时，梦的牵引减弱了：立石立在长出的岩石原野上，后方水面画得比任何深潭都深。你如今识得那片地形，这份认识留在自己的掌握中。	你用勘测员的眼光研究图画。测量时，梦的牵引减弱了：立石立在长出的岩石原野上，后方水面画得比任何深潭都深。你如今识得那片地形，而这份认识只属于你一人。
narrative.away.progress.descent.and.dispatches.STORY_EVENTS.178	The duergar toll-post at the road's shoulder keeps its rates under glass, amended in a grey clerk's hand: black stone, by the weight, the price trebled and trebled again, delivery below, no questions taken or answered. A standing order at the foot of the board is older than every amendment: the seventh piece commands the seller's own price. Name it.	路肩的灰矮人收费站将费率罩在玻璃下，灰色书记员一再修订：黑石按重计价，价格翻三倍，又翻三倍，送交下方，不接受也不回答提问。布告底部一条长令早于所有修订：第七片由卖者开价，买主照付。	路肩的灰矮人收费站将费率罩在玻璃下，灰色书记员一再修订：黑石按重计价，价格翻三倍，又翻三倍，送交下方，不接受也不回答提问。布告底部有一条常设订单，比所有修订都早：第七片任由卖方开价。请报价。
narrative.away.progress.descent.and.dispatches.STORY_EVENTS.180	You copy the board entire for the Guild's files. A market this hungry has a bottom to it, and the bottom is paying whatever is asked; the Guild will want that figure on record before any member meets the buyer.	你将整张布告抄入公会档案。这般急切的收购必有源头，而源头愿付任何开价；在会员遇上买主之前，公会会需要这些数字。	你将整张布告抄入公会档案。这般饥渴的行情必有个底，而底下的买主开价多少付多少；在任何会员见到买主之前，公会要把那个数目登记在案。
narrative.away.progress.descent.and.dispatches.STORY_EVENTS.184	The toll-clerk reads your hands, rules you no carrier, and returns to the ledger. The unswept side of the road serves honest traffic well enough.	收费员看过你的手，认定你不是运货者，又转回账册。普通行人仍须走未清扫的一侧。	收费员看过你的手，认定你不是运货者，又转回账册。未扫的那一侧，供老实人通行也足够了。
narrative.away.progress.descent.and.dispatches.STORY_EVENTS.188	You give the terms the silence they were measured for and walk on between the standing pieces. Under the water something turns a page, unhurried, and the hum of the field resumes at the old pitch.	你以沉默回应，继续走在竖立的碎片之间。水下有东西从容地翻了一页，原野的嗡声又恢复原来的音高。	你回以这番条件恰好配得上的沉默，继续走在竖立的碎片之间。水下有东西从容地翻了一页，原野的嗡声又恢复原来的音高。
narrative.away.progress.descent.and.dispatches.STORY_EVENTS.195	Beneath the terms you hear it: the voice times its words between the far, faint strokes of the Guild bell upon the rim, and hurries the syllable that would fall upon the hour. Whatever waits under the water fears nothing you carry down to it. It fears a town that counts its own.	你从条件底下听出了端倪：它总在井口公会钟声的微弱间隔中说话，逢整点便急着抢过最后一个音节。水下之物不怕你带下来的任何东西，却怕那座会清点自家人数的镇子。	你从条件底下听出了端倪：它总在井口公会钟声遥远微弱的间隔中说话，遇到会落在整点钟声上的音节，便匆匆带过。水下之物不怕你带下来的任何东西，却怕一座清点自家人的镇子。
narrative.away.progress.descent.and.dispatches.STORY_EVENTS.205	Sign beneath the entry, correctly	在登记下亲笔签名	照规矩在登记下方签名
narrative.away.progress.descent.and.dispatches.STORY_EVENTS.217	You time the peal against your own pulse and the drip of the gate cistern: seven minutes to the second, every hour, rung from an empty belfry by a rope that hauls itself. The town runs on the belfry's time, and now so do you: the watch-rounds and the shutters keep to it, and you pass between them unremarked.	你以自己的脉搏和门口水池的滴水核对钟声。每小时都正好早七分钟，一秒不差；空钟楼里，绳索自行拉动。城镇依钟楼时间运转，守卫巡路、窗板开合都按此进行。你掌握时刻，便从间隙中悄然通过。	你以自己的脉搏和门口水池的滴水核对钟声。每小时都正好早七分钟，一秒不差；空钟楼里，绳索自行拉动。城镇依钟楼的时间运转，如今你也一样：巡夜与窗板都照它行事，你在其间穿行，无人察觉。
narrative.away.progress.descent.and.dispatches.STORY_EVENTS.225	The order stands in the feeding-book in the usual form: one specimen, expected, provision as for the large carnivores. It was entered the day you signed the Roll at Mereward, and it is initialled in the master's own hand: the halls have expected you since the ink of your enrolment dried.	喂食簿上依通常格式写着指令：标本一只，尚待到达，按大型食肉动物备食。登记日期正是你在梅尔沃德签署荣誉名册那天，缩写由主人亲笔签下。你的入会墨迹一干，这些厅室就在等你。	喂食簿上依通常格式写着指令：标本一只，尚待到达，按大型食肉动物备食。登记日期正是你在梅尔沃德签署名册那天，旁有主人亲笔简签：你的入会墨迹一干，这些厅室就在等你。
narrative.away.progress.descent.and.dispatches.STORY_EVENTS.230	You close the folio upon its ribbon and set a desk-weight upon the cover. What the scriptorium writes it may write; a page unread binds nobody, and the survey will want the lectern's number in any case.	你依书签带合上册子，将镇纸压在封面。不论抄写室写了什么，未读的纸页拘不住人；你先记下书台编号，勘测队总会需要。	你依书签带合上册子，将镇纸压在封面。抄写室要写什么，由它写去；未读之页约束不了任何人。无论如何，勘测队总要知道这座书台的编号。
narrative.away.progress.descent.and.dispatches.STORY_EVENTS.247	You break the pouring-channel at the joint, as a surveyor spikes an unsafe winch, and chalk the Guild's condemnation mark upon the mould. What the foundry meant to pour into your shape will keep to the crucible, and the works are one order harder to give.	你在接缝处打断浇道，像勘测员废止危险绞车一样，在模具上画了公会停用标志。原本要铸成你模样的材料，只得留在坩埚里，这道生产指令也无法照常执行。	你在接缝处打断浇道，像勘测员废止危险绞车一样，在模具上画了公会停用标志。原本要铸成你模样的材料，只得留在坩埚里；工坊再要下这道令，便难了一层。
narrative.away.progress.descent.and.dispatches.STORY_EVENTS.273	You take the servants' door behind the dais rather than wait upon a sitting that will not come, and start down the stair after the jar. The court has been a door all along, and no adventurer before you has passed behind the dais.	你穿过高台后的仆役门，沿楼梯追着陶罐下去。此前无人越过的高台之后，原来才是宫廷真正守着的通道。	你不去等一场不会再开的庭，径直穿过高台后的仆役门，追着陶罐沿楼梯下行。这座宫廷原来一直是一道门，而在你之前，没有哪个冒险者走到过高台背后。
narrative.away.progress.descent.and.dispatches.STORY_EVENTS.279	The stacks of the Roll Below run back into the dark past the lantern's reach, and every volume keeps the same double column: a warden's name entered at the head of a season in a firm hand, and struck through at the foot of it in a fainter one. The earliest volumes are written in the elder script of the Undergate arch, and the lead of their bindings is untarnished. You have seen this manifest before, in pieces, all the way down.	地下名册库的书架伸入灯光够不到的黑暗，每卷都有相同的双栏：季度起首以有力笔迹写下一位守封者的姓名，季度末尾再用较淡的笔迹划去。最早的卷册用深层之门拱上那种古文字写成，铅制装订尚未失去光泽。一路下行，你已零散见过这份名录。	地下名册库的书架伸入灯光够不到的黑暗，每卷都有相同的双栏：季度起首以有力笔迹写下一位守封者的姓名，季度末尾再用较淡的笔迹划去。最早的卷册用深门拱上那种古文字写成，铅制装订尚未失去光泽。一路下行，你已零散见过这份名录。
narrative.away.progress.descent.and.dispatches.STORY_EVENTS.300	You read the deep by its draught and its water: the seal leaks upward here, and what it lets loose climbs cell by cell and floor by floor toward the surface and the Guild's own noticeboard rather than falling to the Bottom. Everything that ever came up the Maw came up this way, through a wound the wardens have been driving shut since before Mereward. You go down toward the driving.	你依气流与水势辨认深处：封印在这里向上泄漏。放出的东西一间牢、一层楼地爬向地表，爬向公会自己的布告栏。历来从巨口出来的一切，都走过这条裂口，守封者从梅尔沃德出现之前就一直把它强压回去。你朝压封机械的方向继续下行。	你依气流与水势辨认深处：封印在这里向上泄漏。放出的东西并不坠向巨口之底，而是一间牢、一层楼地爬向地表，爬向公会自己的布告栏。历来从巨口出来的一切，都走过这条裂口，守封者从梅尔沃德出现之前就一直把它强压回去。你朝压封机械的方向继续下行。
narrative.away.progress.descent.and.dispatches.STORY_EVENTS.308	You time the drum against the sound that answers it from below, and the count comes clear: the works drive water against a wound to hold it shut, and the thing beyond the wound answers the beam a beat late, patient as a debtor turning in its sleep. The counting in sevens that has run through every floor of the Maw is the wardens keeping the wound shut, and the drum has told you the truth since the warren. You go down toward the wound.	你将鼓声与下方回应对时，数目终于清楚：机械把水压向伤口，将它强行闭合，伤口彼面的东西迟一拍回应横梁，耐心得像睡梦翻身的债徒。贯穿巨口每层的七次计数，是守封者在强压伤口；自巢穴起，鼓声便一直报着这个实情。你朝伤口继续下行。	你将鼓声与下方回应对时，计数由此明了：机械把水压向一道伤口，迫其闭合；伤口彼面的东西总迟一拍回应横梁，耐心得像睡梦中翻身的债徒。贯穿巨口每一层的七次计数，便是守封者在守住伤口不令其开；自巢穴起，鼓声便一直报着这个实情。你朝伤口继续下行。
narrative.away.progress.descent.and.dispatches.STORY_EVENTS.316	You read the vault before he rises: the fire laid and never lit, the new Roll blank and charged, the seventh seal whole upon the wall, and the warmth that rises through the floor from the wound below. He has kept the jar unfed because he could not bring himself to feed the first name to the flame, and he has kept the count alone rather than break it, and he is the last honest warden upon the Roll. You go to the desk knowing the shape of the tragedy before it speaks its first line.	他起身前，你看清密室：柴火备好却从未点燃，新名册空白而待写，墙上第七道封印完整，地板下伤口的暖意不断升起。他无法让自己把第一个姓名送进火焰，因此始终未喂养陶罐；他宁可独自计数，也未将计数中断，是名册上最后一位恪守职分的守封者。走到桌前时，你已明白他独守至今的缘由。	他起身前，你看清密室：柴火备好却从未点燃，新名册空白而待写，墙上第七道封印完整，地板下伤口的暖意不断升起。他无法让自己把第一个姓名送进火焰，因此始终未喂养陶罐；他宁可独自计数，也不肯将计数中断，是名册上最后一位诚实的守封者。你走到桌前，这出悲剧尚未念出第一句台词，你已看清它的全貌。
narrative.away.progress.descent.and.dispatches.STORY_EVENTS.319	A sealed letter lies upon the sill of the last door, in the Lich's own hand, the wax stamped with the seal of the Last Vault. It carries no clock, and will wait in your satchel until you choose. It reads: "To the adventurer upon my stair, this last of many letters. You have ended me, as I ended the warden before me, and there is now no keeper upon the Roll but you. Know what you carry. The jar is the lock upon the last door, and the door stands open at your back. Set the lock anew and take up the count, and the deep will hold another age. Or go down, and settle the debt beneath by your own hand, and let the count end with you. The choice was never offered to me. I commend it to you, with the seal of the Last Vault, which is yours now, as is everything below it."	最后一道门的门槛上放着一封封好的信，是巫妖亲笔，蜡上盖着最后密室的印。信没有时限，会留在信袋里等你选择。信中写道：「致我楼梯上的冒险者，这是许多信中的最后一封。你已杀死我，如同我当年杀死前任守封者。如今名册上除了你，已无看守。请认清手中之物。陶罐是最后一道门的锁，门正敞在你身后。重设锁，接下计数，深处还能维持漫长岁月。或者继续下去，亲手结清下方的债，让计数到你为止。我从未得到过这种选择。现在我将它连同最后密室的封印托付给你，密室与你脚下的一切，如今都属于你。」	最后一道门的门槛上放着一封封好的信，是巫妖亲笔，蜡上盖着最后密室的印。信没有时限，会留在信囊里等你选择。信中写道：「致我楼梯上的冒险者，这是许多信中的最后一封。你已终结了我，如同我当年终结前任守封者。如今名册上除了你，已无看守。请认清手中之物。陶罐是最后一道门的锁，门正敞在你身后。重设此锁，接下计数，深处便可再镇住一个时代。或者继续下去，亲手结清下方的债，让计数到你为止。这个选择从未有人给过我。现在我将它托付给你，连同最后密室的封印——封印如今归你，其下的一切亦然。」
narrative.away.progress.descent.and.dispatches.STORY_EVENTS.322	You choose the count. When the debt is met at the Bottom you will drive it down and set the lock anew, the jar for a keystone, and take up the keeping the last warden could not lay down. The choice is entered upon the Roll.	你选择计数。在世界之底迎上那笔债时，你将把它压回去，以陶罐作锁芯重设封锁，接下末代守封者始终无法放下的守护。选择已记入荣誉名册。	你选择计数。在巨口之底迎上那笔债时，你将把它压回去，以陶罐作锁芯重设封锁，接下末代守封者始终无法放下的守护。选择已记入荣誉名册。
narrative.away.progress.descent.and.dispatches.STORY_EVENTS.325	You choose the settlement. When the debt is met at the Bottom you will break it by your own hand and let the count end with you, and no warden will come after upon the Roll. The choice is entered upon the Roll.	你选择清偿。在世界之底迎上那笔债时，你将亲手将其打破，让计数到你为止，荣誉名册此后再无继任守封者。选择已记入荣誉名册。	你选择清偿。在巨口之底迎上那笔债时，你将亲手将其打破，让计数到你为止，荣誉名册此后再无继任守封者。选择已记入荣誉名册。
narrative.away.progress.descent.and.dispatches.STORY_EVENTS.327	The drowned foundation is the oldest stratum of the Maw, and it was worked from the far side: every chisel-stroke in the stone rises toward the surface, cut by a hand standing below and reaching up. Here the two diggings meet, the wardens' stair coming down and the foundation rising, and the milestone's chiselled-off city-name and the assay office's tool-marks come home at last, for the same tools cut both.	沉水地基是巨口最古老的地层，从另一面开凿而成。每一道凿痕都朝向地表，是有人站在下方抬手凿的。守封者的楼梯向下，地基向上，两路开凿在此相遇。里程石上凿掉的城市名、鉴价所记录的工具痕终于连成一事，因为两处都用了同样的工具。	沉水地基是巨口最古老的地层，从另一面开凿而成。每一道凿痕都朝向地表，是有人站在下方抬手凿的。守封者的楼梯向下，地基向上，两路开凿在此相遇。里程石上凿掉的城市名、验金所记录的工具痕终于连成一事，因为两处都用了同样的工具。
narrative.away.progress.descent.and.dispatches.STORY_EVENTS.335	The unwritten floor is on no map the survey keeps, and it keeps no record of you: your chalk leaves no line and your boot no print. Whatever passed the last door was entered outward bound in the Roll above, in the firm hand of its season, and the return column against every such entry stands open to this day, for nothing that went down this far was ever entered as returned.	无记之层不在勘测队任何地图上，也留不下你的记录：粉笔画不出线，靴子踩不出印。凡越过最后一道门的，都由当季坚定的笔迹记为出行；对应的归来栏至今空着，从未有谁下到这里后被登记为归来。	无记之层不在勘测队任何地图上，也留不下你的记录：粉笔画不出线，靴子踩不出印。凡越过最后一道门的，都已在上方名册中由当季坚定的笔迹记为出行；每条记录对应的归来栏至今空着，因为下到这般深处的，从未有一个被登记为归来。
narrative.away.progress.descent.and.dispatches.STORY_EVENTS.343	The great chain of the chained dark lies slack for a mile before the first parted link, drawn open from the inside rather than broken. Every bond is signed at its anchor by the warden who set it, seven signatures in seven hands, the eldest cut deepest in the elder script of the Undergate arch, and the six below it running down to a hand you have come to know from the Roll and the vault.	锁链暗域的巨链松垂一英里，才到第一个分开的链环。它是从里面拉开的，并未折断。每处束链的锚点都有当年设置者的签名，七种笔迹，七个姓名；最古老的刻得最深，用深层之门拱上的古文字，其后六种依次延续，直到一种你在名册与密室中已经熟悉的字。	锁链暗域的巨链松垂一英里，才到第一个分开的链环。它是从里面拉开的，并未折断。每处束链的锚点都有当年设置者的签名，七种笔迹，七个姓名；最古老的刻得最深，用深门拱上的古文字，其后六种依次延续，直到一种你在名册与密室中已经熟悉的字。
narrative.away.progress.descent.and.dispatches.STORY_EVENTS.351	Every omen of the descent comes home upon the waking ground: the flood that ebbed and returned in the drowned undertemple as though the temple breathed, the tread you felt through the floor of the manor halls, and the counting. Tally-marks are cut into the bedrock in a hand too large to read up close, grouped in sevens, and a single mark stands bright and fresh at the end of the newest seven, cut into the old stone since the Last Vault fell silent above you, its edges not yet worn.	一路的预兆在苏醒之地汇合：沉水地庙随呼吸般涨落的水，重影厅室地板下感觉到的脚步，以及计数。基岩上刻着巨大笔迹的计数痕，近处难以读全，每七道一组。最新一组末尾有一道鲜亮的刻痕，是上方最后密室归于沉寂后才凿进旧石的，边缘尚未磨损。	一路的预兆在苏醒之地汇合：沉水地庙随呼吸般涨落的水，庄园厅室地板下感觉到的脚步，以及计数。基岩上刻着巨大笔迹的计数痕，近处难以读全，每七道一组。最新一组末尾有一道鲜亮的刻痕，是上方最后密室归于沉寂后才凿进旧石的，边缘尚未磨损。
narrative.away.progress.descent.and.dispatches.STORY_EVENTS.359	You took the glow for the gold of a hoard once before, in the Wyrm's Vault where Malgrith slept, and here at the Bottom it is the thing itself: the first hoard runs down without a floor to it, coin struck by kings the Roll gives no seasons to, and the coin is warm, warm as a hand, and the glow that comes up through it is the light of the thing breathing beneath.	马尔格里斯睡在巨龙宝窟时，你曾把这光当成宝藏本身的金色。到了世界之底，才看见真正的源头：最初的宝藏向下延伸，看不到底，钱币由名册从未记过年代的国王铸造，温得像人的手。穿过钱币升起的光，来自下方呼吸之物。	你曾在马尔格里斯沉睡的巨龙宝窟，把这种光错当作宝藏的金色；到了巨口之底，它确是宝藏本身。最初的宝藏向下铺去，不见其底，钱币由名册未载年代的国王所铸，温得像人的手。穿过钱币升起的光，来自下方呼吸之物。
narrative.away.progress.descent.and.dispatches.STORY_EVENTS.361	You go down the warm coin toward the glow, the whole descent narrowing to this last fall, and whatever you chose upon the sill of the last door you will settle it here, at the bottom of the world, with the debt the deep was dug to bury. The way down is barred by one thing more, and it has been waiting an age to be met.	你沿温热钱币朝光下去，整场下行收束到这最后一段。无论最后门槛上选了什么，都将在世界之底，与这片深处本为埋葬的债一起决断。下行路还剩一个东西挡着，它已等了漫长岁月。	你沿温热钱币朝光下去，整场下行收束到这最后一段。无论在最后一道门槛上选了什么，都将在这世界的最底处了结，连同当初挖出这片深渊所要埋葬的那笔债。下行路还剩一个东西挡着，它已等了漫长岁月。
narrative.away.progress.descent.and.dispatches.STORY_EVENTS.367	You came down the crag road out of a bank of standing mist that has lain across the moor in the same place longer than the Guild has kept records of it, and the mist has closed behind you. It stands at the head of the road now as it stood at the foot, grey and still and giving nothing back, and the way out of this valley is the way you came, and the way you came is no longer there. Below you the roofs of Hollowmere show their shutters barred upon the street side, every one of them, and above you the crag holds a house with one window lit.	你从凝立的雾里沿崖路下来，那片雾横在荒原同一位置的年月，比公会关于它的记录还久。如今雾已在身后合拢，在路首与先前路脚一样灰而静。出谷本该循来路，来路却已不在。脚下霍洛米尔每一户都从街面闩住窗板，头顶崖上的宅邸只有一扇窗亮着。	你从凝立的雾里沿崖路下来，那片雾横在荒原同一位置的年月，比公会关于它的记录还久。如今雾已在身后合拢，立在路的上端，一如先前立在路的下端，灰而静，什么也不回应。出谷本该循来路，来路却已不在。脚下霍洛米尔每一户都从街面闩住窗板，头顶崖上的宅邸只有一扇窗亮着。
narrative.away.progress.descent.and.dispatches.STORY_EVENTS.391	The reliquary of Saint Ordel comes up out of the black water of Ysmere on the end of a drag-line, silver-gilt and sound, with the seal upon it whole and the fen's mud packed into the tracery. It was thrown into this lake the season the abbey fell, and it has lain there ever since in water that keeps everything and gives back nothing. The chapel of the castle has stood shuttered from within and wedged with a beam for three hundred years, and this is the thing that chapel was built around, and it is in your hands.	拖索末端从伊斯米尔黑水中带出圣奥德尔的圣物匣。鎏金银匣完好，封印完整，沼泥塞满镂花。当年修道院倒塌的季度，它被抛进这湖，此后一直沉在留住万物的水中。城堡礼拜堂从内部闭窗、用横梁楔死，已三百年；那座礼拜堂原本围绕供奉之物而建，如今这件东西就在你手里。	拖索末端从伊斯米尔黑水中带出圣奥德尔的圣物匣。鎏金银匣完好，封印完整，沼泥塞满镂花。修道院覆灭那一季，它被抛进这湖，此后一直沉在留住万物、不还一物的水中。城堡礼拜堂从内部闭窗、用横梁楔死，已三百年；那座礼拜堂正是围绕此物而建，如今它就在你手里。
narrative.away.progress.descent.and.dispatches.STORY_EVENTS.401	You take the feeding-book off its nail and put it in your pack. The crag is an establishment before it is a curse, and an establishment answers to whoever holds the seat, and that is a fact worth carrying into the hall.	你从钉上取下喂食簿，装进行囊。这座崖上宅邸有一套管事的规制，而规制服从掌握主位的人；进大厅时，你可以据此行事。	你从钉上取下喂食簿，装进行囊。这座山崖首先是一套家宅规制，其次才是一道诅咒；规制只听命于坐在主位的人，这一点值得带进大厅。
narrative.away.progress.descent.and.dispatches.STORY_EVENTS.404	You work the round of the runs out of the book and walk it once yourself, gate by gate and trough by trough, and the house lets you. The gates open under your hand, the trough fills at the hour you stand beside it, and nothing in the establishment troubles itself over which hand it is. That is the most useful thing this valley has told you.	你依账簿理清巡路，亲自逐门逐槽走了一遍，宅邸任你行事。门在你手下打开，你站到槽旁，到了时刻便自动添食。这套规制只认职务，不问是哪只手在履行。	你依账簿理清巡路，亲自逐门逐槽走了一遍，宅邸任你行事。门在你手下打开，你站到槽旁，到了时刻便自动添食；这套规制毫不在意履职的是谁的手。这是谷地至今告诉你的最有用的一件事。
narrative.away.progress.descent.and.dispatches.STORY_EVENTS.407	A sealed letter is set upon the sill of the hall door, in a fine old hand, the wax stamped with a crow. It carries no clock, and it will keep in your satchel until you answer it. It reads: "To whoever has come up my crag, and there have been a number. You will have been told in the village that I keep this valley. It is truer to say that the valley and I were shut in together, and that I have been the only one of us able to do anything about it. Four things may be done in my hall tonight and I have thought about all four for three hundred years. Burn me and the Vale keeps its mist and loses its lord, which is the answer the village would give if the village were asked. Bring up what the abbot's chapel was built to hold and let the morning in, if you have found it and if you can carry it. Take the ring off my hand and the seat at my table and keep the Vale as it must be kept, if you have learned that the house keeps to a hand and not to a man. Or read out the name I was christened before ever there was a count here, if the abbey wrote it down and you have read it. I commend the choosing to you. I have had no one to commend it to before."	大厅门槛上放着一封封好的信，旧体字优美，蜡印是一只乌鸦。它没有时限，会留在信袋里，直到你回答。信中写道：「致登上我山崖的人，此前已有不少。村里想必告诉你，是我把这山谷关住。更准确地说，是我与山谷一同被关进来，而我们之中，只有我曾能为此做些什么。今夜在我的大厅里，可以做四件事，我已经将它们想了三百年。烧死我，谷地便留下雾、失去领主，若问村里，这就是他们的回答。若你找到了院长礼拜堂本为供奉之物，也拿得动，就把它带上来，让清晨进门。若你已明白宅邸服从执事之手，而非某一个人，就取下我手上的戒指，坐上我桌旁的主位，照它必须被照管的方式守住谷地。或者，若修道院写过、你也读过，就念出此地尚无伯爵时我受洗的名字。我将选择托付给你。此前，我从未有过可以托付的人。」	大厅门槛上放着一封封好的信，一手古雅好字，蜡印是一只乌鸦。它没有时限，会留在信囊里，直到你回答。信中写道：「致登上我山崖的人，此前已有不少。村里想必告诉你，是我把这山谷关住。更准确地说，是我与山谷一同被关进来，而我们之中，一向只有我能对此有所作为。今夜在我的大厅里，可以做四件事，我已经将它们想了三百年。烧死我，谷地便留下雾、失去领主，若问村里，这就是他们的回答。若你找到了院长礼拜堂本为供奉之物，也拿得动，就把它带上来，让清晨进门。若你已明白宅邸认的是那只手，而非那个人，就取下我手上的戒指，坐上我桌旁的主位，照它必须被照管的方式守住谷地。或者，若修道院写过、你也读过，就念出此地尚无伯爵时我受洗的名字。我将选择托付给你。此前，我从未有过可以托付的人。」
narrative.away.progress.descent.and.dispatches.buyCrate.003	The crate holds a smaller crate, and within that, only straw. The deep keeps its bargains poorly.	木箱里还有一个小木箱，里面只有稻草。你付的钱换来了两个空箱子。	木箱里套着个小木箱，小木箱里只有稻草。深处做买卖，向来不大讲信用。
narrative.away.progress.descent.and.dispatches.closeStandingAtRetirement.001	One choice went unanswered to the last: {markup1}{value1}{markup2}. The matter has taken the first road, which is always the safe one, and the Guild has entered it so.	一项选择始终未获答复：{markup1}{value1}{markup2}。公会已采用安全的第一项，并据此登记。	一项选择直到最后仍未获答复：{markup1}{value1}{markup2}。此事已走第一条路——第一条路向来是安全的——公会已照此登记。
narrative.away.progress.descent.and.dispatches.closeStandingAtRetirement.002	{value1} choices went unanswered to the last, and the Guild has taken the first road upon each of them, which is always the safe one, and entered them so. They stand in your Story under the Guild's own hand.	共有{value1}项选择始终未获答复。公会逐项采用安全的第一项，并将结果记入剧情，署上公会的名义。	共有{value1}项选择直到最后仍未获答复。公会逐项替你走了第一条路——第一条路向来是安全的——并照此登记。它们留在剧情中，由公会亲笔署名。
narrative.away.progress.descent.and.dispatches.displayFate.001	This letter keeps. A crowded satchel never settles it, and it stands in your Story until you answer it or the chronicle closes.	这封信会保留。信袋拥挤也不会替你作答，它会留在剧情中，直到你回答或本次纪事结束。	这封信会保留。信囊拥挤也不会替你作答，它会留在剧情中，直到你回答或本部纪事结束。
narrative.away.progress.descent.and.dispatches.extra.FATE_EVENTS.012	 If the face is of no interest, the drill yard stands open instead: a season of drill for one hand of your choosing, worth up to two rungs of study, once in a chronicle and this one is unspent.	若你不想换这个帮手，也可选训练场服务：任选一个帮手操练一季，最多提升两级学识。每次纪事限一次，本次尚未使用。	若你不想换这个帮手，也可选训练场服务：任选一个帮手操练一季，最多提升两级学识。每部纪事限一次，本次尚未使用。
narrative.away.progress.descent.and.dispatches.extra.FATE_EVENTS.015	the drill yard has already had its season of your strength this chronicle.	本次纪事的训练季名额已经用过。	本部纪事的训练季名额已经用过。
narrative.away.progress.descent.and.dispatches.extra.STORY_EVENTS.012	 Your own working flickers with the lamps: {value1} gutters like a candle under a cup.	 你的法术也随灯火闪烁：{value1}像扣在杯底的烛火一样摇曳。	 你的术法也随灯火闪烁：{value1}像扣在杯下的烛火一样摇曳欲灭。
narrative.away.progress.descent.and.dispatches.extra.catchupFigures.003	 gold earned while away (before spending)	金币所得	金币（离线所得，未计支出）
narrative.away.progress.descent.and.dispatches.extra.catchupFigures.004	{"select":"count.plural","cases":{"one":" gold piece earned while away (before spending)","other":" gold pieces earned while away (before spending)"}}	{"select":"count.plural","cases":{"one":"枚金币所得","other":"枚金币所得"}}	{"select":"count.plural","cases":{"one":"枚金币（离线所得，未计支出）","other":"枚金币（离线所得，未计支出）"}}
narrative.away.progress.descent.and.dispatches.extra.critSaid.002	A nineteen, counted for a twenty upon your papers	依你的证件，将19计作20	掷出19，依你的证件记作20
narrative.away.progress.descent.and.dispatches.extra.outSay.006	 The offer stands upon your {value1}, {value2}{value3} would be taken back onto the Guild's general strength, with thanks for good service{value4} The new hireling takes the departing hand's rank, up to its own rank limit, and the Guild enters it in the book upon the spot.	这份提议将替换你现有的{value1}{value2}。{value3}公会会感谢原帮手的效力，并将其调回公会总名册。{value4}新雇员继承离队雇员的等级，但不超过自己的等级上限。公会当场将其记入册中。	这份提议将替换你现有的{value1}{value2}。{value3}公会会感谢原帮手的效力，并将其调回公会总名册。{value4}新帮手继承离队帮手的等级，但不超过自己的等级上限。公会当场将其记入册中。
narrative.away.progress.descent.and.dispatches.extra.showAwayReport.006	Gold earned while away (before spending)	所得金币	离线所得金币（未计支出）
narrative.away.progress.descent.and.dispatches.fateAutoAnswer.001	The Guild answers the road for you: {value1} the first road, which is always the safe one.	公会替你答复了选择：{value1}安全的第一项。	公会替你择定了路：{value1}第一条路，向来是安全的那条。
narrative.away.progress.descent.and.dispatches.offerShrine.001	You have not fifteen gold to give, and the shrine keeps its silence.	你拿不出十五枚金币，神龛未赐下祝福。	你拿不出十五枚金币，神龛默然无应。
narrative.away.progress.descent.and.dispatches.settleDispatchOverflow.001	A choice went unanswered: {markup1}{value1}{markup2}. The matter has taken the first road, which is always the safe one, and resolved itself in your silence.	一项选择未获答复：{markup1}{value1}{markup2}。此事已按安全的第一项处理，在你未作答时自行解决。	一项选择未获答复：{markup1}{value1}{markup2}。此事已走第一条路——第一条路向来是安全的——在你的沉默中自行了结。
narrative.away.progress.descent.and.dispatches.text.022	Captain Reed spreads the coast's completed chart upon the cutter's table. Beyond the next headland, Vane's command fort holds the last harbour seal. You can publish the soundings through the Guild and open the passage to every arriving vessel, or entrust the inner chart to the rescued shipmasters and keep their refuge sheltered from the coast road. Both courses bring the convoy home. Publishing the charts awards the lantern of open waters, an artefact accessory that shortens ordinary travel by 15%. Protecting the refuge awards the heart of the haven, an artefact accessory that reduces incoming damage by 15%. Each reward remains in the armoury after retirement. Publishing also unlocks the Chartmaker origin for future adventurers. Protecting the refuge unlocks the Swashbuckler trade. Either ending opens the Tideborn folk of the island coasts. The letter keeps until the command fort falls; an unanswered letter publishes the charts.	里德船长在快帆船桌上铺开已经绘全的海岸图。下一个岬角之外，韦恩的指挥堡垒守着最后一枚港口印章。你可以通过公会公布水深测量，让所有来船都能通行；也可以将内部海图托付获救船长，让他们的庇护所继续避开沿海道路。两条路都能让船队归家。公布海图奖励「通航之灯」，是一件使普通旅行时间缩短15%的神器饰品。保护庇护所奖励「避风港之心」，是一件使所受伤害降低15%的神器饰品。退休后，奖励仍保留在军械库。公布海图还会为今后的冒险者解锁海图师出身；保护庇护所会解锁剑客职业。任一结局都会解锁海岛沿岸的潮生者族裔。这封信保留至指挥堡垒陷落；未作答时，默认公布海图。	里德船长在快帆船桌上铺开已经绘全的海岸图。下一个岬角之外，韦恩的指挥堡垒守着最后一枚港口印章。你可以通过公会公布水深测量，让所有来船都能通行；也可以将内部海图托付获救船长，让他们的庇护所继续避开沿海道路。两条路都能让船队归家。公布海图奖励「开阔水域之灯」，是一件使普通旅行时间缩短15%的神器饰品。保护庇护所奖励「避风港之心」，是一件使所受伤害降低15%的神器饰品。退休后，奖励仍保留在军械库。公布海图还会为今后的冒险者解锁海图师出身；保护庇护所会解锁剑客职业。任一结局都会解锁海岛沿岸的潮生者族裔。这封信保留至指挥堡垒陷落；未作答时，默认公布海图。
narrative.away.progress.descent.and.dispatches.train.001	The yard takes {markup1}{value1}{markup2} for a season of drill and sends it back the better for it, at rank {value2}, {value3}. {value4} The Guild drills one hand a chronicle at its own cost, and this chronicle's season is spent.	训练场接走{markup1}{value1}{markup2}，完成一季操练后送回，等级升至{value2}，{value3}。{value4}公会每次纪事只自费训练一个帮手，本次名额已用完。	训练场接走{markup1}{value1}{markup2}，完成一季操练后送回，等级升至{value2}，{value3}。{value4}公会每部纪事只自费训练一个帮手，本次名额已用完。
narrative.dispatch.autoAnswer	{"one":"The Guild answers the road for you: one choice takes the first road, which is always the safe one.","other":"The Guild answers the road for you: {count} choices take the first road, which is always the safe one."}	{"other":"公会替你答复了{count}项选择，一律采用安全的第一项。"}	{"other":"公会替你择了路：{count}项选择皆走第一条路——第一条路向来稳妥。"}
narrative.generators.buffs.and.rewards.RUMOUR_FRAMES.001	At the Guildhouse counter, a clerk waiting on the scales lets fall that 	在公会馆的柜台前，一名等候过秤的书记员随口提起：	在公会馆的柜台前，一名守着秤的书记员随口提起：
narrative.generators.buffs.and.rewards.RUMOUR_FRAMES.005	A recruiting-sergeant working the new signings at the board holds that 	征募军士正在布告栏前招收新人。他说，	一名在布告栏前招揽新人的征募军士坚称，
narrative.generators.buffs.and.rewards.RUMOUR_FRAMES.007	A tally-clerk, ruling off the year-book, remarks in passing that 	一名账房书记员在年册上划好格线，顺口说道：	一名账房书记员正为年册划线结账，顺口说道：
narrative.generators.buffs.and.rewards.addBuff.001	{markup1}{value1}{markup2} eases the hurt, and its course runs the shorter for it.	{markup1}{value1}{markup2}减轻了伤痛，也缩短了它的持续时间。	{markup1}{value1}{markup2}减轻了伤痛，病程也随之缩短。
narrative.generators.buffs.and.rewards.buffTip.005	 An ill of the road runs shorter for the hardy (CON), the tended (the Infirmary), and those whose mending workings fire.	体魄（CON）、医务室照料以及触发的疗伤能力都会缩短病痛。	体魄（CON）、医务室照料以及触发的疗伤术法都会缩短病痛。
narrative.generators.buffs.and.rewards.buffTip.007	 It holds while the moon holds, and gives out a few minutes after the moon sets.	月亮升起时效果持续，月落几分钟后结束。	月在则效力在，月落几分钟后消散。
narrative.generators.buffs.and.rewards.buffTip.008	 Lasts while the moon is up, ending a few minutes after moonset.	月亮升起时持续，月落几分钟后结束。	月亮在天时持续，月落几分钟后结束。
narrative.generators.buffs.and.rewards.drawMoonRelic.001	The carcass is still under the red light, and there is a disc in the middle of it that the light is coming out of rather than falling upon: {markup1}{value2}{markup2}. {value3}	尸体仍浸在红光中，中央有一枚圆盘。红光从盘中发出，照亮了周围的血肉：{markup1}{value2}{markup2}。{value3}	尸体仍浸在红光里，中央有一枚圆盘——光并非落在盘上，而是从盘中透出：{markup1}{value2}{markup2}。{value3}
narrative.generators.buffs.and.rewards.drawPaleRelic.001	The pale thing is down, and what is under it is not bone: plate the colour of the beast itself, cold through the glove: {markup1}{value2}{markup2}. {value3}	苍白的怪物倒下了。它身下露出一块与它同色的甲片，寒意透过手套传来：{markup1}{value2}{markup2}。{value3}	苍白的怪物倒下了，它身下露出的不是骨头，而是一块与它同色的甲片，寒意透过手套传来：{markup1}{value2}{markup2}。{value3}
narrative.generators.buffs.and.rewards.extra.gainSpellRoll.001	{value1}, {value2} degree	{value1}，第{value2}级	{value1}，第{value2}阶
narrative.generators.buffs.and.rewards.extra.gainSpellRoll.002	{value1}, {value2} degree	{value1}，第{value2}级	{value1}，第{value2}阶
narrative.generators.buffs.and.rewards.extra.tutorBrief.001	{value1}, {value2} degree	{value1}，第{value2}级	{value1}，第{value2}阶
narrative.generators.buffs.and.rewards.questReward.002	The quartermaster offers {value1}, and enters it in the book. The fitting of your kit is your own affair, so the piece goes to the scales at the door and the counter pays for the metal.	军需官给出{value1}，并记入账册。你自行决定装备的配备，因此这件物品送到门口过秤，由柜台按金属价值收购。	军需官给出{value1}，并记入账册。装备如何配置由你自己做主，因此这件物品送到门口过秤，由柜台按金属价值收购。
narrative.generators.buffs.and.rewards.refitFromVault.001	The quartermaster refits your equipment, and {value1} made anew from the patterns in the Guild's register.	军需官重新接管装备，依照公会登记的式样重铸{value1}。	军需官为你重新配齐装备，依照公会登记的式样重铸{value1}。
narrative.hireling.exchange.other.alone	 The offer stands upon your {who}, {name}, who would be taken back onto the Guild's general strength, with thanks for good service. The new hireling takes the departing hand's rank, up to its own rank limit, and the Guild enters it in the book upon the spot.	这份提议将替换你现有的{who}{name}。公会会感谢原雇员的效力，并将其调回公会的人手名册。新雇员继承离队雇员的等级，但不超过自己的等级上限。公会当场将其记入册中。	这份提议将替换你现有的{who}{name}。原帮手将调回公会编制，公会谨谢其效力。新帮手继承离队帮手的等级，但不超过自己的等级上限。公会当场将其记入册中。
narrative.hireling.exchange.other.staying	{"one":" The offer stands upon your {who}, {name}, who would be taken back onto the Guild's general strength, with thanks for good service, while {companions} keeps a place at your side. The new hireling takes the departing hand's rank, up to its own rank limit, and the Guild enters it in the book upon the spot.","other":" The offer stands upon your {who}, {name}, who would be taken back onto the Guild's general strength, with thanks for good service, while {companions} keep a place at your side. The new hireling takes the departing hand's rank, up to its own rank limit, and the Guild enters it in the book upon the spot."}	{"other":"这份提议将替换你现有的{who}{name}。公会会感谢原雇员的效力，并将其调回公会的人手名册；{companions}仍留在你身边。新雇员继承离队雇员的等级，但不超过自己的等级上限。公会当场将其记入册中。"}	{"other":"这份提议将替换你现有的{who}{name}。原帮手将调回公会编制，公会谨谢其效力；{companions}仍留在你身边。新帮手继承离队帮手的等级，但不超过自己的等级上限。公会当场将其记入册中。"}
narrative.hireling.exchange.same.alone	 The offer stands upon your {who}, {name}, who works the same trade and would be taken back onto the Guild's general strength, with thanks for good service. The new hireling takes the departing hand's rank, up to its own rank limit, and the Guild enters it in the book upon the spot.	这份提议将替换你现有的{who}{name}，双方从事同一行当。公会会感谢原雇员的效力，并将其调回公会的人手名册。新雇员继承离队雇员的等级，但不超过自己的等级上限。公会当场将其记入册中。	这份提议将替换你现有的{who}{name}，二者职业相同。原帮手将调回公会编制，公会谨谢其效力。新帮手继承离队帮手的等级，但不超过自己的等级上限。公会当场将其记入册中。
narrative.hireling.exchange.same.staying	{"one":" The offer stands upon your {who}, {name}, who works the same trade and would be taken back onto the Guild's general strength, with thanks for good service, while {companions} keeps a place at your side. The new hireling takes the departing hand's rank, up to its own rank limit, and the Guild enters it in the book upon the spot.","other":" The offer stands upon your {who}, {name}, who works the same trade and would be taken back onto the Guild's general strength, with thanks for good service, while {companions} keep a place at your side. The new hireling takes the departing hand's rank, up to its own rank limit, and the Guild enters it in the book upon the spot."}	{"other":"这份提议将替换你现有的{who}{name}，双方从事同一行当。公会会感谢原雇员的效力，并将其调回公会的人手名册；{companions}仍留在你身边。新雇员继承离队雇员的等级，但不超过自己的等级上限。公会当场将其记入册中。"}	{"other":"这份提议将替换你现有的{who}{name}，二者职业相同。原帮手将调回公会编制，公会谨谢其效力；{companions}仍留在你身边。新帮手继承离队帮手的等级，但不超过自己的等级上限。公会当场将其记入册中。"}
narrative.lowercase.guildWork.50	the Noticeboard	布告栏	布告板
narrative.lowercase.region.29	the Bottom	世界之底	巨口之底
narrative.lowercase.region.6	the Undergate	深层之门	深门
narrative.rumour.frame.001	At the Guildhouse counter, a clerk waiting on the scales lets fall that {fact}.	在公会馆的柜台前，一名等候过秤的书记员随口提起：{fact}。	在公会馆的柜台前，一名照看秤台的书记员随口提起：{fact}。
narrative.rumour.frame.007	A tally-clerk, ruling off the year-book, remarks in passing that {fact}.	一名账房书记员在年册上划好格线，顺口说道：{fact}。	一名账房书记员正给年册划线结账，顺口说道：{fact}。
narrative.sea.navigation.seaReconcileRewards.001	Neris offers her service through the Guild's quartermaster.	奈里英石过公会军需官提出受雇。	奈里斯表示愿经公会军需官受雇效力。
narrative.task.engine.and.scenes.completeQuest.001	The Guildmaster enters the deed in your record: {markup1}+{value1}{markup2} experience.	公会会长将功绩记入你的档案：{markup1}+{value1}{markup2}经验。	公会长将这份功绩记入你的档案：{markup1}+{value1}{markup2}经验。
narrative.task.engine.and.scenes.completeQuest.003	Back at the Guildhouse, the Guildmaster opens the strongbox of rewards before you. "Choose what pleases you, adventurer. It is well earned."	回到公会馆，会长在你面前打开装着奖赏的保险箱。「选一件合心意的吧，冒险者。这是你应得的。」	回到公会馆，公会长在你面前打开装着奖赏的钱箱。「选一件合心意的吧，冒险者。这是你应得的。」
narrative.task.engine.and.scenes.completeTask.003	The well was short, and the working was paid in blood: {value1} hit points for the speaking of it.	法力不足，你以鲜血施展了能力，付出{value1}点HP。	法力不足，术法便以鲜血偿付：施展它付出{value1}点HP。
narrative.task.engine.and.scenes.completeTask.005	The terms are the terms, and they are met where they were signed: {value1} hit points for the speaking of it, and the well untouched.	契约依签订时的条款收取代价：施展能力付出{value1}点HP，法力分毫未动。	条款就是条款，在哪里签下，便在哪里兑现：施展它付出{value1}点HP，法力分毫未动。
narrative.task.engine.and.scenes.completeTask.015	{markup1}{value1}{markup2} speaks the old words, and the dead thing falters before the working.	{markup1}{value1}{markup2}念出古老的祷词，死物在法术面前畏缩。	{markup1}{value1}{markup2}念出古老的祷词，死物在术法面前畏缩。
narrative.task.engine.and.scenes.completeTask.024	You have made a thorough study of the {value1}: its habits, its lairs, its weaknesses. {markup1}Mastered{markup2} (+0.5% speed, kept for every chronicle after).	你已彻底研究了{value1}的习性、巢穴和弱点。{markup1}研究精通{markup2}（速度+0.5%，保留至今后每一次冒险）。	你已彻底研究了{value1}的习性、巢穴和弱点。{markup1}研究精通{markup2}（速度+0.5%，此后每部纪事均保留）。
narrative.task.engine.and.scenes.completeTask.038	The {value1} is entered upon your count. Every prestige point available from this chronicle's {value2}s has been paid. Other rewards continue, and a new chronicle starts a fresh allowance.	{value1}已记入你的总数。本次冒险通过{value2}可获得的声望点数已全部发放。其他奖励照常发放，新冒险会重新计算可获得的额度。	{value1}已记入你的计数。本部纪事通过{value2}可获得的声望点数已全部发放。其他奖励照常发放，新纪事会重新计算可获得的额度。
narrative.task.engine.and.scenes.completeTask.039	{markup1}{value1} concluded:{markup2} no prestige point (all {value2} prestige for this chronicle has been paid)	{markup1}{value1}结束：{markup2}未获得声望（本次冒险的全部{value2}声望奖励已发放）	{markup1}{value1}结束：{markup2}未获得声望（本部纪事的全部{value2}声望奖励已发放）
narrative.task.engine.and.scenes.completeTask.040	{"one":"The {value1} is entered upon your count without a prestige point. The next prestige point from {value2}s is paid after {count} more {value4}.","other":"The {value1} is entered upon your count without a prestige point. The next prestige point from {value2}s is paid after {count} more {value4}s."}	{"other":"{value1}已记入你的总数，本次未获得声望点数。再完成{count}次{value4}，即可通过{value2}再获1点声望。"}	{"other":"{value1}已记入你的计数，本次未获得声望点数。再完成{count}次{value4}，即可通过{value2}再获1点声望。"}
narrative.task.engine.and.scenes.completeTask.044	An attendant of the Bathhouse tends you before you take the stair again.	在你再次下行前，浴室的侍役替你料理伤处。	在你再次下行前，澡堂的侍役替你料理伤处。
narrative.task.engine.and.scenes.completeTask.055	The Infirmary works over you and hands you back: the dressings are changed, the pack is restocked, and you walk out upon your own feet with nothing owing.	医务室替你治好伤，换上新绷带，补足行囊。你凭自己的双脚走出门外，无须付费。	医务所将你收治一番，再交还给你：绷带换过，行囊补足，你凭自己的双脚走出门去，分文不欠。
narrative.task.engine.and.scenes.extra.completeTask.003	ten beasts studied to mastery	精通十种野兽的研究	将十种野兽研习至精通
narrative.task.engine.and.scenes.extra.finishAct.014	Arc V, Chapter {value1}: {value2}.	第五篇章，第{value1}章：{value2}。	第V篇章第{value1}章：{value2}。
narrative.task.engine.and.scenes.extra.finishAct.016	Arc IV, Chapter {value1}: {value2}.	第四篇章，第{value1}章：{value2}。	第IV篇章第{value1}章：{value2}。
narrative.task.engine.and.scenes.extra.finishAct.018	Arc III, Chapter {value1}: {value2}.	第三篇章，第{value1}章：{value2}。	第III篇章第{value1}章：{value2}。
narrative.task.engine.and.scenes.extra.finishAct.020	Arc II, Chapter {value1}: {value2}.	第二篇章，第{value1}章：{value2}。	第II篇章第{value1}章：{value2}。
narrative.task.engine.and.scenes.extra.plate.006	THE CURTAIN WALL	城墙	外墙
narrative.task.engine.and.scenes.extra.plate.026	THE UNDERGATE	深层之门	深门
narrative.task.engine.and.scenes.extra.plate.032	THE RIM	边缘	井口
narrative.task.engine.and.scenes.extra.plate.037	THE BOTTOM	世界之底	巨口之底
narrative.task.engine.and.scenes.extra.strongbox.004	Just the exercise, thanks	只要这番锻炼，谢谢	历练就够了，多谢
narrative.task.engine.and.scenes.nextTask.001	Old Snik rises from his throne of stolen bones as you clear the last stair. Upon the wall behind hang row upon row of numbered Guild tags, each nailed in its place, and one nail stands empty.	你走上最后一级台阶，老斯尼克从用偷来的骨头堆成的王座上站起。身后的墙上钉着一排排带编号的公会身份牌，还有一枚钉子空着。	你走上最后一级台阶，老斯尼克从用偷来的骨头堆成的王座上站起。身后的墙上一排排挂着带编号的公会身份牌，每一枚都钉在各自的位置上，唯有一枚钉子空着。
narrative.task.engine.and.scenes.playRoadScene.010	A chest stands against the wall with its lid a finger open, and as your hand goes to it the lid comes down. {markup1}It was never a chest.{markup2}	一个箱子靠墙放着，箱盖留着一指宽的缝。你伸手过去，箱盖猛然合拢。{markup1}这是一只伪装成箱子的怪物。{markup2}	一个箱子靠墙放着，箱盖留着一指宽的缝。你伸手过去，箱盖猛然合拢。{markup1}它从来就不是箱子。{markup2}
narrative.task.engine.and.scenes.playRoadScene.011	{markup1}You find an uncharted cut behind the headland.{markup2} The passage advances the current expedition by a tenth of its required work, stopping at its objective. You enter the bearings upon the working chart.	{markup1}你在岬角后发现了一条未标出的捷径。{markup2}这条航道使当前探险推进所需工作量的十分之一，最多推进至目标完成。你把方位记在手用海图上。	{markup1}你在岬角后发现了一条未标出的捷径。{markup2}这条航道使当前探险推进所需工作量的十分之一，最多推进至目标完成。你把方位记在工作海图上。
narrative.task.engine.and.scenes.playRoadScene.018	There is a stair here that is on no chart, and it goes down to a landing this floor has no more of. You enter it for the survey; what stands between you and the floor below is not distance.	这里有一道地图未载的楼梯，通往本层最后的平台。你将它补入勘测记录；现在阻挡你进入下层的，是尚未击败的守敌。	这里有一道地图未载的楼梯，通往本层最后的平台。你将它补入勘测记录；如今横在你与下一层之间的，已不是路程。
narrative.task.engine.and.scenes.playRoadScene.020	At the bottom of the last pack, under the spare rope and a dead lamp, there is something the party never entered in its own book.	最后一个行囊的底部，备用绳索和熄灭的提灯下面，藏着一件队伍尚未记入账册的东西。	最后一个行囊的底部，备用绳索和熄灭的提灯下面，藏着一件队伍从未记入自家账册的东西。
narrative.task.engine.and.scenes.renderFoe.005	The beast's hit points, as its statblock holds them and as your strokes take them down.{value1}	野兽的生命值，与你的攻击逐次扣除的数值相同。{value1}	野兽的生命值：以其数据卡所载为准，随你的每一击递减。{value1}
notice.expedition	A lost expedition, found upon the road.	你在路上找到了失踪的远征队。	途中寻获一支失踪的远征队。
patch.boot.fix	The Left Boot of the First Surveyor now applies its heavy-going speed bonus whether the Footing check succeeds or fails, including journeys with a second event. The travel log reports the bonus correctly.	第一位勘测员的左靴现在会在艰难路段提供速度加成，无论立足检定成功与否，旅途中有第二个事件时也同样生效。旅行日志现已正确显示该加成。	首位勘测员的左靴现在会在艰难路段提供速度加成，无论行路本领检定成功与否，旅途中有第二个事件时也同样生效。旅行日志现已正确显示该加成。
patch.foe.hp.text	Fixed enemies showing starting HP above their maximum when the opening round dealt excess damage.		修复首轮造成溢出伤害时，敌人初始HP显示高于上限的问题。
patch.gold.labels.text	Clarified that completion gold is total earnings by completion and gold earned while away is before spending.		明确说明：通关金币为截至通关时的累计收入，离线所得金币为扣除花费前的数额。
patch.gold.labels.title	Gold totals		金币统计
patch.panel.spacing.text	Fixed panel headings overlapping progress bars after rearranging panels.		修复重新排列面板后面板标题与进度条重叠的问题。
patch.pause.repaint.text	Kept Steam window rendering active while paused to prevent mouse movement from becoming choppy.		暂停时保持Steam窗口持续渲染，避免鼠标移动卡顿。
patch.rest.text	Mending can now prevent early camps, empty camp supplies only send you to town below 50% HP, and rest tooltips explain the thresholds.	治疗现在有机会避免提前扎营；扎营补给耗尽后，仅在生命值低于50%时返回城镇，休息提示也已说明各项阈值。	疗伤现在有机会避免提前扎营；扎营补给耗尽后，仅在生命值低于50%时返回城镇，休息提示也已说明各项阈值。
patch.save.resize.text	Disabled manual resizing of the save-code field to keep it within the dialog.		禁止手动调整存档码输入框的大小，使其始终位于对话框内。
patch.save.resize.title	Save window		存档窗口
patch.sea.skills.saves	Active Sea saves receive the difference for completed chapters, recorded current chapter work and completed expeditions. Retired chronicles keep their existing records.	进行中的海上存档会根据已完成的章节、当前章节已记录的工作和已完成的远征补发差额。已退休冒险者的编年史保留原有记录。	进行中的海上存档会根据已完成的章节、当前章节已记录的工作和已完成的远征补发差额。已退休的纪事保留原有记录。
patch.statistics.mimics.count	Statistics now show chest rewards recovered from slain mimics and the current chance. Older saves count from this update.	统计现在显示从被击杀的宝箱怪身上获得的宝箱奖励及当前概率。旧存档从本次更新开始统计。	统计现在显示从被击杀的拟形怪身上获得的宝箱奖励及当前概率。旧存档从本次更新开始统计。
patch.statistics.mimics.title	Mimic statistics	宝箱怪统计	拟形怪统计
patch.vale.pension.fix	Vale retirement now pays prestige after completing Chapter I. The prologue's former 20 points move to that chapter, closing the rapid retirement loop with Old maps. Rewards from Chapter I completion onward stay the same.	山谷冒险现在需要完成第一章后，退役才能获得声望。序章原有的20点奖励移至第一章，修复了利用旧地图反复快速退役获取声望的问题。完成第一章及之后的奖励保持不变。	哀恸谷的冒险现在需要完成第一章后，退休才能获得声望。序章原有的20点奖励移至第一章，修复了利用旧地图反复快速退休获取声望的问题。完成第一章及之后的奖励保持不变。
patch.vale.pension.saves	Existing characters in Chapter I must finish it to receive retirement prestige. Prestige already earned and purchased upgrades stay intact.	目前处于第一章的角色必须完成该章，退役才能获得声望。已获得的声望和已购买的升级均会保留。	目前处于第一章的角色必须完成该章，退休才能获得声望。已获得的声望和已购买的升级均会保留。
patch.vale.pension.title	Vale prestige	山谷声望	哀恸谷声望
prepositional.0036e1a13985e34f.dative	a tooth of the observatory rings	天文台巨环上的一枚齿	观测所巨环上的一枚齿
prepositional.0036e1a13985e34f.instrumental	a tooth of the observatory rings	天文台巨环上的一枚齿	观测所巨环上的一枚齿
prepositional.0036e1a13985e34f.locative	a tooth of the observatory rings	天文台巨环上的一枚齿	观测所巨环上的一枚齿
prepositional.346949a03c5f20c6.dative	a page of your own chronicle, in another hand	一页由他人手写的你的纪事	你的纪事中的一页，出自他人之手
prepositional.346949a03c5f20c6.instrumental	a page of your own chronicle, in another hand	一页由他人手写的你的纪事	你的纪事中的一页，出自他人之手
prepositional.346949a03c5f20c6.locative	a page of your own chronicle, in another hand	一页由他人手写的你的纪事	你的纪事中的一页，出自他人之手
prepositional.381b1fb4c2e6aa3b.dative	the Barrow-Reeve's spare seal	丘冢执事的备用印章	墓冢领主的备用印章
prepositional.381b1fb4c2e6aa3b.instrumental	the Barrow-Reeve's spare seal	丘冢执事的备用印章	墓冢领主的备用印章
prepositional.381b1fb4c2e6aa3b.locative	the Barrow-Reeve's spare seal	丘冢执事的备用印章	墓冢领主的备用印章
prepositional.489cc87e492c3cbe.pluralDative	werebears	熊人	熊化人
prepositional.5124f49b5adeeb49.pluralDative	wererats	鼠人	鼠化人
prepositional.52bd28c720acc1ba.dative	a warden's grave-mask	守墓者的葬面	守封者的葬面
prepositional.52bd28c720acc1ba.instrumental	a warden's grave-mask	守墓者的葬面	守封者的葬面
prepositional.52bd28c720acc1ba.locative	a warden's grave-mask	守墓者的葬面	守封者的葬面
prepositional.57d5758bff632903.dative	a portrait-miniature of a lady long dead	一幅早已死去的贵妇肖像小画	一幅故去已久的贵妇的微型肖像
prepositional.57d5758bff632903.instrumental	a portrait-miniature of a lady long dead	一幅早已死去的贵妇肖像小画	一幅故去已久的贵妇的微型肖像
prepositional.57d5758bff632903.locative	a portrait-miniature of a lady long dead	一幅早已死去的贵妇肖像小画	一幅故去已久的贵妇的微型肖像
prepositional.5b46c6d26e40cf94.pluralDative	anchorites	锚系苦修者	隐修者
prepositional.6416121d5a6f5667.dative	The Undergate	深层之门	深门
prepositional.6416121d5a6f5667.instrumental	The Undergate	深层之门	深门
prepositional.6416121d5a6f5667.locative	The Undergate	深层之门	深门
prepositional.658284e4e3e56103.dative	a waxling's errand-list	蜡人的差事清单	一份蜡造怪的差事清单
prepositional.658284e4e3e56103.instrumental	a waxling's errand-list	蜡人的差事清单	一份蜡造怪的差事清单
prepositional.658284e4e3e56103.locative	a waxling's errand-list	蜡人的差事清单	一份蜡造怪的差事清单
prepositional.89d49b03aa6f74f3.dative	navigator of the lost cutter	失踪快艇的领航员	失踪快帆船的领航员
prepositional.89d49b03aa6f74f3.instrumental	navigator of the lost cutter	失踪快艇的领航员	失踪快帆船的领航员
prepositional.89d49b03aa6f74f3.locative	navigator of the lost cutter	失踪快艇的领航员	失踪快帆船的领航员
prepositional.902851966b40f597.dative	a vial of quieted spittle	一瓶止声的涎液	一小瓶噤了声的涎液
prepositional.902851966b40f597.instrumental	a vial of quieted spittle	一瓶止声的涎液	一小瓶噤了声的涎液
prepositional.902851966b40f597.locative	a vial of quieted spittle	一瓶止声的涎液	一小瓶噤了声的涎液
prepositional.9347b49dcd132538.dative	a mason's chalked line	沾粉笔的墨斗线	石匠的弹粉线
prepositional.9347b49dcd132538.instrumental	a mason's chalked line	沾粉笔的墨斗线	石匠的弹粉线
prepositional.9347b49dcd132538.locative	a mason's chalked line	沾粉笔的墨斗线	石匠的弹粉线
prepositional.962ff1d9e5c6b5b8.dative	the False Guildmaster's pen	冒牌公会会长的笔	假公会长的笔
prepositional.962ff1d9e5c6b5b8.instrumental	the False Guildmaster's pen	冒牌公会会长的笔	假公会长的笔
prepositional.962ff1d9e5c6b5b8.locative	the False Guildmaster's pen	冒牌公会会长的笔	假公会长的笔
prepositional.a8cbc10dff7168d8.pluralDative	spirit nagas	幽魂娜迦	幽魂纳迦
prepositional.ab8ea3c9ce8e13d9.dative	The Bottom	世界之底	巨口之底
prepositional.ab8ea3c9ce8e13d9.instrumental	The Bottom	世界之底	巨口之底
prepositional.ab8ea3c9ce8e13d9.locative	The Bottom	世界之底	巨口之底
prepositional.be51537fcd077597.dative	a reef merrow's coral barb	礁海巨人的珊瑚倒钩	礁石海渊鱼人的珊瑚倒钩
prepositional.be51537fcd077597.instrumental	a reef merrow's coral barb	礁海巨人的珊瑚倒钩	礁石海渊鱼人的珊瑚倒钩
prepositional.be51537fcd077597.locative	a reef merrow's coral barb	礁海巨人的珊瑚倒钩	礁石海渊鱼人的珊瑚倒钩
prepositional.c28d09b62753b66c.pluralDative	reef merrows	礁海巨人	礁石海渊鱼人
prepositional.cf25ebeae7b32903.dative	a season's docket from the court of the Lich	巫妖法庭一季的案目	巫妖宫廷一季的议程表
prepositional.cf25ebeae7b32903.instrumental	a season's docket from the court of the Lich	巫妖法庭一季的案目	巫妖宫廷一季的议程表
prepositional.cf25ebeae7b32903.locative	a season's docket from the court of the Lich	巫妖法庭一季的案目	巫妖宫廷一季的议程表
prepositional.d6041039acc59508.dative	boulder-callused thumb	磨出厚茧的拇指	搬石磨茧的拇指
prepositional.d6041039acc59508.instrumental	boulder-callused thumb	磨出厚茧的拇指	搬石磨茧的拇指
prepositional.d6041039acc59508.locative	boulder-callused thumb	磨出厚茧的拇指	搬石磨茧的拇指
prepositional.e841f4aa65961255.dative	vein of grown stone	长出的石脉	一道增生的石脉
prepositional.e841f4aa65961255.instrumental	vein of grown stone	长出的石脉	一道增生的石脉
prepositional.e841f4aa65961255.locative	vein of grown stone	长出的石脉	一道增生的石脉
prepositional.f98bd2ae100ac100.dative	the Copyist-General's ribbon	总誊写官的缎带	总抄写官的缎带
prepositional.f98bd2ae100ac100.instrumental	the Copyist-General's ribbon	总誊写官的缎带	总抄写官的缎带
prepositional.f98bd2ae100ac100.locative	the Copyist-General's ribbon	总誊写官的缎带	总抄写官的缎带
rest.camp.details	{dreams}Levelling up refills camp supplies. The Quartermaster's Cots upgrade raises the cap to {max}.	{dreams}升级会补满扎营补给。军需官的行军床升级可将上限提高至{max}。	{dreams}升级会补满扎营补给。军需官铺位升级可将上限提高至{max}。
rest.mending.heal	At or below {threshold}% HP after damage: may restore {heal}% of max HP before resting.	受伤后生命值不高于{threshold}%时：可在休息前恢复最大生命值的{heal}%。	受伤后生命值不高于{threshold}%时：有几率在休息前恢复最大生命值的{heal}%。
rest.mending.note	Mending can shorten a new debuff by 25%. After damage, at or below {threshold}% HP, it may restore 5% of max HP before resting. On a boss kill, it may grant +10% speed for 60 seconds.	治疗可使新受到的减益效果持续时间缩短25%。受伤后生命值不高于{threshold}%时，可在休息前恢复最大生命值的5%。击杀首领时，可使速度提高10%，持续60秒。	疗伤可使新受到的减益效果持续时间缩短25%。受伤后生命值不高于{threshold}%时，有几率在休息前恢复最大生命值的5%。击杀首领时，有几率使速度提高10%，持续60秒。
retirement.vale.opening.plain	Complete Chapter I to receive retirement prestige.	完成第一章，退役时即可获得声望。	完成第一章，退休时即可获得声望。
retirement.vale.opening.world	The Guild grants retirement prestige once you complete Chapter I.	完成第一章后，公会才会在你退役时授予声望。	完成第一章后，公会才会在你退休时授予声望。
statistics.mimicChests.help	Chest rewards recovered from mimics encountered during travel in this chronicle. Current chance to recover a chest after defeating such a mimic: {chance}%.{history}	本次编年史中从旅行时遇到的宝箱怪身上获得的宝箱奖励。击败此类宝箱怪后获得宝箱的当前概率：{chance}%。{history}	本纪事中，旅途所遇拟形怪留下的宝箱奖励。击败此类拟形怪后获得宝箱的当前概率：{chance}%。{history}
statistics.mimicChests.label	Chests recovered from mimics	从宝箱怪身上获得的宝箱	从拟形怪身上获得的宝箱
statistics.mimicChests.partial	 * Counted since this chronicle first loaded the update; earlier rewards were not recorded.	 * 从更新后首次载入本次编年史时开始统计；此前的奖励未被记录。	 * 自本纪事首次载入本次更新时起统计；此前的奖励未被记录。
task.coldCamp	Making camp on a cold landing	在寒冷的阶台上扎营	在冰冷的平台上扎营
tree.progress.breakpoint	An improvement is reachable within {points} points in this column, including this rank.	在此列投入{points}点可获得提升，包含本级。	在此列再投入至多{points}点（含本级）即可获得提升。
ui.armourydlg.which-shelves-stand-open.data-help	The book is filed by slot: armour, main hand, off hand and the one worn thing. Untick a slot and the whole shelf folds away, its artefacts with it. The choice is kept on this machine and not in the chronicle, so it follows the desk and not the adventurer.	簿册按部位分类：护甲、主手、副手及饰品。取消勾选某个部位后，该类装备连同神器一并隐藏。设置保存在本机，不随冒险者的纪事迁移。	簿册按部位分档：护甲、主手、副手，以及那件佩戴之物。取消勾选某个部位，整格架子便连同其中的神器一并收起。此项设置存于本机，而非记在纪事里——它跟着这张书桌走，不跟着冒险者走。
ui.caldlg.the-guild-calendar	The Guild Calendar	公会历法	公会日历
ui.creator.abilities.data-help	The six abilities, rolled at 3d6 in the old manner. STR swings the sword and bears the pack, and the lettered trades strike from the stat of their schooling instead. DEX stands in your guard. CON keeps you standing. INT deepens the well your spells draw upon. WIS makes them fire oftener. CHA works the counter. Each lends its modifier to checks upon the road.	六项属性按旧规各掷3d6决定。力量决定挥剑威力和背包容量，施法职业改用各自所学对应的属性攻击。敏捷有助于防御，体质让你撑得更久。智力增加法力上限，感知使能力更常触发，魅力有助于交易。每项属性的调整值也会用于旅途中的相应检定。	六项属性按旧规各掷3d6决定。力量决定挥剑威力和背包容量，施法职业则改用各自所学对应的属性攻击。敏捷有助于防御，体质让你撑得更久。智力增加法术所倚仗的法力上限，感知使法术更常触发，魅力有助于柜台交易。每项属性的调整值也会用于旅途中的相应检定。
ui.creator.close.data-help	Closes the window. The chronicle is saved as it goes, and the descent takes up again where it left off when you next open the game.	关闭窗口。纪事会自动保存，下次打开游戏时，你将从上次停下的地方继续深入。	关闭窗口。纪事随时自动保存，下次打开游戏时，下行将从上次中断处接续。
ui.creator.module.data-help	Choose the adventure for this chronicle. Prestige, achievements, the bestiary and the trophy case carry across modules. Module II requires a completed Maw. Module III requires a completed Maw and 200 recorded hours of adventuring, or any ending of Module II.	为这份纪事选择冒险。声望、成就、怪物图鉴和战利品陈列柜由所有模组共享。模组II需要通关巨口。模组III需要通关巨口并累计200小时有记录的冒险时间，或达成模组II的任一结局。	为这部纪事选择冒险。声望、成就、怪物图鉴和战利品陈列柜由所有模组共享。模组II需要通关巨口。模组III需要通关巨口并累计200小时有记录的冒险时间，或达成模组II的任一结局。
ui.creator.randombtn.data-help	The clerk fills the sheet himself: a folk, a trade, an origin and a roll of the dice, and the descent begins at once. The dice are the same dice the Roll button throws, so nothing is gained by it but the time.	文书替你填好登记表：选定种族、职业与出身，再掷一次骰子，随后立刻开始深入。所用骰子与掷骰按钮相同，只替你省下操作时间。	文书替你填好登记表：选定种族、职业与出身，再掷一次骰子，下行随即开始。所用骰子与掷骰按钮相同，只替你省下操作时间。
ui.creator.soldbtn.data-help	Sign, and the adventure conducts itself from this moment. Yours is the chronicle.	签字之后，冒险便会自行推进。这份纪事属于你。	签字之后，冒险便会自行推进。这部纪事属于你。
ui.creator.soldbtn.sign-the-ledger	Sign the Ledger	在名册上签字	在登记簿上签字
ui.creator.the-adventure-conducts-itself-from-the-moment-you-sign-yours	The adventure conducts itself from the moment you sign; yours is the chronicle. Roll until the dice favour you, then take the ? above for a note on any part of the sheet.	签字之后，冒险便会自行推进，这份纪事属于你。你可以掷到满意为止；点击上方的?可查看登记表各处的说明。	签字之后，冒险便会自行推进，这部纪事属于你。你可以掷到满意为止；点击上方的?可查看登记表各处的说明。
ui.creator.the-minstrel.data-helptitle	The minstrel	吟游乐师	乐师
ui.creator.the-roll-of-honour.data-help	What the Roll grants this chronicle before it begins: the points you have not spent, the title your lifetime tally has earned, and every upgrade standing to your name. All of it is bought at the Prestige window below and all of it holds for every chronicle after.	这份纪事开始前，荣誉名册便会带来这些积累：未花费的点数、终生功绩赢得的头衔，以及名下所有已购买的升级。升级均在下方的声望窗口购买，对往后的每份纪事持续生效。	纪事开始之前，荣誉名册先授予它这些：尚未花费的点数、终生功绩挣得的头衔，以及记在你名下的每项升级。这一切均在下方的声望窗口购得，并对此后的每部纪事持续生效。
ui.game.armourybtn.data-help	The quartermaster's book: every pattern the deep gives up, what you have taken of each, and the Guild's register of the best version of each beside it. The register is kept for every chronicle after, the kit goal and the auto-equip box stand there, and so does the Guild forge.	军需官的簿册记录地下发现的各类装备、你找到过的件数，以及公会登记的最佳版本。记录会传给此后的每份纪事；装备目标、自动装备开关和公会锻炉也设在这里。	军需官的簿册记录地下发现的各类装备、你找到过的件数，以及公会登记的最佳版本。记录会传给此后的每部纪事；装备目标、自动装备开关和公会锻炉也设在这里。
ui.game.close.data-help	Closes the window. The chronicle is saved as it goes, and the descent takes up again where it left off when you next open the game.	关闭窗口。纪事会自动保存，下次打开游戏时，你将从上次停下的地方继续深入。	关闭窗口。纪事随时自动保存，下次打开游戏时，下行将从上次中断处接续。
ui.game.experience.data-help	The measure of your deeds in the deep. When the bar fills you attain the next rank, and the Guild grants a stat and a working: a spell for the lettered trades, a knack for the martial.	记录你在地下立下的功绩。进度条填满后，你便升一级，公会授予属性提升和一项能力：施法职业获得法术，武技职业获得战技。	记录你在地下立下的功绩。进度条填满后，你便升一级，公会授予属性提升和一道术法：施法职业获得法术，武技职业获得技艺。
ui.game.m-story.data-help	Every scripted moment of the road you have met, in the order you met it, with the answer you gave written beside it. Choices the Guild settled for you say so. Each stands under the floor it happened on, and one still waiting is answered from its own place in the book. No moment of the story is ever taken by a crowded satchel.	你遇到的每一幕剧情都按发生顺序记在这里，旁边写着当时的回答。由公会代答的选择会注明。每一幕归在发生时的楼层下，尚未答复的信件可在书中原处回答。信囊再满，也不会挤掉剧情。	你遇到的每一幕剧情都按发生顺序记在这里，旁边写着当时的回答。由公会代答的选择会注明。每一幕归在发生时所在的层下，尚未答复的信件可在书中原处回答。信囊再满，也不会挤掉剧情。
ui.game.m-story.data-helptitle	Story: the Road in Your Own Hand	剧情：你亲历的旅途	剧情：亲笔写下的旅途
ui.game.notice.aria-label	The height of the Noticeboard list	告示板列表高度	布告板列表高度
ui.game.noticeclear.data-help	Rules every notice off the book, read and unread alike. The deeds themselves stand upon the Roll as they stood.	从通知簿中划去全部通知，包括已读和未读。荣誉名册中记下的功绩仍会保留。	从通知簿中划去全部通知，包括已读和未读。名册上记下的功绩一如原样。
ui.game.plot.data-help	The chapters of the descent, floor by floor: Arc I runs from the rim of the Maw to the Wyrm's Vault, Arc II from the Undergate to the shard-field, and past both the Court of the Lich sits a season at a time. Floors below your reach stay locked until the way is won. The whole of one adventurer's run is a chronicle: it closes at retirement, and prestige, achievements, the trophy case and the Guildhouse works carry to every chronicle after. Click the name to fold the panel away.	逐层记录深入地下的篇章。第一篇从巨口边缘通向巨龙宝窟，第二篇从深层之门通向碎碑原；再往深处，巫妖宫廷按庭议季次延续。尚未抵达的楼层须先打通道路。一个冒险者的全部历程构成一份纪事，以退休结束；声望、成就、战利品陈列柜和公会馆设施会传给后来的纪事。点击名称可折叠面板。	逐层记录下行的篇章。第I篇章从巨口井口通向巨龙宝窟，第II篇章从深门通向碎碑原；再往深处，巫妖宫廷按庭议季次延续。尚未抵达的层须先打通道路。一个冒险者的全部历程构成一部纪事，以退休结束；声望、成就、战利品陈列柜和公会馆设施会传给后来的纪事。点击名称可折叠面板。
ui.game.quest.data-help	Progress upon the noticeboard's newest posting. A completed quest earns a reward from the Guildmaster's strongbox, and a new posting follows.	告示板最新任务的完成进度。任务完成后，公会长从钱箱中发放奖励，随后贴出新的委托。	布告板最新任务的完成进度。任务完成后，公会长从钱箱中发放奖励，随后贴出新的委托。
ui.game.spells.aria-label	The height of the spell and knack list	法术与战技列表高度	法术与技艺列表高度
ui.game.the-guild-after-hours	The Guild, After Hours	公会下班后	公会打烊之后
ui.handsdlg.auto-choose-hirelings.data-help	Ticked, the Guild chooses which hands go down with you, as it always has. Untick it and the house sends the faces you have asked for, in the order you asked for them, skipping any whose trade is already at your side. Only a face your book already holds may be asked for.	勾选后，公会照常挑选与你一同下行的帮手。取消勾选后，公会按你指定的先后顺序派出帮手，并跳过与你现有帮手工种重复的帮手。只能指定名册中已有的帮手。	勾选后，公会照旧挑选与你一同下行的帮手。取消勾选后，公会按你指定的先后顺序派人，并跳过与你身边帮手职业重复者。只能指定名册中已有的帮手。
ui.plaindlg.nothing-else-moves-the-log-the-lore-the-beasts-and-every-nam	Nothing else moves. The log, the lore, the beasts and every name keep the words they have always had.	日志、背景故事、怪物和名称仍保留原有用词。	其余一概不动。日志、背景故事、怪物和名称仍保留原有用词。
ui.setupdlg.automatic.data-help	The Guild fits your kit, spends your skill points, signs your charter, makes your rank choices, picks your hirelings and puts a pet at your heel. The game plays itself and you watch. This is what Lowmoor is for.	公会会替你换装、分配技能点、签署宪章、处理升级选择、挑选帮手和宠物。冒险自行推进，你只需观看。这正是Lowmoor的玩法。	公会会替你换装、分配技能点、签署宪章、处理升级选择、挑选帮手，再给你脚边安排一只宠物。游戏自行进行，你只管观看。Lowmoor本就为此而做。
ui.setupdlg.setup-card1.before-the-pen-is-dipped-the-clerk-asks-three-questions-answ	Before the pen is dipped, the clerk asks three questions. Answer as you please. None of the answers is binding, and every one of them can be changed later, in Options.	蘸墨之前，文书先问三个问题。按你的心意回答即可，以后随时可以在选项中修改。	蘸墨之前，文书先问三个问题。按你的心意回答即可。所答皆无约束，日后均可在选项中更改。
ui.setupdlg.setup-card1.once-your-name-is-signed-the-adventure-conducts-itself-the-r	Once your name is signed the adventure conducts itself: the road is walked, the beasts are met and the floors are descended, whether you watch every hour of it or none. Yours is the chronicle.	签下姓名后，冒险便会自行推进：赶路、遭遇怪物、向更深的楼层前进，无论你是否一直守候。这一切都会记在你的纪事中。	签下姓名后，冒险便自行进行：路自有人走，怪物自有人遇，层自会一层层下行，你每个时辰都守着也好，一眼不看也罢。纪事归你。
ui.setupdlg.setup-card1.welcome-to-mereward-adventurer-last-town-above-the-maw-the-g	Welcome to Mereward, adventurer, last town above the Maw. The Guild keeps the ledger and the stair; what lies below keeps the rest.	欢迎来到梅尔沃德，冒险者。这是巨口上方最后的城镇。公会保管名册与阶梯，阶梯以下便是地下生灵的地盘。	欢迎来到梅尔沃德，冒险者。此乃巨口之上最后一座城镇。公会掌管账簿与阶梯；其余种种，归下面的东西掌管。
ui.storydlg.story-the-road-in-your-own-hand	Story: the Road in Your Own Hand	剧情：你亲历的旅途	剧情：亲笔写下的旅途
ui.trophydlg.achievements-each-earned-1-speed-kept-for-every-chronicle-af	Achievements. Each earned: +1% speed, kept for every chronicle after	成就。每项已获得的成就增加1%速度，并保留至此后的每份纪事。	成就。每项已获得的成就增加1%速度，并保留至此后的每部纪事。
ui.worddlg.the-counter-after-hours	The Counter, After Hours	柜台下班后	柜台，打烊之后
